MOF_id,MOF_Formula,Total_C
LAHYOL,BaH12(C5O)4,200
XEXLUJ,ZnH8C19(NO3)2,76
FARYEE,NdRe4Te4(CN)12,48
ROLCEC15,CuH3(CO2)3,18
QOMSES,Cu3H16(C12N13)2,48
PIZPIX_clean_h,ErH3(CO)6,24
ARADEE,Cd3H10C24(NO4)3,96
YEBKUM,Yb(CO2)4,64
RUGXUO,Zn4H15C39O23,312
GITVAH01,Zn2H16C22N13(Cl2O3)2,264
CAPLOX,NdH10C12(N2O3)2,24
EJEGUW,U8Cd3P4H8(CO4)8,96
TASWOB,TbC22(Cl2O)6,176
cm503311x_alf150K,AlC8O4F,32
FUVDEH13,ZnH16C22(NO2)2,176
YOMNIZ,NaRuN18,0
YEFNIG,CdC4,32
CAXWIJ,FeHC4O3,24
VALXEO,Mn3H9C24N3O13,192
REZVAU,CoH12C15SN3O4,60
NIKYOW,FeH2(CO2)2,24
CAWDOU01_charged,CuH18C24N8(ClO5)3,96
GAPDEH,K2CdH6C16(NO6)2,64
ZOHBUV,ErH5C9NO6,36
DEPSEW,GaPO4,0
HULTEN,Zn3P4(HO2)8,0
WASMUB,FeH32C44S4N7,176
ENANIS,CuH12C18(N3O2)2,72
COQJID,Mn3H90RhC85I2N13O15,170
cg501730q_si_002,Cu2H14C22I(NO)4,132
OVICUS,ZnH6C12S2(NO2)2,48
QUYRAF,Co14H168(C71O30)3,1278
YAGJOI,Mn3H24C38(N3O2)4,38
LAPNIC,InH20C24(NO2)4,384
SURDOA,CoH12C17N3O4,136
WABVIF02,Cu(CO3)2,8
GARTIF,DyH7C13(NO3)2,26
NUCYER,GdH13C17O8,68
IQUNAJ01,KY(CO2)4,8
DEJJIN,Zn7H12C40(N4O19)2,80
GEDROY,NdH8C16NO6,64
JUZSEE,Zn2H20C15N14O,60
LIQGAU,Ag16C8OF2,32
RAXQEO,CuH32(C5N3)4,80
CUNFOH,Cu2H5C4IN3,32
QUSQIG,ZnH44Ir2C68(NO)8,544
NAWKII,MgH6(C3O)4,144
KUKHAB,ZnH17C26(NO3)2,208
LEWTUD,Co2H7C10NO7,40
BUGSAY,DyPH11C7NO5,28
NATXUC,Ag20H17C48N11O19F25,192
OKIVIO01_charged,CdH36C48N12(ClO4)2,192
OTOYUT,CoH22C27(NO2)2,108
GULWEQ,Cd2H12(C6N5)3,864
FUNCEX,ZnH12C23BrN3O4,46
ELAZEX,Cd5H30C52S2(N2O11)2,104
UMOBEF01,CuH13C21O5,378
XOFGEG,Gd3H20C44(NO10)2,1056
BIZMAA,DyH32C40(NO)8,240
KOTSIX,Zn3H30C53(NO4)4,106
UTOCAJ,Li5H20C20(N4O)4,80
CODDAA,KVPH3CO5,6
KEGZOL01,ZnCu(CN)4,16
FURRUG_ion_b,AgH8C14N2O3F5,252
POLBAT,Ga3P3HO13,0
LEZJUW,Cu5H47C49(NO4)5,294
JOGBIR,Cu8H60C33(Br4N3)2,33
DITTEH,Zn4H14C30O13,120
QODHUO05,AgH12(C3N)6,288
UMOYOM10,CuH10(C5O)5,450
EDABOC,PrH12C12NO6,24
ALIXOJ,Ni2H10C17O9,68
AHINIP,ZnH26C28(N3O2)2,112
PESTUD,NiH9C9(NO2)2,36
BARZOL_charged,AgBH20C20(N3F)4,320
HUZFOY_charged,CdH54C78N12(ClO4)2,78
LAGQOB,GdH6(C2O)6,24
IKAYAU,EuH14C24(NO3)2,192
WEDQED,Co2H18C22N2O7,88
EWUFAF,CaCu6Hg6H39C34S6N6(Cl3O7)3,68
PIWDAC,Dy4Cu15H44C66N14(Cl4O11)2,66
SIRBIG06,MgH3(CO2)3,18
c5cc01886b_c5cc01886b2,Zn3P3H16C18N5O11,36
VUNHAO,Fe3(C2N3)8,64
RULXOM,FeH8C16(NO2)2,192
JUTCUW_SL,Cd(CN)2,4
VUWRUC,NdH9(C3O)6,144
QIYQAR,LaH5(CO)6,48
VIFBUJ,Tm4H5(C5O4)6,60
AVALEO,GdH40C22(N2O5)2,88
DUJRAD,BaCuH4C12(SO4)2,48
ja507269n_si_002,Fe9H72C144N12(Cl3O13)2,144
FOPFAS,CuH12(C5O)4,1920
DUWRIY,MgPH2(CO4)2,8
JOWFOQ,Cu2H5C4N6O,16
OBOGUK,Zn3H10C23O13,46
cm500700z_si_003,InH10C18(NO4)2,432
LOFVIN,Ni2H21C34(N3O4)2,272
ROQNES02,KCrN18,0
MIMFOF,Al4P5HO20,0
VAZTUM,Zn4H12C24O13,192
XUYXAR,ZnH7C13NO4,104
FAVKET,Fe3C18O13,72
WUYWUK,Co3H60(C11O3)8,88
EDUSIF,Zn4H12C24O13,48
RIPTAM,Ca3Tb2H18C42(NO4)6,84
WALBOC01,ZnH3C3(N2O)2,48
GIMVAA,Zn2H6(C2N3)3,24
ESUSOC02,Co3H8C14(NO)6,28
JEMBUZ,Mn2MoH16(C5N3)4,80
PUBROU,CuH5(C9O4)2,324
QIVZEC,ZnH18C20(NO)4,160
GUKCIA,Cu2H22C39O8,351
UMEJUT,Zn2H12C11N15O4,44
EYOCUS,Tb2H37C43(N2O9)2,344
PIDMEV,Zn3H24C42(NO6)2,84
XAGCIS01,CoH3C4O5,192
PUPYAA,Fe3P3(O6F)2,0
IKUTUF,Dy2H9C27(NO4)3,216
CIWYUD,Co3H6C14(NO5)2,28
ja076167asi20070815_063752,Zn3B25H26C10O11,80
CUTFII,Zn3H38C46(N7O2)2,92
GIYSUD,Cd3H26C28(NO6)2,28
JITQEI,CuH16(C6N)4,216
JOKYIR,CdNiC7N6,56
FASQUN,Zn4H24C51(O7F9)2,102
POZHUI_ion_b,MgIn2H16C20(N4O11)2,480
DEFRIR,GdH4C8NO7,64
EBIMOT_charged,Mg3H30C39N2O17,156
AYUJIP,Mn6H39C31(NO8)2,558
UKIQIP,Mn3H14(C5O2)6,90
MOYNIY,CdH20C21O4,168
TIDLID,CdH8C6N6Cl,24
TACPET,ZnH6(C3O4)2,48
TAGBUZ,AgH15C30(NO)3,60
TONQOD,ZnH9C17O4,68
JOLYEQ,ZrP6C48(NO3)6,432
VURNED,ZnH16C14NO4,56
ZOTKAW,ErH28C44(NO)8,176
BELTOD,Mn3P2H23(C3O)14,336
ERELIX,ZnH52AuC38Br2N7,76
NETFAU,Eu2H11WC20N12O5,80
KOSKIO01,CoHC4O3,24
MITTAL_charged,Cd2H33C30NO12,120
BUKRUW03,Zn7H12C21(N3O2)4,84
ULUPUM01,CoH4C4O5,16
HOHJAR,Fe2H16C24N4O9,48
TEWFOS,CuH18C30(NO2)4,240
BUGSOM,TbPH11C7NO5,28
ITIWIS_charged,CdH36C48N12ClO4,192
WANBIY,K6Na3Pr4P5H12W30C28(N2O61)2,112
DUBKAO,NiH10C17N3O4,136
DUXKUD,UH30C18(NO2)4,36
EVURAP,CeH8C15NO7,30
YAGHUM,CuH3(C3O2)3,162
FARYAA,KNdRe4Te4(CN)12,48
TAYNEN,CdH19C21(NO3)2,84
YIZGEV,Al3Si2PO12,0
LEWVAL,Co2H7C10NO7,40
WAVQOB,Pr2In3H45C81O22,324
XEXLIX,ZnH8C19(NO3)2,76
GESDUF,CoH24C32O9,64
LUSZIJ01,Cu2H3C8SO8,32
XIPTIA,DyH3C8NO6,32
WIVRAW02,Fe3H13Pd3C19(SN3)4,38
HAJLEK,FeH28C22(SN5)2,66
HABCOF,NaDyZnH10C26(NO4)2,208
PURSEC,Mn3H62(C33O10)2,2376
DALVEU,Dy2H11C31(NO3)4,248
TOVHIX,Fe3Co3H50(C24O7)2,576
TURFAP,CoH19C23(NO)3,92
QAMVEH01,CeH15(C9O2)3,162
PUGSUH,Zn4H17(C12O5)3,144
MAGVOG14,AgH8(CN)2,32
HUNFIH,V6Ni3H56C52(N2O3)4,104
COQJUP,Mn3H74RhC89(N6O7)2,178
KIVFAY,KCe3H10(C6O5)5,60
IFESAP,Tb3H48C78(O2F3)8,624
ABESUX,U5(PO4)4,0
ELILER,ErH7C15O7,30
cg501231v_si_001,AgH24(C3N)4,408
DOGMET,GdCuP4H23C12N4ClO12,48
IPIFAP,Ag3H24(C3N2)4,24
NIHBAI01,FeH2(CO2)2,24
APEBUU,Cd3B2H27C33(N8O3)2,264
LUXDUE,Zn7H6C30(NO2)12,240
DAWCIP,Zn4H26C44O13,352
BEKZEX01,Cs2Cr2Ag9(C6O13)2,48
MALROJ,CoH3C7O3,42
IFUPAC,EuH8C15O7F,60
MOXNUK,Co2H31(C11O5)2,88
MIJHOD,Mg3H4(C5O4)4,80
GALFAB,CoH20C31S6(N2O)3,124
XIQZIH,CuH16(C5N)4,80
ESUSAO01,Co3H8C14(NO)6,28
XUDNAN,Tb2H36(C17O4)3,102
FIJDOS,ZnHC4O3,24
HEGNAJ,CrGa2CoP4H26C8(N3O8)2,72
CIGFEF,Nd2H6C18(SO4)3,36
FEFZOF,CoHgC4(SN)4,16
RIPPEN,ZnH10(C7N2)2,252
YUNKAV,CaH20(C17O4)2,34
JUPBUT,PrC15NO6,30
ZAVMIU,Mn2Ru3(CO3)6,24
ZELROZ_manual,Zn4H24C42O19,42
YEYFEP,Ho2H14C21NO8,84
TAGVAB,MgH4(C2O)4,144
XANZAQ03,CuH4(C7N3)2,56
QIBTAW_charged,La2B4H138C151N10Cl2O15,604
DATHAJ,Nd3H17C21(N2O9)2,84
ZUMNAY,Cd3H10(C10O7)2,40
VICLAW,Cd4Ni4H161C168N8ClO24,336
GAXVUY,CaZnH8(C2O)8,64
CUQSAK,Cu11H198C264(N5O9)6,792
GUSNEN01_SL,CrH5C8O5,32
CANRIU,Mg3Si2H32(C7O2)8,112
ja109659k_si_002,Cu4H8C24ClO16,72
IDIXAU,Zn3H14(C12O5)2,96
NARNEC,Eu2H5C14(NO4)3,56
KOMGEZ,CdH12(C2N3)6,216
ECEZAO,Ni3H22(C8O5)2,16
OHIHUJ,LaH8(C2O)8,64
UGAQEY,NiMoH16C20(N2O)2,160
BOJCIN,MoH27C22NO4,176
CUKXIR,Mn3H4(C5O4)4,80
TUMREA,ZnH9C15N5O4,60
FELVEZ,CaDyH12(C4O5)3,96
CUGZAH,Ag3H16(C4N3)2,64
cg800945m_si_002,Co4H60C94N4O17F25,376
HAPVEB,NdU2(C6O7)2,48
XOPVOO,NiH6C66(NO6)2,66
KEWJIG,Cu3P4H51(C9O2)6,324
TOKKOV,SiAg2H15C24S2N3(OF)6,96
NUFBEX,Zn5H16(C2O)24,48
XANMUX04,CuH12C14BrN6,56
ic100188w_si_002,Ni2H6C8S4N13O4,48
FOTNIN,Zr3H12C24N3O10,192
HUZXAD,Zn2H37C53(NO6)2,424
LIHKAQ,InP2H3CO9,8
HAKSAQ,In3H18C30N9O13,60
EDAGEX,CoH2(CO2)2,24
TOVKAS,Fe3Ni3H64(C53O10)2,424
LODPUQ,Ni5H40(C42N17)2,336
ECUCOV,TbH9(C2O)6,24
KAPGUE,La(CO)6,12
EXUSAT,TbZnH10C22N4O19,88
ASEKAM,Cd2H5C9(N2O3)2,36
SOCWOX,ZnH3C4O5,32
LEPLAV,EuH7C12O7,96
MAQJEW,NiH4C2(NO2)2,32
TAMJAU_charged,AgH8C9N4ClO4,54
XOHLEM,Zn4H6C18O13,36
WARFAY01,ZnCu3H112C80(NO4)4,160
LOGBEO,AlPO4,0
SEFWAD,ZnH10(C2N)4,96
ESUTIX,Co3H8C14(NO)6,168
CABDER,CdH19C18N3O5,288
XANZAQ04,CuH12(C7N3)2,56
DURDAX,ZnH5C11O4,88
WEMCOI,GdHC5(NO2)2,80
DUNXUH05,ZnH3C8SO7,32
GIZVER,Co5H18(C17O9)2,68
XAKYUE,Mn3H39C42N8O9,336
KOFVOS,Ni3H8C28(NO4)4,56
LOVLEP,Cu11P2H228W18C152(N57O23)2,304
NARPUU,NdC12(OF)6,48
IQABEJ,Co5H12C20S2(N3O8)2,40
GEGGUW,CoNiH6C16O9,64
REGREC,ZnH2(C3O2)2,72
EZEQIL,MgH8C13NO5,104
LEZLAF,Ag3P3H38C28N9O8,56
ADAVEI,Ag3H72(C39N10)2,312
VURLIF,Zn2H6C16N3O11,64
HAKTOF,In3Co2H6C30N9O25,60
DAPHOU,ZnH3C8NO4,576
PYDCUT,Cu2C3(SN)3,12
XOGXAU,Cd3H48C64(NO3)4,128
NIKZAJ01,FeH2(CO2)2,24
EKETUL,TbH14C20N5O7,80
ZUQMAB,Co2H28C37N9O11,148
cg501012e_si_002,ZnH10(C3O)8,144
XONLES01,CuH12C28O5,448
HEFVAR,Cu5H40Rh2C60N10(Cl2O11)2,120
XUWSUD,MnGa(PO4)2,0
UMOVEZ04,CuH13C21O5,378
LICSUM,MgH4C4O5,16
XUJSAY,TbH32C30(N6O5)2,120
OWAVOY,Zn2H10C16N3O8,96
FIFNUE,CoH9C11(NO)2,22
CUNQOT,MnPHCO6,4
TAGCIP,PuP2H2CO6,4
UCEGEQ,CsTbMoH4C9N8O,18
OZAVOC,SrH2C6SO4,24
KINPUU,CoH29C32N7O2,64
LAFRAN_manual,CoH16C26(SN5)2,1248
ASALOV,CdH19C16(NO)4,64
TORXIJ,Cu3H4C4(N8Cl)2,8
SONTAR_manual,Pr2H15C24(NO4)3,24
ZOHBEF,PrH5C9NO6,36
MODPEA_charged,Cd5H8(C13N6)2,52
KAKCEH01,BaH15(C9O2)3,108
EMAPAK,ZnH10(C2N)4,96
GOPLUS,PrH36C20(N2O3)2,80
NUMPAO,Zn2H27C24(NO2)2,96
CUGLTM,CuH7C5NO4,20
BEXSAA,Mn3H16C30(NO7)2,60
DANFUW,NiH17C29N3O5,464
c6cc01597b_c6cc01597b2,Zn2H11C19(N2O3)2,76
YOYVOZ01,FeH8Au2(C2N)8,144
FEFVES,ZnH17C18(N2O)2,72
ROLCEC16,CuH3(CO2)3,18
KASPOL,CuP2H10(C4O3)2,16
NIRDOI,Zn5H60C88(NO6)4,176
NAWXER,ZnH8C16NO4,128
UZOBIW,SmH16(C5O)6,60
TAJXIO05,AgH4C6NO2,384
PATNAB,Ag3H6C4(SN4)2,16
GAWMOJ,Zn2H24(C11O4)3,264
UMIZIB,Tb7H53(C17O7)5,340
OVIDON,Cd2H28C37S4(N2O3)3,148
IYUHOA,In2H13(C11O5)3,198
UWALEL,CuH9C21NO8,126
VETMIS,CuH17C30NO4,360
RUGHEI,TbH3(CO2)3,6
YASVOG,CuH11C19N4O5,342
SUKNUI_charged,NaCd3H60C78(N3O2)6,156
OKIWEL_charged,CdH36C48N12(ClO4)2,192
WEHJUQ,Zn16H60(C37O20)3,444
PUMDIM,Co2H5C17O10,102
UMODEH,CuH15C22O5,396
QISVEU,Cu3H13C40N3(Cl3O4)3,160
IYODAD,ZnH8C12(BrN2)2,288
ja0660047si20060818_060458,ZnH20(C5N)6,60
IKOVEL,KPrH6C14(SO5)2,252
ZERQOE,CaH8C14SO6,56
QOZGAP,CuH8C14(N4O3)2,28
XAVQIU,CoH2(C3O2)2,36
BUXTOF,AgH8C9N4,216
DIBJIJ,Eu6H60C88S8N8O33,176
EXUHEM,CdH24C22(NO)4,44
YIVZIO,Pr3Si2H32C56NO19,112
CEYPUT01,CoH8C12(NO2)2,24
OSOTUN,Zn7H54C102N12O13,1224
BUSQUC,CuH12C18NO4,72
REHHOD,Cd3H14C32(NO6)2,128
EPOXAJ,U4H4C6O11,12
CODSOF,Zn3H46C56(N2O3)4,112
ILIMOH,NiH16(C12N5)2,216
EFESEP,Zn5H72(C16O5)6,384
c6dt04165e_c6dt04165e2,Zn3P4(H2O7)2,0
YOMVIG01,AlPO4,0
PUBSEL,CuH11C15O4,270
TISPAO,CuH2C6SO4,72
KULLAG,Co5H45C99O20,396
SIPWUK,CaCuH4(C3O4)2,24
WAVQUH,Co3H18C30N3O13,120
WIHTIS,YH4(CO2)4,16
AVEMOE,Ag2PH12C6N3O,24
COKROL,InH12C24(NO2)2,192
KIKDIT,CdH28C21SN9,336
VAZLOZ,TbH2(CO)7,28
MAKFOW,Gd3H25C52N9O20,104
IZIGUV,In2H44C77(N2O3)4,308
PIWSEV,Zn3H27C38NO9,152
UQOWUU,Cu4H9(CN2)9,36
EDOYOL,CoPO4,0
KOBRAV,CdH14C18N3O2,576
EVUNIT_clean_h,Eu4Zn8H7C44(N2O5)8,44
NAYHAY,Cu6H30C24S3(N9O7)2,96
REXDAB,ZnH8C12(IN2)2,288
QOWRAV02,CuH10(C9O2)2,432
MAGVOG04,AgH8(CN)2,8
SANHIB,TbH8C12(NO3)2,96
ja512137t_si_002,Ni3H24C42N6O13,84
GELVID01,NiH4C7O5,42
ic5b00535_si_002,Zr3H40(C21O4)4,168
HAKWAU,Mg3CuH9C21N3O13,42
NAQRAA,SmH3C7NO4,112
HOYROE,BaLi2H4C10(NO2)4,60
ECUDAI,NdH9(C2O)6,24
TUZVUH,EuCuH24C33S3IO6,66
CIFMIP,Co3H8C18O13,72
JOFKIA01,CuH2C3(N2O)2,54
UBOGAV,U3Cu2P4H16(C7O5)4,28
SEFVEG02,ZnH10(C2N)4,96
OWIKAI,NbNiH16C16N4(OF2)2,64
VURYIR,CuH6C13N3O4,52
ZIKCAZ,Cd3H80C108(N7O8)2,432
OTAVAH,GdH18C24(NO3)2,96
YUBQET,CoH21C33N9O4,132
WAJLEA_charged,CrCo2H28C36N12ClO8,108
RAHNUL,CuH15(C9O2)2,1728
FOJVUX,ZnH12C18(N3O2)2,36
HOVGEG,Zn6H27C42O19,168
LUXFOA,Mn7H6C30(NO2)12,240
CUVXAT,Mn3H40C75N4(O2F3)6,150
HUCSEF,CuH15C15O4,240
ROYJUM,Ni3H36C42N18O13,84
LOFVUY01,TbV6H42C44(N2O7)3,176
GELJAJ,ZnH14C13S(NO2)2,104
VAHFAM,Fe2PHC3O10,12
BEFLIJ,AlPO4,0
cg801267m_si_004,FeCo2H72C100(NO)8,100
RUWZUG,Ni2H84C61(NO)12,244
ISUXAW,DyH2C8NO6,64
BUSQIQ,Al2H5C5O8,10
LIQGEY,Ag9P2C4NO9F2,8
IWAXUZ,NaMg2(CO3)4,192
EVOMOR,MnH12C14(NO2)2,56
COTVUE,Dy2H13C28O13,112
XIMPOA01,ZnH16C18(NO)4,144
YUMYUC,CuH4C2N4O,12
YARDIG,CoH18C22(NO)4,44
HAFFEC,CuH15C23N3O5,414
SEFVEG,ZnH10(C2N)4,96
XEVVUQ,Fe3P4H4(CO6)3,12
GOJDOZ,UH2(CO)4,16
WEFDIW,SmH8C12NO8,192
UTODIR,LaH39C24(NO2)6,192
acs.inorgchem.6b02514_ic6b02514_si_002,Cu3H10C7N11,28
KIPJIE,CeH7C19(O4F3)2,152
LEJZOQ,Co2H70C59(N5O4)2,236
QODHUO03,AgH12(C3N)6,288
LADQIT,Gd2H36(C17O4)3,102
NAFGOR,CoH7C7N4,112
WENDIE,ZnH4C8(N2O)2,32
GUQTOB,Zn3P2CO10,2
MEMGAN,CuH2(C5O4)2,40
ZOXGUQ,Ni2H21C34(N3O4)2,272
MIHHIV,ZnH10(C7N2)2,672
SOXZIP,Ba3Co2C24(NO6)4,96
DIXNUV,CuH16(C7N15)2,28
TATYOF,K2Ca3H4(C7O8)2,112
WEGKIE,Cu4H8C24ClO16,576
DUMXEQ,DyH8C12(NO3)3,48
TEJGIA,SmH4C7(NO3)2,56
WOBCIB,TbH8C8(NO3)2,16
MARXEK,LuH3(C3O2)3,36
JIZWOG,AlC8O5,64
CUYYEB,CdH12(C5N2)3,60
NUCREJ,Zn3H16C20(N4O5)2,60
BAZGEQ,CuH16C28(NO2)2,672
IFEPUG09,ZnH16C22(NO2)2,176
XUMMUP,CuH28C36N8ClO4,72
YUBTUM,Fe9H70C44O49,132
YORZAH,Sr3H8C16(NO7)2,64
QEFNAQ,CuH6C8(N2O)2,96
YUBGIN,U2H10C16O9,32
BEYKEX,UH3C8SO7,64
WUHJAK,YbH24C42(NO)6,252
EDIKIL,Y(CO2)4,16
QEPZUH_charged,Cu3H100C114N12O5,342
QAJJOB,In2P2O8F,0
KESHAT,PrH4C7(NO3)2,56
KIVVOC,CdH12(C3O)4,96
ADASUV,Co3H18C33O16,264
RANNOM,EuP3H15(CO)12,24
ELOZIQ,Cd3H26C42Br(NO)12,336
LAPLUM,InH24C24(NO)8,384
ZOMKAP,Tb(CO)6,24
EMIGAJ_charged,In40H33C30(S4N)16,120
MINCET,TbH27C29(NO4)2,232
ENIHUG,Cu2H13C27NO8,243
IBASOV,Nd2Cu3H30C24(NO4)6,48
XANLEE,FeH12C20(SN4)2,160
FAMQAO,Cu2H11C24(NO5)2,192
GUBSED,Cd2H19C27N5O4,108
SOYWOT_neutral_b,CuH2(C3O2)2,72
ic5b00096_auto,Zr3H26(C21O8)2,336
WEMDID,Nd(CO2)4,16
ILUFIF,Eu2Co3H18C42(NO4)6,84
IDUYOX,Cu5H18C41O21,82
SUQHUJ,In3H6(C9O8)2,54
BOQYUD,Fe5P6(HO3)6,0
BETDEL,DyH7C16NO6,64
XOMCIN,Ni6H53C83N7O27,166
WOLRIZ,Cu12H32C58N32Cl,58
IKETIC,EuH2C7(NO3)2,14
POKTOA,La2CuH8C24(NO2)8,48
BARZAW,ZnH11C17NO4,204
GUSJOU,MnGe2H8C6S3O4,24
WOJYIF,Sm2H40C46N2O17,368
c5ce00862j_c5ce00862j2,ZnH16C23(N3O2)2,92
WEXQUL,Zn4P3HO13,0
QOTZEG,LaH3(C3O2)3,36
PELNEA01,LaH12(C5O3)3,60
LEDHIN,DyH11(C7O2)3,42
ISAYOQ_charged,CuP3H16C24N8O2F19,96
QARTEK,CdH16C20N3ClO3F2,80
XOLGEM,Li3Co8C48(N3O4)12,288
CAYDIR,CuH8C6N8O,24
BENZUR,BaH8C18N6O,36
LAGTIY,Yb3C18S3O13,36
ZOMNEW,ZnMoH18C14(N2O)2,28
CEMKOV,CuH38C40(N4O3)2,160
GIHPAQ,NiH20WC24(N2O)2,72
XAJQAC_SL,InH12C22O5,88
WIVKOD,U5P8H28(CO2)12,12
OTALUS,Zn2P2H42C34N2O9,544
UJOKIP01,Mn3CrH21C15(N2O)6,30
VIXGAM01,Zr(CO2)2,8
UYOFIY,Tb2H6C15(NO2)6,120
SAQQOR_clean_h,YH12(C7O2)3,84
RIFMIE,La2NiH52C66N13O17,132
RUVCES,Zn(SO3)2,0
AVAKEP,Cu3H72C96(NO6)2,384
UNOTOH,CuH12(C3N)6,72
ILOJEZ,ZnH17C23(N3O2)2,92
YOYPEJ,Ni2H39C63(N2O)6,126
GOYPAN,CoH3(CO2)3,12
COKQIE,FeHC4O3,72
EBUQIB,NaZnH27C48(NO2)4,384
LOLVAJ,CuH8C10Se2BrN2,320
IJUJEE,ErCoH7C12(NO2)4,96
AXIPEE03,FeH10Au2(C9N4)2,144
SAPHUP,CeMnH12(C4O5)3,384
LAQNID,Cu2H14C29O8,232
KOQLUZ,CuSiH10W12C12(N2O15)2,24
XOTSEG,MnH14(C6O)4,144
LEMVOP,PrH13(C3N2)4,192
LOZSAW02,KCo(CN)6,24
COTVIS,Nd2H17C29O14,116
XAPCOH,ZnH8C12(IN2)2,288
GACYER,Zn4H36C54O13,216
j.inoche.2015.01.025_INC05862-mmc2,Zn2H8C10S(N2O)4,40
PEGBAG,ZnH8C7N6,56
WEWTOI,NpH4C6NO3,24
ERAMUH,Zr3H34(C11O4)5,220
IXISUD,Cu6H24C25(I2N5)2,150
RANWAH,MnH2C10(SO2)2,960
j.jssc.2015.08.048_mmc2,Co3H15C43O26,129
HEGPAL,Ga3CoP4H26C8(N3O8)2,72
FEPQEW,Ti2P3(HO6)2,0
VEHLEA01,Zn3P4(HO3)4,0
NUTQEZ,CuH3C9O4,54
YEDKUO,Cr3C42O13,84
ja4015666_si_003,Cd2H14C30O13,60
IMUVES,In3C9O7,288
CUVVOG,ZnH16C24NO4,288
YOZQAG_charged,Zn7H36C84(S2O13)3,168
IBOTOI,LaH32C40(NO)8,80
YILJUA,Cd3H32(C14O5)4,112
UBULIO_SL,Zn4H33C50NO15,300
WOGHOP,Fe2P3H3(CO8)2,8
ic501849g_si_002,Cu3H20C28(NO7)2,56
UWELIS,ZnH8C14N2O5,56
PETWIW,CuH32(C9N)4,36
cg300827e_si_003,Cd12H92C139N120,278
XUWKEH,K2Mn3Mo2(CN)14,28
GEFZAU,CuP2H27C35NCl,210
ESIWAF,Al3P3O12F,0
ETICIV,CdH19C27N7O4,216
YOQYOT,CdH10C10(N3O)2,80
TUMQOJ,ZnH8C15(NO)4,60
YENLUA_ion_b,NaMn2Cu3H21C39N6O19,312
UKUPIB,MnH6(C8O3)2,112
TAJWAF01,ScH8(C7O3)2,224
XINRAP,CoH5C4N3O2,32
RUNXUV,ZnH14C17NO4,34
IWAYUA,NaNi2(CO3)4,192
FEVVIM_charged,MnH30C15Br2(NO)3,60
DOLRAZ,Mg3H18(C17O7)2,136
IMULEH,CoH24C28(SN2)3,224
MAGVOG24,AgH8(CN)2,8
ICAROV,NiH14C23NO4,276
DIDBAV,CoH16C24(NO2)2,192
UXEFEJ,ErH4(CO2)4,8
NUTYOS,NdH12C16NO9,128
RAKCUC,ZnH8C12(IN2)2,288
OKIQAB,ZnH18C26N4O5,416
MAGVOG,AgH8(CN)2,8
KAKBUW,Ca8H75C137(NO16)2,548
FUNBAS,ZnH13C22NO4,88
EWIDUK_SL,ZnH10(C2N)4,48
UZUTUG,Zn3H16C24(IN)8,288
OQUXIJ,CoH10W6C12N4O17,96
TAWSUI,Zn3P4H5O12,0
JUYROM,ZnH12C18N2O5,72
GAJTOC,GdH9C18S3(NO2)3,144
LIXNIP,KInC10(NO4)2,40
DELGEI_manual,CdH20(C13N3)2,78
ic500323r_si_001,FeH8PtC14SeN6,56
VIYZIO01,ZnH10C17NO4,68
UKOZOK,BiH4C6O7,144
LEDNIT_charged,Tm3H6C20(NO12)2,40
ja501810r_si_002,CuH5C11(NO2)2,66
HOCDIO,CoPH2C2O7,8
DARJOX,AlCo(PO4)2,0
QOGGID,Cu3H48C72I10(NO2)4,72
XICNOO01,Zr3H4C12(SO6)2,144
MAGVOG22,AgH8(CN)2,8
GUKNIK,CePC6SNO7,12
c5dt03038b_c5dt03038b2,Cd3H8(C3O2)8,48
CUPHIG,CuH5C11(NO2)2,198
EBINUA02,CuH24(C4N3)4,128
REZJIR,MnH3(CO2)3,24
LECGIL,Cu13H36C32(N12O)4,32
SOHNEJ,ZnH8C12(IN2)2,288
CODQUJ,SmH12(C5O3)3,60
TOZFOF,Co3H180Ru24C180(N9O58)2,360
POKTIU,Lu2CuH8C24(NO2)8,48
CUBKUF,Cu3H40(CN)30,60
DAGDUL,Cd3H30C24(NO3)4,96
VIXCUB,Cu3H8C16N4(ClO2)2,64
PEQTIQ,DyCuH12C24N4ClO8,96
QOSJUF,HoCuH9C16(NO5)2,64
nchem.2258-s3,Zn4H42C72N6O13,144
JEMQEY,NdH21(C7O4)2,28
acs.cgd.5b01554_VAGNUP1452791,Cs2Cu2Si6H21(CO2)6,48
VITYUU,EuH6(C2O)8,48
BEPVOJ01,Cu3H21(C5N2)4,40
MARJAQ,Ga9P9O37F4,0
MIXXOI,CdH44C31N12,62
IXISAJ,CuH6C6BrN2,48
QOFCIZ,AgH12(C3N)6,288
CUKZOY,AgH14(C5N2)2,80
WIYWUY,Dy2H24C34NO11,136
JOKXUC10,CdNiC7N6,56
PEYVEV,In12H18C54O49,108
TIPZOJ,Ag7H10C18N4(O2F)3,72
JEXXAM,NiH3(CO2)3,6
PURQEZ,ZnH6(CO)8,32
ULOGIL,CdH2(C3O2)2,18
QIDDAI_clean_h,CdH28C36(NF2)4,72
EMICUZ,CdH11C17(NO)4,68
AVEMAQ,NiH15C15N3O2,120
EJIDUW02,NdH12(C3O2)3,18
CSMNOX,CsMnC3O7,6
EFIMUB,BePO4,0
UNABER,Cu3MoH36C15(SN2)3,30
WUHJIT,Mg3H14(C5O2)6,90
ja507971r_si_004,ZnH4C18NO4,72
EBEXAM,GdH3(C3O2)3,36
TUCJAD,MnH2C6SO4,72
IYAZAL,Cd3H14(C5O2)6,60
ADOBIF,V8CoH16C20N4O15,80
OGIYAF,CoH3(CO2)3,6
ERALUG,Zr3H14C34(O2F3)6,272
PUBRUA,CuH3(C5O)4,720
UFEVIL,CdH18(C3N)6,72
OWIHEJ,InH4C8O5,64
OJONOQ,Er(CO2)3,18
KABXOC,Eu2H9C24(NO6)3,48
DIWNAA,MgH8(C7O3)2,42
PUJJEL,LaH15C24(NO)6,96
RAYMOV,Mn3H36C66O13,132
SIQQEO,SrH14C8(SO2)2,16
POJNIM,K2CoH2(C5O4)2,40
VEHJOJ,Zn11H18(C3O2)18,108
FEYJID,Co5H6C16O17,384
QADWEY,Zn3P4H3O16,0
ONAWEG02,CuH24(C4N3)4,128
REGJIW02,Co3H2(C4O5)2,8
EBEXEQ,GdH3(C3O2)3,36
CUXFIL,MnH6(C3O)4,72
FOXHUX,LaH40C40N6ClO10,160
OFUCAV,CeH4C5O6,20
WUPMOL,CdH13C21SN3O4,84
PEPKUR,NiH9C9(NO2)2,36
BOWSOW,VP3HO6,0
FIJZEE,Al6P6O24F,0
AVIVEG,AgH16C24SN4,384
TAFBIN,CdH12C12(NO)4,96
CUMDIY,LaP2H13C6(NO3)2,12
EMUBIZ,Cu2H3C7INO4,56
GOBXAY,CeH6(C2O)6,120
HANKOY,In3Ni9C63O46,2016
IMACND,NdC4NO4,16
AXUHEH,Na2Co3H132C132S8(N2O7)4,264
AVUBUP,Co3H26W2C40(N12O)2,160
LERNAY02,Co2H7C10NO7,40
ATAYAX,Zn2H10C22NO8F,132
ADEGIA01,GdH6(C2O)6,24
FELVUP,CaHoH12(C4O5)3,96
ANENIR,LaH24(C3O)9,54
KANMIX,CuH3C7NO4,84
WUNVEH_charged,CdH36C48N12ClO4,192
XUVGUQ_charged,Rb2Ga9P9H37C12N4O36F7,24
GUBKUL,Ba(CO)4,96
GAWBEM,Cu3Mo2H24C30(NO)6,30
XUFYEE,Mg6H56(C24O7)3,432
PUSRUR,Ag7H8C26N2(OF)12,78
TAZLIR,Sm2Cd3H12(C3O2)12,144
IBICED,ZnH15C11Br(NO)2,66
VUGXOM,EuH27C30(NO2)3,60
TOWNOK,Fe3H18C42S3O19,84
TILHAZ,CoH8(C3O2)2,192
YATTUK,TbH3(C3O2)3,36
UNADIX,Zn3H4(C5O4)4,320
UDUMIP02,Ag3H8(C3O2)6,288
VOJGOS,ZnH7C13NO4,52
OPEGIA,In3P8(H6O11)2,0
ZIKCED,Zn2H18C28N3O8,224
HIDBON,CdH9C14(N3O)2,56
science.1056698_manual,CuH10(C9O2)2,216
ITANUM,Cu2(CN)3,12
RAYSAM,La2H40C73N2O21,438
SAYTUJ,Cu7C8(BrN4)2,8
FOFDAH,CeH33(C19O5)2,76
AWUPOZ,MnIn2H52C100(N3O8)2,200
KIJRUS,CuH11(C5O)4,160
OWUWUA,NaZnFeH38C42(NO6)2,168
REFTUT,CaZn2H17(C9O4)3,108
WODRAK,DyH2C6(NO3)2,24
IYOCIK,ZnH8C12(IN2)2,288
BIRMUM,Mn2H39C47NO9,188
NIRMUW,BaH4(C3O2)3,18
LAWGUM,Zn4H12C24O13,48
FAMHAE,CoH5C5SNO4,20
LAWFOF,Zn4H12C24O13,192
XOMCUZ,ZnH18C26N3O4,104
OQOJUB,LiH49(C15O4)2,120
WAHROP,Mn3FeH68C81N12ClO12,162
VAMQIJ,V3P2(HO7)2,0
FABCUI,Cu2H28C26N4Cl,416
XAYMUF_charged,AgPH6C8(N2F3)2,32
QOPPES,Co3H16C30NO14,120
EDADIX,ZnH8C13NO4,52
INESIE,Ni2H16C24N4O9,96
DOLXOR01,Cu5(CN)6,12
QOVDAH,NiPC3NO3,54
VAKQAC,ZnH8C12I3N4,288
AFUKET,Mn3H50C64N4O19,256
NUVWIL,La2Zn3H24(C4O5)6,48
JUVWUU,MnH6(C3O)4,48
OGAXUR,Co2H22C19(NO4)2,57
NANZOS,GdHC5(NO2)2,80
OWIJEL,InH4C8O5,64
TIKMUW,Pr2H19C28S4NO19,56
FEVDIV,NiH22C34(NO)4,136
UMODEH03,CuH15C22O5,396
JEDKEJ,Cr2Cu3H39(C16N7)3,192
GAWKAS,Sm2Cu7H28C42Br6(NO2)7,168
DARVAW,CoH4C4(NO)4,16
AJINOY,CuH22C26(N2O3)2,52
ESUVOF,Co3H8C14(NO)6,56
MIFNUM,Dy2CoH24C48(NO2)8,384
ZUTBAR03,MnN27,0
LEHXUT,CuH9C17NO5,408
UCUJOU,Zn2Mo6H9C16N3O16,256
SAXFII,CdH10C13N3O4,208
WUNSEE01_charged,CdH36C48N12ClO4,192
GUVBOQ,Zn9H84(C81O37)2,648
IGUVIR,CdH16C24(NO2)2,96
ITAPAU,Cu2(CN)3,24
NICZAA,CdH60(C3N)18,162
EWASIG01,EuH6(C2O)8,32
IRISAD,Bi(CO2)4,16
NORGOS,BaCoH10(CO)10,60
cg401887b_si_003,Zn2H9(C3O)8,96
XIDBUJ,ZnH10C17N3O4,68
CUQXUI,CuH28(C5N2)4,80
HIZQEN01,CdH4(C2O)4,16
OSAVUA,CaH4(C4O3)2,16
NATXIR,ErH3C6N2O5,24
OKABEI,Cu3H14C26(NO3)4,156
KUJNUZ,Zn5H34C52(N5O2)4,416
EHALOP_manual,AlH5C8O5,32
cg060408tsi20060629_081747,Cd3H4C18(N4O7)2,54
CACNOM,InCo5B4H16(C9O10)4,72
VEMMAC,ZnH4(CN)8,24
NORBUT,BaZnH16(CO)10,180
ic502643m_si_006,Zn4H18C37O15,148
WONBAD,CdHC5O8,40
JUCGUL,ZnH17C27NO4,54
KIYMAI,SrH6(C3O)4,48
MAWTUC,ZnH11C9(NO)2,36
WAZQIZ,EuB15H15(CO)6,24
CICSOW,FeH12(C2N3)6,72
AXUJOT,K4Co5SiH14W9C6(NO20)2,12
DAXKIY,InH4C12(NO2)4,48
XEXLOD,ZnH8C19(NO3)2,76
YOVXEO,CoPH28C39N3O,156
c5ce02194d_c5ce02194d2,ZnH20C22(NO)4,352
RASKON,MgH4(C2O)4,128
RUFMUA,CaH4(C3O2)3,18
WIWQOI,Cu4MoC6(S2N)2,48
NASREH,CoH9C13O4,104
DAXJET03,FeH18(C3N2)6,108
GEGBEB,EuAg3H75C86N21,344
BIJFAD,Ti4Zn4H160C136N12O19,272
EBUQEX,NaH29C48(NO2)4,192
FARHOX_ion_b,Cs8H92Pb8C168S12O71,168
ja5b02999_si_003,Cd4H12C24N10Cl,192
CICSOW02,FeH12(C2N3)6,72
FORXAM,Zn2H26C28NO8,1344
QOSXOM,Zn2C25N8,600
WOHDON,CdH2C2O3,16
HISSIN,EuH7(C5O2)3,120
LUFNEG,MnH10C14(NO2)2,112
OHEGAJ,Zn3As3H2(CO8)2,8
WIBDAO,LaCo2H24C22S4(NO2)6,88
VEHLIE,Zn3P4(HO3)4,0
KEDJAG26,Cu(CO2)3,24
SOZGIZ,TmH15C24(NO)6,192
AFOVIB,GdH12(C7O2)3,42
OJIWAG,ZnH10C20(NO3)2,160
LADQUF,Tb2H36(C17O4)3,102
GIYTAK,Cd3H28C30(NO6)2,30
GUYBAE,U3P4H8(CO)12,48
ncomms11831_ncomms11831-s2,CaH8C14SO6,56
BOJYIK,TbH6(C2O)6,24
PIZRUN,Cu2H24C19(NO)6,76
RUWXAJ,LaH9C15O8,30
TAFBEJ,CdH14C12(NO)4,48
RUFMUA01,CaH4(C3O2)3,18
AMAGAX,CuH6C10(NO)4,120
NEDWIE,MnNi3H48(C11O4)6,66
ISUGIN,Gd9H37C72(N6O19)2,144
QIBTEA_charged,LaB3H80C88N5O8,704
TOXHEV,Zn5FeH108(C66O19)2,132
WUDZUS,Zn11H48C72(I11N12)2,288
WAVRIW,InCuH22C41O9,738
KEFWEZ_charged,Co3H24C28(NO10)2,56
YEGKOM,ZnH6(CN2)4,16
COWRAJ,CoH8C14SO6,168
QIYCAE,Si2AgH32(C7N)4,224
IKETIB,Cu(C3O2)2,288
VERPOZ,Mn8H84C87(N15O7)2,522
PEDGUA,BaTiC4O9,32
UMESOW,Gd2H6C18(SO4)3,72
jacs.6b08724_ja6b08724_si_014,Mg3H39C72N6O13,144
OTOVAW,Cd3H28C48N6(O3F2)4,96
HOWPOZ,CdH9C10N3O4,80
FAYLIC,FePt(C4N)6,24
UMOBEF03,CuH13C21O5,378
CUCKIV_charged,Co3H8C28(N2O9)2,56
EGAFOJ,LaH12C9(SO2)3,18
KODSUT,AgH14(C4N)3,192
SAJSAA,Na3Fe2H12(C2O)16,128
IQEWOQ,MnH2(CO2)2,24
LENRUS,AgH5C9S(NO)2,36
NODKEX,In(C7O2)4,112
BEPWEA,Li8Cu4H12C16O29,32
WAHDIT,Na4H12C6ClO10,96
LABPOV,Nd2P3H30C27(NO5)3,108
ITETEH,FeH2C7O5,21
ATEZIK,Lu3H52(C11O2)8,352
TAWHOO,Al3P3HO14,0
TOVKOG,Fe3H28C50N2O13,150
UMEQAG,Tb2H6C18(SO4)3,72
FITJEY,Er3PH9C11NO19,44
VEHKAW_charged,ZnH11C11NO6,44
LIDSEY01,Ni2H26C36N4O9,144
ONUQOE,Cd3H32C56(SO2)8,112
RUWZIU,Ni2H76C53(NO)12,212
WEYQAU15,MnH3(C3O2)3,72
OBAHOR,ZnH13C22N3O4,396
RUYTIQ,LaH12C21NO6,189
SOXHUI_SL,LiHCO2,18
IXIKOR01,ZnH28C40N4O5,320
TAZSAP02,PrH5(CO)6,24
AROFAP,Cd2H24(C11O4)3,99
ZAZNUL,AlPO4,0
YINCEF,Mn3H22(C21O8)2,84
GANBED,Ni2(C6N7)3,144
ALUJUN,YH6(C2O)6,24
IRAJAN,Ga3P3N(O6F)2,0
YACHIV,Tb2CoH32C56(N2O5)4,56
CAKYEU,HoH2C7(NO3)2,28
FUSNEN,AgH8C11N2O,198
KUNWEW,Zn2H15C25N3O8,100
TUMGUD,Eu(CO)6,24
VAMYOA,Cu4H104Pd2C109(N7O10)2,436
LIGJIW,Bi4H7C16(NO6)3,32
LARNIE,Mn3H8(C6O5)4,96
DUQRUD,CdH20C28(N2O)3,448
RUVBOB,Cd5H36C54N18(ClO3)4,108
RUSSAA,CdCoH8C16(NO)5,64
CATART03,CaH4(C2O3)2,16
TATSIS,CoH8C12(NO2)2,48
DOWQIP,Zn5(PO4)4,0
GUXQAR,VH2(CO)5,10
IZEBAR,TbH7C17O6,68
KUKPOX,Cu2H6C9N3ClO3,72
ESEQUO,Co3H20(C7O4)4,28
ECASOS,CuP2H8C8(N2O3)2,32
NUDLAA,Zn8H64C104(N4O5)5,208
KOBRAV01,CdH14C18N3O2,576
RAVDID,GdH8C17O8,68
UMABOB,Mn3H16C24N4O9,96
PEYPAM_SL,ZnH4(C3O2)3,144
DARBUU,Cu4C5N5Cl,20
LEVYOC,Co3H9C10SN5O9,40
NIXGIM,Cd4H225C219(NO4)8,438
ISIYUF02,Er2H9(C4O9)2,32
DUXLUF02,ZnH12(C9O2)2,324
HUFHUN,AgH8C9N4,162
KEHGAH_charged,Cd2H54C45N30Cl,90
VUPFET,DyH9C17NO6,136
VASGUU,InH11C12O5,144
DOYBUQ,FeH4Pt(C4N3)2,128
HEYFUM,Zn4(PO4)3,0
IREGOD,Mn5H18(C19O13)2,152
QUFGIH,MgAl7(PO4)8,0
FUSMIQ,AgH8C11N2O,198
VONDOT,Zn2P3H23C10O9,40
VARWUI,Gd4H22C12N3O16,48
NAWDUN,Cu4H65(C39O8)2,312
PADHIM,Ba(HC)20,160
ACODON,Tb2P2H25C43O16,86
EWASIG,EuH7(C2O)8,32
ALULEZ,CeH16C28(NO2)4,336
RIGPII,CuH14(C5N)4,80
FUVDEH01,ZnH16C22(NO2)2,176
IKOTEH,CoH24C31N4(ClO5)2,124
OTODOS,AgH18C14N3,112
cg801267m_si_003,Zn2FeH72C100(NO)8,100
WISKOA,Co3H36C46(N5O4)2,46
EKOPEA,CaCdH8(C2O)8,64
GIKMOD,Cu2H4C8SO8,32
acscombsci.5b00188_5024922,Zn4H24C50N8O23,50
ASIVAB,Cu3H24C42(NO6)2,336
UTEXAT,ZnH6(C5N2)2,120
CADZIT,ZnH18C22(N2O3)2,88
ONIXOZ,CuH4(C5O2)2,120
QITHEG,Ni7H19C17(NO3)2,816
MIZPUI,CuB5H8C9O4,54
ZIMJOW,Ce2H11C20(NO6)3,40
NAMDUD,MnH8(C9O2)2,432
ic402058f_si_002,CdH10(C3O)6,108
UMESIQ,Yb2H6C18(SO4)3,72
XUTQEI,NiH10C16(NO2)2,144
LEPLEZ,Sm2H6(C3O4)3,18
NIJSAC,CuH13C16N7O8,64
TUNJET,CoH14C22Br4(NO)4,352
PEVJOQ,CdH22C28(NO)4,112
RURPAW,FeH4Pt(C4N3)2,8
WUYYAS,PrCd4H120(C11O3)16,176
ORAWAH,Cu4H24C40O17,960
ja406030p_si_003,Zn6Cr3H36C72N6O43,144
BUCSIC_charged,Fe4Co3H44C52(NO13)2,104
DUBJUH,CoH10C17N3O4,136
SANJAV,YH8C12(NO3)2,96
YEQRER,KYbPt2(CN)8,16
IROVES,U3Zn2P8H8(CO6)4,4
cg501279y_si_002,Ni2H39C63(N2O)6,126
GIYSEN,Cu4MoH28C28(S2N3)2,56
UPOVOL,ErH12C12(NO3)3,24
PIDNIB,ZnC30(NO3)3,960
HOJPAZ,ScH6(C2O)6,192
jacs.6b02030_ja6b02030_si_003,ZnHC4O3,144
PEMGIZ_charged,AgSbH34C32S2N2(OF3)2,128
XEHSEJ,MgH2(CO2)2,24
VEZQAT,AlCo(PO4)2,0
NUWBOX,Mn3Mo12(P4O25)2,0
PEFRID,SmH9C18(NO2)3,144
SOPLIU,ZnH18C27(NO)6,108
ANOMOG,Cu3H17C51N3O20,204
QOBWIN,Zn5P5HO20,0
YIWBIR,ZnH14C30(NO2)2,120
acs.inorgchem.6b00894_ic6b00894_si_002,Zn3H48C70(N2O3)4,280
IZETUE,Cu10H24C12N8Cl9,72
XESKAJ,MgPH6C3NO3,18
PEKCUF,Mn3H40C52O19,208
LETPUX,Zn9Ga2P14H14(O21F)2,0
LIPRAE,Cu3H18C21N12O,168
QOVGOY,Mn2Mo(CN)8,16
POBGAQ01,FeBH43C55N6,440
CAXZUY,NiH16C24(NO2)2,768
XINYAW,CuH26C28(NO)6,224
ILIGAL,PrH6(C3O4)3,18
OVEDAW,Cu7H49C65I4N5O12,520
HAJLOU,FeH28C22(SN5)2,66
TETWOG,Co2H11C15NO8,30
MAHCOQ,Zn8Co3H60C126(N3O22)2,504
ASACON,Zn2H2C10O9,80
YOYRAH,Mn2H39C63(N2O)6,126
FIHRIZ,Ni3H20C32(N2O7)2,64
INOMIJ,Ca2H7C14(SO5)2,56
ESANET,Cd3H10C8(N9Cl)2,72
NAYPIM,Al3P3O12F,0
FEVNOL,Cu4C36I3N4,144
YEYYAC,CoPH12(C3O2)3,108
TEJQAC,Cu2H24C39(N3O4)2,312
GIDKOU,Zn5H6C20(NO2)8,80
RUGXOI,ZnH3C8O5,64
QITMOW,NdH3C9(NO2)3,72
JOZWUS,Zr6Co3H168C264(N3O8)4,264
XOHJUA,LaCuH8C14(NO4)2,56
FAQYUR,Nd2H18(C5O4)3,30
LIWFIG,Fe4(PO4)7,0
KOJZIT,CuH10(C4O)4,96
OCUQIN,V2P2H7C3O7,24
FAKHIK,Ni2H10C35(N3O5)2,140
MECWIB,ZnH14(C5N2)2,240
GITVAH,Zn2H16C22N13(ClO)6,264
OKIWUB02,CdH36(C4N)12,192
FUWFOU,Cd5H32C48(N20O)2,96
YAZFOW,InH4C8O5,32
AVAQIX01,CdH8C12(NO2)2,96
NUZSAD,EuH8C10NO7,20
YUGLES,CuH3C9O4,54
JAHNEM02,Mn3CrH21C15(N2O)6,30
FEFDEB_manual,ZnH14C17NO4,68
PASNAA,Co3H8C12O13,48
VITZEF,SmH6(C2O)8,48
QOFDIA03,AgH12(C3N)6,288
c6cc02494g_c6cc02494g6,MnHC4SO2,144
RAVDAV,SmH8C17O8,68
JEXXAM05,NiH3(CO2)3,6
NATKOL,Cu2H36C61(N3O2)4,244
MAPCUE,TbH9C21NO8,168
GERWOR_charged,Cd3Si2H72C76(N3O16)2,152
KEYROX,ZnH10(CN)6,72
MALWOM,Zn2P3(HO4)3,0
VAQLEG,CdH10C10(NO2)2,80
acs.cgd.5b01686_WAHFUJ1434675,CuH11C18N5O6,72
HOJPED,ScH6(C2O)6,192
UKUPEX,MnH6(C8O3)2,112
DACSEI,CuH7C18Se2(NO)4,324
XEGJUQ,GdH6C21(NO3)6,168
ETIYEN,Mn2H18C25O8,100
RIXBEG,MnH19C24S(N2O3)2,96
DOYHOQ,ZnH4(C2O)6,72
ODODES,Zn3Si2H34(C7O2)8,112
EXUHUC,Mn3H10C22(N2O5)2,198
WEMFAX,Gd(CO2)4,16
ZUCKIT,YH18(C6O)4,2304
DAWWAB,Cu16H32C48N40Cl3,96
XOMJUE,ErH32C44N(ClO3)3,176
AZAVUU,CuH8(C4O)4,192
POKSIT,Tm2CuH8C24(NO2)8,48
YEHGID,Fe12H163C234(N6O13)4,936
PITRIU,Zn2H20C61(NO4)2,244
NIKZAJ,FeH2(CO2)2,24
FIJDIM08,MnH4(C2O)4,48
AQAJEI,ZnH12C18(N3O2)2,144
LIQFEY,Cd3H12(C9O4)4,36
ONUJUE,Fe3H72C60O13,120
QAHDUA,Zn4C53O13,318
YUZPEQ,Zn3H26C48(N5O7)2,768
UDUMIP03,Ag3H8(C3O2)6,288
FOFCOU,CeH19(C17O4)2,68
HUSGAE,CdH2(CN2)4,16
POKTAM,Pr2CuH8C24(NO2)8,48
MABJUV01,CuH10C10NO4,40
ODONIF,CoH24C22(N4O3)2,264
XUCSOF,Y6H12C36N13O27,72
OZULUS,CuHC4O3,72
CIZPOS,CuH7C13(NO4)2,234
BEPLUF,ZnH11C9(NO)2,54
FAVFUG,KCd2H24(C3O)16,768
GONMON,Cu4H54C32N22Cl5O6,512
FOHCIP,CdHgC4(SN)4,16
FEDBEX,TmH3C9(NO2)3,18
ZILBUT,Zn4H72C54O13,54
KUDMAY,Tb2Cu3H30C24(NO4)6,48
VUCTOE,Mn5P3H3(CO4)6,12
NIHBEM02,FeH2(CO2)2,24
SODNAA,AgH16C10(S2O)2,40
AGIMOU,Mn3H8C4(N10Cl)2,8
JOBKUI,FeH5C9N7,144
XESKEN_SL,MgPH6C3NO3,54
LOZSOK,Eu2H38C60O17,240
NOJBOF,CdH11C19SN3O4,76
OPENIH,Cu2H11C22N5O8,44
POTNET,Cu5H12(C8O5)4,32
ECUCIP,EuH9(C2O)6,24
FEVTEF_charged,CoH30C15N3Cl2O3,60
PAPPED,CuH40C34(N2O)4,102
MAGVOG05,AgH8(CN)2,8
XOTXAG,NaLaH4C14O11,56
GAGQAI,Fe4H8C24N32Cl,72
MAGVOG23,AgH8(CN)2,8
QULLEP,CdH24C34(NO3)2,136
WAHNIF,ZrCu2H40C56(N4F3)2,168
UTULIF,Zn3P4(HO3)4,0
LURLOB,CrH4C8O5,32
KEXFIC10,CdNiC7N6,56
OVUVIL,ZnH4C16NO8,128
MIYGIL,Th(CO2)4,8
HAPHUD,Zn2H24C37(N2O3)3,148
OYEWIA,Al2H14C21NO8,168
DORFOG,MgH4C4O5,16
FINQUQ,Ag7H20(C6N5)5,60
DAWWIJ,Mn3H8C16(N5O4)2,64
ATEYED,CoH28(C7N2)4,112
EGEJIK_manual,Zn4H24C42O13,84
WAKTOS,Cu5H3C3Cl4O,12
UDEMEW_manual,Cr51H72(C18O13)17,1224
WIFGOJ,CdH3C2N4Cl,48
LUNBIF,ZnW3C3S4N3,12
XAPCUN,ZnH8C12(IN2)2,288
KIYBIF,Co5H48C64(N2O11)2,128
QIFLIC,ZnH5C6(N2O)2,48
FUTZEB,ZnH3(C3O2)3,36
KETSEI,Dy2H18(C5O4)3,30
YAPYUK,Co2H10C21N2O9,42
DUMXEQ01,DyH8C12(NO3)3,48
HUSQES,MoH9C7N3O,56
FIGXAW,Cd2H18C26N4O13,104
ZOMKAP01,Tb(CO)6,24
INEXEG,Co2H27C29(NO6)2,116
QUVDUH,YPH7C7NO9,56
MAHTAR01,MnH4(C2O)4,48
XUNSUW,LiH4C6NO2,48
ASINEX,Zn3H58C90(N2O3)4,1440
LONWIW,MgH4(C4O3)2,96
cm503311x_F-mil-53-Al-np,AlH4C8O4F,128
XICYAL,Zn8H92C139(N15O16)2,278
acs.inorgchem.6b00894_ic6b00894_si_003,Cd3H48C70(N2O3)4,280
UVUQAE,Zn2H20C34N3O10,136
EQAMUG,NdH3C12(NO5)2,96
COKJOD,Sm2H13C25O14,50
PEKZIP,Cu2H16C20N4Cl,40
ic0520162si20051122_054857,Cd5H18(CN5)9,18
QOCBUH,Be3P3H2O13,0
BEPNOB,ZnH10C9(NO)2,54
MUTCEL,Co2H32C35N6O11F3,280
PIGHIX01,Cu3H32C48(N3O4)2,192
ZIGWUJ,Mn3H13C22S3NO13,88
QIXNIW,Er2H6(C7O4)3,84
FAHVAM,Tb2Mn3H18C42(NO4)6,84
HIFGIO_SL,Zn3H34(C22O5)2,44
SOJSUH,Gd2H42(C23O6)3,276
SERCEZ,Zn4H22C42O13,168
QUQWOQ,Zn3H22C34(N5O6)2,136
QUSRUT,U5H25C30(NO2)12,60
IKEZED,NaZn2H3C10O9,40
ZOFZIF,Mn2H7C18N3O8,144
OGOJAX,Cu3H22(C25O7)2,400
JIQVAH,Yb2H6Ru3(C4N3)6,48
WEDXEK,TbCu3H12C18Br3(NO2)3,72
ACODAZ,CoH14C24NO4,1152
DIDBEZ,CoH16C24(NO2)2,192
OJIFAP,NaH8C14N5O,224
HOFSOL,CuH8(C2N)4,32
VIRKIQ,MnPHCO6,4
KAVTUY,CuPH3(CO)3,36
LUTZEH,CuH2C26(OF4)4,1248
LUTCIN,Cu2H3C8SO8,32
ja406030p_si_005_manual,Zn6Cr3H60C90N6O37,180
RIPKIM01,CuH13C12(NO2)2,96
cg900505v_si_002,CdH6(CN3)3,30
XESKUD,FePC3NO3,54
YOMBAE_charged,CuMo5P2H18C20N4O23,40
OGUJIL,CuH12(CN2)12,24
POKTEQ,Nd2CuH8C24(NO2)8,48
EHAGEB,Eu2U3H6(C5O4)6,30
cm503311x_alf225K,AlC8O4F,32
VAHPUR,DyCuH32C48(NO2)4,192
ZEZPAX,DyH6C12N3O8,48
WEMFIF,Dy(CO2)4,16
KIRTOW,Al4P7(HO3)7,0
DEPJIR01,ZnH3(CO2)3,12
FUVGAG,ZnH12C18(NO2)2,144
EQUBIC,TbH5C7SO6,56
SOTWUV,TbH3C9NO7,36
VAGBEN,GdCuH12C18I(NO2)3,72
IRORUE,MnH8C13(NO2)2,104
MIHLUL,DyH13C26(NO4)2,208
LAGNAK,YH6(C2O)6,24
XOKHIP,Sm2Zn2H15C40(BrO4)5,160
ESOROV,Cd2H37C42N3O11,252
YARZEZ03,Cd(C2N3)3,48
QOGREK,CdH16(C5N3)4,160
XUBGUY,Zr3SiH16(C7O3)4,112
GORJEE,Zn2H8C12S(N3O2)2,96
MUFLAC,Sm2MnH32C56(N2O5)4,56
cg8002564_si_006,CuH12(C2N3)6,72
QUXQUX,CaH8C14SO6,56
CODRUJ,NdH2C5O6,20
OMITUB,Cu6H9C27N12O13,864
VEJYIT,ZnH6(C3N2)2,96
ja500618z_si_002,MnH3(CO2)3,12
QOWRAV07,CuH10(C9O2)2,432
UKIQOV,CoCu2H14(C5O2)6,180
cm503311x_alf11K,AlC8O4F,32
BUCVIG,Co2H36C53(NO)8,424
OCILIY,Zn4B10H54C68N2O17,136
UCOJAZ,ZnH8C12(IN2)2,288
MUPTAU,ZnH12(CN2)12,24
ROQFUA05,KFeN18,0
YUZRES,Co3H35C49(NO3)4,98
TOFLAD,Cd2H31C49(N4O3)2,196
JADBIC,CeH9C18(NO2)3,36
ALOLIY,Mn2H8C16O9,128
LOGXEM,Cd16C49Se7S19,784
IFEQAN_SL,ZnH12C18N2O3,144
OKIYIR02_charged,CdH36C48N12(ClO4)2,192
OKIYIR01_charged,CdH36C48N12ClO4,192
YAWBAC,Zn2H14C31O10,279
ic0520162si20051122_054836,Cd5H6(C4N11)3,96
AGUBUA,Zn3P6(HO6)2,0
MISQIQ07,Al2PH2(O3F)2,0
QIYDAF,CuH10(C11O2)2,264
WASPAK,FeH16C28S4N7,112
YICGOI,CoH28C41(NO)4,164
FEYQIK,PrH12(C3O2)3,18
UJOKIP03,Mn3CrH21C15(N2O)6,30
IKUTIT,DyH9C12(NO2)3,24
OKIPOO,CoH18C26N4O5,416
c5dt01100k_c5dt01100k2,CdPC3NO3,54
c6cc02494g_c6cc02494g5,MnC4SO2,144
TOZHAR,AgH3(CN)3,12
LOCRUR,In(C13O4)2,104
IKETOH_manual,CuH2(C3O2)2,72
OCUPUY,V2P2H12C5O7,10
XUVHEB,Zn3H32C52(NO6)2,208
QOHYET,Ce2H20C36O13,144
BEPMAM,ZnH11C9(NO)2,54
OSUVOP,U3Si2H34(C9O2)6,108
XEDGIY,CdH14(C13O2)2,312
RUMWUS,Zn2H24(C11O4)3,66
ADASOP,ZnH6C11O5,264
NIKYOW01,FeH2(CO2)2,24
VUWPIN,Ag2H2C2N3,72
QULMOA,In2H8C16(SO7)3,288
BUWMEN,La2H8C14N2O9,56
NAXLII,Zn2P2H29C27(N3O4)2,54
LUYBIS,Eu2C49N9O14,196
MIQLEE_charged,Zn4H24C35(NO11)2,140
QODSUZ,AgH12(C3N)6,288
AZIMIH,Zn3H4(C5O4)4,160
XUBJAF,Eu2H6(C3O4)3,18
SOCWOY,Fe3CoP4H4O15F4,0
ORIVOC,ZnHC4O3,72
UQOGAK,MnH9C14NO5,112
CUGLIB,Ag3H16(C4N3)2,64
EPOPEG,CuH12(C2N3)6,48
VATYIZ,Nd(CO2)4,8
YOFXIC,Mn2CuB2H42C44(N11O2)2,352
RAVFEB,TmH8C17O8,136
GESBUC_charged,NaMn19H81C45O52,180
GESNOI,Nd2P5H32C18S2(NO5)4,72
SUXYOA,ErH16C16(NO)8,128
TOTVEF,Zn2H6C7(N4O)2,126
YUJNOH,SrC2(N2O)2,16
FECYIX,CoH5C5SNO4,20
YIKJUZ,AgH4(C2N3)2,384
cm500700z_si_002,EuH15C24(NO2)3,96
ALUREF,Co3H68C76(N7O9)2,152
KUCDIW,CuBH20(C2N)8,384
KONCIB,MnAl3P9(O6F)3,0
VAZLUF,SmH2(CO)7,28
GITTOT_manual,CoH10(C2N)4,48
VONCOS,Zn3P4H22(C5O6)2,40
IWEWAK,Zn5H24C36I13N12,288
TACFIN,ZnCo(PO4)2,0
CURZEV,Cu7H44C36(N6O11)2,144
ja073612tsi20070723_060623,Mn3Mo2(CN)14,28
AVUHIJ,Co3H58C80(N3O2)6,160
JIVHIG,K3H45C33O7,132
TIDKAS,AgP2H37C39N2,624
BENXUP,Zn3H18C20(NO2)4,40
KIBDEF,EuH2C5O6,20
UQUCUG,GdH24C44S4(NO3)4,88
DEPTOH,GaPO4,0
MISQIQ03,Al2PH2(O3F)2,0
FAMQES,Cu2H11C24(NO5)2,192
EBIDOK_ion_b,Fe3Ag5H95C131S2(N3O4)6,262
XEKDOI,Cu3H20C28(N7O4)2,56
YORCIT,ZnH15(C4N3)2,384
BIHBAX,Cr3Ag3H24C36N6O13,288
OTIBUQ,AlH15C24N2O5,96
ja403810k_si_003,Zn4H32C52N16O13,1248
OCIMIZ,Co3B20H78C82(N2O9)2,82
IROVAO,U5P8H8(CO6)4,4
KEJBIL,V2PO6,0
HEDTER,NiH34C41(NO)4,164
REGJIW01,Co3H2(C4O5)2,8
HIQKID,U3H5(C3O5)4,48
ACAJIY,ZnH24(C5N8)3,90
ECEZAO01,Ni3H20(C8O5)2,16
VERZEZ,MnH3(CO2)3,12
TUYLIJ,Al3P3(O6F)2,0
DAFSOV,Zn3H12C20(N3O4)2,40
NOWGIR,Ag7H16(C6N5)4,48
YAXBEF,Zn5(PO4)4,0
CAKFEB,GdH12(C5O2)3,120
cm503311x_alf70K,AlC8O4F,32
LAZLEF,CdH12C18SN3O4,108
DADLIG,Mn5H110C162(N4O13)2,162
INIROO,Dy5Ge7H35C24NO32,96
LACYIA,Na6Pr2Zn3H66C156(NO5)12,156
IXEJIG,Zr3H24(C8O3)4,256
ZOHBIJ,EuH5C9NO6,36
KARLUM,Ni3H33C54N3O13,216
CUGYOU,Ag3H12(C2N5)2,32
AYOQEM,CuH6(C5O2)2,480
VOCQAF,Co2H25C32N4O9,128
GAJZIC,SmPH11C7NO5,28
EZOBUR01,Cu3H37C53N6(O3F19)4,424
CEMYUQ,FePt(C6N)6,36
OPUDAF,Sm3Ag5H40C60(NO2)10,240
ja507119n_si_002,Zr3H3C9(S3O19)2,72
FECKAA,Zn4H90C144Cl3O19,144
NABMUA,MgH3C7NO4,42
TATSAK,Co3H10C28N4O9F8,112
cg2007167_si_002,Cu2H46C31N21,124
CUSDIE_charged,Cu6B3H24C24N18(O7F6)2,48
WEYQAU02,MnH3(C3O2)3,72
TONMEQ,Ba2H18C32O19,64
ISENUQ,DyNiH25C48(NO2)4,192
UXEDOR,ErH4(CO2)4,16
QUMYUT,Na3PrH12C13SNO15,26
WODPUC,DyZnH10C20N3O10,40
ALUKAU,DyH6(C2O)6,24
PAMTII,ErH9C16O7,96
OQUFOX,Zr3H16C40(O7F13)2,320
cg3015354_si_002,Mn11H2C24(N6O5)5,96
QUFFED,ZnH11C13(NO2)2,52
ENCDBZ01,CdH8C3N4,12
acs.inorgchem.6b02413_ic6b02413_si_002,Tb3H28(C21O8)2,336
SOZRUW,SmH15C24(NO)6,192
YUMFES,CoH10C18S2(NO)4,108
HELCUY,Zn5H24C24(N3O11)2,48
PUSJUK,Cr2NiH24C32N4O3,128
WOZGOH,KCu6H28C27S3N7O6,216
CEXSEE_charged,CoAgBH30C42N9F4,336
ANENEN,LaH18(C3O)9,54
ONAWEG01,CuH24(C4N3)4,128
RELLAW,ZnH11C18NO4,144
TUZNOS,Zn3H36C26(NO)6,208
OLONAG,Sr3Ag6H22C36S6(N3O7)2,72
jacs.6b11027_ja6b11027_si_002,Zr3Re12H28C66(Cl3O5)4,528
FAJZOI,AgH28(C19N2)2,304
UMEVUD,Zn2P3(HO4)3,0
MOHSEJ,Co3H4(C2N9)4,48
SIWZOP,MgH3(CO2)3,12
HIYBUN,ZnH8C12(BrN2)2,72
UVASAM01,ZnH20C28(NO2)2,56
FIRNOL,NiH14C26(NO)8,78
LIDSIC,Co2H20C30N2O9,120
PUCKUV,Dy2H6C18N2O19,72
WUYXIZ,LaCd4H120(C11O3)16,176
FIJDIM01,MnH4(C2O)4,48
OJAKUG,EuH13C21O11,84
JUMDAY,VH4C8O5,32
DAYCAI,NaZnC9(NO3)3,18
VEDFAN,Co2H18C24N4O9,96
IFEPUG08,ZnH16C22(NO2)2,176
KILJEV,CuPH4C5NO3,20
FASGAK,EuH24C44S4(NO3)4,88
AKUHOD,Gd2H6(C3O4)3,18
CUTFON_charged,Ag2B2H96C90(NO)9,360
ja5b02556_si_002,CaH20(C17O4)2,34
IWOSUJ01,NiH9C8(N2F)2,16
SOPLEQ,ZnH13C20N2O5,320
MOYZIK,VZnH28C41N3O4,82
LUYBOY,Eu4Cu5C74(N5O13)2,148
acs.inorgchem.5b02378_ic5b02378_si_002,Dy2NiH12C48(N3O13)2,192
AVAQIX,CdH8C12(NO2)2,96
VIZQEC,CoH8C14SO6,168
MAJKAM,Zn4B32H32C14O13,56
WURKEB,MnH4C8O5,128
TEQPEM_SL,Zn4H18C30S6O13,60
WAVQUF,CoPO4,0
RAQVEM,Zn3H54C64(N5O2)4,128
GOGWEF,MnH2C8S2(NO)4,16
QUMJEP,DyH11C21O8,168
XIPHIN,Fe2C4Cl2O9,32
SAHYAD01_charged,CdH36C48N12(ClO4)2,192
RIBDEN,CoH3(C3O2)3,36
EDUSOL,Zn4C36Br24O13,288
SUXYIU,HoH16C16(NO)8,128
WILGII,AgH6(C2N)4,48
MIVPEN,TmH3C8NO6,32
GAJVAQ,ErH9C18S3(NO2)3,144
LAZKUU,CdH24C36(N3Cl)2,144
REJLIC,Co3H26C46S3(N2O)8,92
MAGVOG32,AgH8(CN)2,8
HIVQAG,MnH8C12(NO2)2,48
ADAXEK,CoH8C13NO5,26
WUTBUI,La2Cu3H30C24(NO4)6,48
cg501560z_si_002,MnCr(CO2)6,96
MIHBAG,Mn3H16C28(NO5)2,56
SUSZOW,AlPO4,0
GEGSIW,CaH4C10N3O4,80
SEYQIW,Zn(CO2)3,24
ZEBMEA,Eu2SiH16C29NO14,58
COYMIN,Zn3H26C30N2O11,270
XOFTIW,Ce2Cu7H28C42I6(NO2)7,84
HOWSET,Cu8H40C71(NO9)4,284
OFIWIK_charged,Zn3P4H32C12(NO6)2,48
QAYTEP,NdH60C30(NO)6,90
BIBMIK,Zn2Mo4H41C63N23O24,126
VADWON,CoH42(C7N2)6,168
PAKFAL,MnH4AuC8N3O2,64
GAZLAW,NaCoH33(C7O6)3,84
GEDDAW,Co2H3C4SO7,48
WAGQAY,Ni5H38(C31O7)2,558
XUMTUV,Ho2H9C24(NO6)3,48
IJANEN,Zn3H22C38(NO3)4,76
HUFHEX,AgH8C9N4,162
acs.inorgchem.5b02108_ic5b02108_si_002,GaH4C8O5,64
FALZEY,Li2Al(PO4)4,0
IDUTUW,CsCdCBr2O3,8
WAHNUQ_charged,Zn5Co6H144C204(N11O8)6,204
QODHUO09,AgH12(C3N)6,288
SITFUY,Cu4H24C48N32Cl3O16,144
POLDUQ,CuH8C8(N3O2)2,64
IYAFIX,NdBiH18C10N3O14,40
JOPWUI,Cd2H24(C11O4)3,198
acs.chemmater.5b03723_cm5b03723_si_005,Cu2H32C37(NO5)2,444
EVADEK,Ho7H56(C23O8)4,368
TOHDIF,Zn2H33C40N13O,720
LABNOU,Zn3H78C83I12(N2O3)6,664
JAVTEG,Al4(PO4)5,0
HOFSUS,ZnH5C10N3O4,40
VOSVAC,Co2H68C94N8O9,376
GEDLIM,ZnH16C20(N3O2)2,80
RUBLEH,Zr3H48(C2O)20,160
OXUNEB,MgCd2Mo12P8H19C2N2(ClO25)2,4
SUJREV,ZnH14C18(NO2)2,144
DOPJAV,CuH5C7NO5,168
AFEDIA,Tb2NiH32C56(N2O5)4,56
XIJJEH,Co7H132(C11O6)6,1056
JOCPIB,CuH4C8N4(OF)2,64
OTATOT,TbH18C24(NO3)2,96
CIVTEH,CuH12C24N5O2,96
BUCSIC01,Fe4Co3H50(C31O9)2,124
GOXGAD,Cd2H6C16O9,32
NIWZIE09,MgH3(CO2)3,18
CEBDOD,Ba3P4H8C4(NO6)2,8
XOJPES,CuC2N,16
ESIGES,ZnPH3(C2O3)2,32
EWUTEW,Cu3H20WC26(S2N3)2,104
XAXBEF,MgH3(CO2)3,12
ASADAA,Cd2H11C20N2O9,80
KEDJAG03,Cu(CO2)3,24
PAMVEG,ZnH22C16(NO)4,64
BEXQIF,Fe(C2N3)3,48
BADXAI,TbH17C18(NO5)2,324
HAFVOB,Ca3P2H24C42O13,168
PULHOT,MnGaP3(HO6)2,0
QUJWEZ,UH4C12(SO4)2,96
NUXMAU,Cu2P2(CO2)3,6
LUCKEB,DyH13C26(NO6)2,104
JESDIV,Ga2P3H4(O3F)3,0
HOQMUX,MgH8C13NO5,104
GADFAV,LaC12(ClO)6,48
OTIQEP,MnH8C12(NO2)2,48
WARWOC,Sr2H14C18O11,36
GITWIQ,ZnH4C6(N3O2)2,60
YUSWEP_manual,Cu2H24C41O8,1968
KETHEY01,CdH7C13NO4,52
FUTZAX,ZnH3(C3O2)3,72
UMOKIS,Zn3H36C58(NO)16,232
PADBAZ_charged,NdH10C9BrNO8,54
VAYWEZ,Ag5H40(C7N6)4,56
DAXJET,FeH18(C3N2)6,108
CEKRUH,Mn2FeH36C44Br4(N5O2)2,396
UTOTUT,Cu2H5C9N6O7,36
jacs.6b06375_ja6b06375_si_001,Zn4H39(C3N2)13,312
FODZUU,Al3P3HO13,0
VELBAQ,Mn3Zn4H107C128N8Cl3O20,128
GAMTIY,PrH9(C2O)6,24
TUJFUB,CuH20C28N2(ClO)4,224
GUJREK01,Cu2H16C24S(N3O2)2,192
ESARUN,Zn2H33C34(N4O5)2,68
XUDNUH,CuH10C17NO4,272
QADWIE,GdPH7C8NO8,32
OPIWEQ,CoH9C9(NO2)2,36
ARAFEF,CuH8(C5N3)2,40
NUDLEF,Cd2Fe2H40C52N4O13,416
XOCWIX,Ho2U3H6(C5O4)6,30
CAKFEB01,GdH12(C5O2)3,120
DITYOW,CuH6C6(N2O)4,48
IQOJEF,ZnH21C31(NO)4,248
XUJPEY,Ni3H12(C18O13)2,72
QUSFEP_charged,LaCu2H20C22N5O18,44
ja510525s_si_003-1,Zr6Fe3H80C144(N3O8)4,144
LUFNAC,MnH10C14(NO2)2,56
DOKHOB,Cu3H34C44(NO3)4,88
GEKVEZ,CsYbMoH4C9N8O,18
LOKPEG,GaPO4,0
PEXTUI,Cd5H12(C3O2)12,72
GEGDED,Cu4H20C37O20,148
BIZMII,ErH32C40(NO)8,240
QAJJOD,Zr3(C9O2)10,720
REBSAT,Al3(PO4)4,0
MOCKEV,CuH3C8NO4,48
WUYWIY,Cd3H60(C11O3)8,88
AGONAM,CdH3(C5O4)2,40
GOSDID,Zn3H29C55O14,220
NEXDOK_charged,Na7Fe2H36C72N12(ClO6)6,288
SABWAU01,AlH5C8O5,64
FUWXOL_SL,ZnH2(CN2)5,20
EJATIS,Fe3P6(HO11)2,0
WOGLAF,Zn4P3O13,0
XOMNEU,Zn2H44C61(NO)8,488
DIBXAP,HoCuH8C16N5O8,32
ULUVUT,ZnH4(CN5)2,4
ACAJIZ,CuH12C11NO4,88
VUQJUN,MnH8(C7O2)2,112
KUVMIZ,CuSiH31(C13N)4,416
XULVAD,Gd2Mn3H4C28(NO3)8,28
QAJJOB01,In2P2O8F,0
ROQMER,NaCrN18,0
UQERIT,InH14(C2O)10,80
YIXYUB,CdH7C9(NO)3,72
ja406030p_si_009_manual,Zn6Cr3H60C90N6O43,180
OPEGOG,In6P14H19O43,0
KAYBIX,CaH3C7NO4,28
LASREF,Zn2Cu6H6C18BrO36,36
IJAPIU,ZnH9C13(NO2)2,234
HAKVUN,In3AgH9C21N3O13,42
YEZKOF,CoMoH20C24(N2O)2,72
HAWWOT,Nd2H6C18(SO4)3,72
PEGCAH,ZnH8C7N6,56
OLURUI_charged,InH4C12(NO2)4,72
SETRAM,FeH4C8O5,128
FUNFOL,Co3H42C66(N5O3)4,66
FUNCAT,ZnH13C23N3O4,92
YAVZAX,Cu2C3(SN)3,12
FEXCES,CoH7C13NO4,78
BICPOT,Al4P4O16F,0
MAFLUD,Zn3H12C20(N3O4)2,20
SOHGUS,CoH8(C3N)4,96
IYAJOJ,KNa2Cd3H24(C2O)24,192
UNABIV_charged,Cu3MoH16C22S3N5O,88
VUNXUY,Cu2H4C8O9,192
VUPDOB,SmH9C17NO6,136
ZALMIL,Co5H32C34(N2O9)2,34
YAQCIE,InP2(HO4)2,0
IKOKEA,Al3P3O12F,0
OCAQOY,V2NiH12C15N3O4,60
NEKREB,H6PdC8(N2O)2,96
ESUSAO,Co3H8C14(NO)6,28
CDLGLU02_SL,CdH7C5NO4,20
MAGVOG03,AgH8(CN)2,8
WUNVAD,CdH36(C4N)12,192
NOPJUZ01,Ni3H50C70(NO2)8,70
KALGEL,Ni2H30C40N4O9,80
BUPDUM,Cu31H72C48S24(N24Cl)4,384
WEBJOE,In3Ni2(C23O14)2,276
LAJLEP_charged,RbH40(C6O5)4,288
IXOFEH,VH4C8O5,32
RUGJEK,LuH3(CO2)3,6
GEGWAS,Ca3Eu2H18C42(NO4)6,84
FUTZOL,Zn5H18(C3O2)18,216
VATXEU,U(CO2)5,60
UVIPIZ,Cu(C3O2)2,288
LABPEM,Zn4H92C75I12N12O,600
DICVAO,NdH27C21(NO)6,84
DUPVER,Zn3H10C23N5O12,92
TONKIR,CoH36C24NO4,192
ECUDOX,U3P4H8(C2O7)2,8
JETZAK,MgH8(C7O2)2,84
PAGFUZ,Zn3P4(HO3)4,0
POVXII,MnH4(CO)4,48
WIHTEO,EuH4(CO2)4,16
ERALIU,Zr3H24C44(N2O7)4,176
APETAS,Cd3H10(C10O7)2,40
VOBRUB,NaCuH8(C2O)8,64
WUYYEW,SmCd5H120(C11O3)16,176
WIWKIX,NiH20C26(SN2)5,104
LAMHAI,CdNiC7N6,56
DADXUE,Cd3H54C52(NO4)4,208
ECODEG,CdH8C12(NO2)2,96
SOYYEL,Fe4P4O17,0
DOQHUN,EuPH3C3O8,12
WAQTEQ,Zn2H6C12(NO2)3,216
FAYPEC,Zn5H72C81(N3O2)6,324
RAGMOE,LaH26C42(NO6)2,252
EZESAF,CuH23C25(N2O3)2,100
RAHNOF,CuH5C12NO4,288
WARFAY03,ZnH16C16NO4,128
HUWSUN,CoH36C42(NO)6,168
ELIJOZ,CeH7C15O7,30
MOPKEJ,Al3P3O13F,0
HEXVEM,CuH10C16(NO)4,192
KECRAL10,Cd(CN)2,6
QONKUB,Cu3H16(C12N13)2,48
VEGBUG,Zr3H4C20(SO2)6,240
DAFJOM,Mg3H24C42N6O25,84
TOXHAR,ZnH27(C11O3)3,66
OJORUC,Zn2H21C30N3O7,120
GEZYUH,V9P17H23O54,0
CAVMIX,Zn7H93C93S2(N2O7)3,372
HUFYIS,UH7(CO)6,72
NASRIL,CuH9C13O4,104
VECZEI,CaN9,0
WIYWAE,Tb2H24C34NO11,136
VAJHIA,Zn2H8C15(N2O)4,120
PUNSUN_charged,LaH18C14N4(ClO5)2,28
BAZFUF,CuH10(C9O2)2,216
QEFWUV,Zr3FeH24C48N4(ClO6)2,288
REWSUJ,DyH20C28(NO4)2,112
MUVGOA,ZnH16(C17N5)2,136
WEYQAU01,Mn(C3O2)3,72
MISQIQ06,Al2PH2(O3F)2,0
HUNCUQ,ZnH8C14SO6,168
FALZIC,Li2Ga(PO4)4,0
RUPZIM,ZnH8C14(NO2)2,56
ic801404p_si_001,Mn2H24C28N4O9,56
BONWAD,Zn2H4C8O9,32
ja308995t_si_002,ZnH11(C11O2)2,88
FAZZEM,LaMo2H5C7NO9,28
OTUDEO,KNaMn3H21(C11O7)3,66
WOZWEP,InPH7(C2O)7,112
HUGTOT,Cs2P3H47(C11O2)2,396
QURPIE,Zr3Cu3H18C36N6(Cl3O16)2,288
BAZGAM,CuH18(C15O2)2,360
FUTYEA,ZnH3(C3O2)3,36
GUFBUG,BaH18C34(SO2)4,272
ABAYOU,CoH2C6ClO4,288
OLEKUL,Na3Cu2H58Pd2C106(N5O8)2,106
WIRNAO,CuH8C5N2O,40
EFAYEQ_clean_h,CuH15C22O5,352
MUPQAQ,Cu5H17(C6N5)4,48
FIJDEI,Cd3H16(C2O)16,128
TOVJEV,Fe3H32C54N2O13,216
SUNHOZ,YH8(C2O)8,32
NACYUM,VCoPH14C15N3O7,60
OZULAY,MnHC4O3,72
OSIKUX_clean_h,ZnH8C12(BrN2)2,288
HOGJIX,ZnH3C8NO4,96
KOQJOR,ZnH48C34(NO2)4,136
JUSKAL,BaH24(C17O6)2,136
GUSNEN_SL,CrH5C8O5,32
DARNOB_charged,PrZn4H16C32(NO)16,64
YEGKIG,ZnH30(CN2)24,192
PURJES,Zn2H24(C11O4)3,66
DODMIT,ErH6(C2O)6,48
CAJHUS,FeH3(CO2)3,6
HURGUX01,Ni3H32C40(NO6)2,80
KUHNEI,CoHC5O4,80
DOKBUC,FeH13C20N2O5,160
FILYEG,Co3H10C20O11,160
WAVWEW,BaCoH4(C3O4)2,24
AKOXIJ,Ni9H24C172(N13O28)2,344
WICGEV,MnH2(CO2)2,24
TISWEZ,Gd2H15C12(NO4)3,96
XAMHEA_manual,Zn4H32C46O17,92
WIKXUJ_charged,Li2CoPH94C63N14Cl2O17,252
YOYVOZ,FeH8Au2(C2N)8,144
NUDMEG,Mg3H8C14(NO5)2,56
YUZCON,ZnMo12(P3O17)2,0
ORUKET,MgP2H16C28(NO6)2,168
COKPUP,ZnHC4O3,72
EZOBUR02,Cu3H37C53N6O12F29,212
DUSHEG,Ni9H50C84(N3O31)2,1344
YICDAR,MgHC5(NO2)2,90
ELEROE,Cu2H12C28(NO4)3,672
AMUFEV,Co2H11C15NO8,30
FALDAA,Cd2H32C40N2O9,160
jacs.6b04608_ja6b04608_si_003,Zr13B6H96C360(O11F16)6,1440
HABRUZ,Cd2BH22C27(N5O4)2,54
LITCOI,CdH11C17O6,136
HUNBIB,Fe2As3(CO6)2,8
LAZXOB,Cu3H8(C11O6)2,88
XOPKIX,AgH8C20(SN)4,40
AWEWOP,Cu3H25C54N3O20,216
ONAWEG,CuH32(C5N3)4,160
BEXPAX,NiH6(C7O3)2,42
MARLID,La2H20C18O13,36
HEDGUS,CuH4C8N3O4,32
GACVIS,Ni3H6C18O13,36
TILBOH,Pr16Sb48H24C72S12(Cl10O41)3,72
YOCNIP,CuH13C13NO7,78
YINCOP,Mn3H22(C21O8)2,84
ROQNES01,KCrN18,0
XADDAJ,TbH7(C5O2)3,120
UXEDIL,ErH4(CO2)4,16
KEYMUY,NaCdH8(C8O5)2,64
ZOXGOK,CuH3(C2O)4,64
POTREX,Co2H28C44N6O5,176
REXCII,ZnH8C12(IN2)2,144
RAVCOI,PrH8C17O8,68
ARAHIM02,NbNiH8C8N4(OF2)2,32
ZETQEW,Eu2H15C12(NO4)3,96
SETXEW,Zn3Mo10H26C24(N9O10)2,96
CUWNOZ,Co3H27C44NO16,176
COJGEO,Zn3CuH26C40(N2O7)2,160
LEQVUZ,CoH24C30(NO)6,240
YORRII,Be6P9(HO3)8,0
la304204k_si_003,ZnH14C13NO4,208
YEKXUJ,CuH10C14NO4,112
NUVYOT,NiH15C25N2O7,100
TUKYIJ,AgH21(C5N2)3,480
AZAWAZ,NaU2C5O11,10
cm503311x_alf500K,AlC8O4F,32
ENITEB,Cd3Si2H32(C7O2)8,112
KADLUZ,Cu2H14C22I(NO)4,396
SOMSIY,GaC6N4O,24
la4012839_si_002_auto,ZnH2(C3O2)2,288
BOCTOE01,MnN9,0
VERZOJ,NiH3(CO2)3,12
QEGGUE_charged,AgPH30C30(NF3)2,480
ENCNBZ01,CdNi(CN2)6,6
MATBEQ,Cu3MoH20C25S3BrN5,200
NANYUX03,ZnH3(C3O2)3,36
OPIYAP,Cu2H15C16NO11,128
DUNXUH13,ZnH3C8SO7,32
YEFNEC,CdC4,32
HUCBAJ_charged,LiInH14C28O9,112
YUKKAS,TbZnH6C15(NO5)2,30
BEDYEQ,Zr3FeH24C48N4ClO12,288
RUGNUE,YH3(CO2)3,6
ODIXEG,Zn2SiH16(C7O2)4,56
VOZVEN01,Zn2H12C18I5N6,288
RIPTEQ,NaZnMo6P4O25,0
YAYPAR_charged,Th2P4H8C12O12F,48
XIBZUF,Y2H15C33(NO5)3,132
SALXIP,Ce3(C6O7)2,144
INIGOD,ZnH70C60S4(NO2)4,2880
PUPXII01,MnH5C10N3O4,40
DOHYIJ01,EuCuH8C14(NO4)2,56
ZIJVEV,Co2H21C33(N4O5)2,264
FOHQUO,SrCoH4(C2O3)3,24
MABKIK01,CuH12C11NO4,44
RANNUS,NdP3H15(CO)12,24
REHJAR,Cd3H18C39N3O14,312
RAVXET,MgH35C33O7,198
YOMZIL,Ag3P4H89C83S3,166
OPAPOL,TbH18C15S3(N2O)6,30
TOKDON,CdH4(C3O2)3,36
ja512762r_si_002_auto,Zr3H30(C2O)16,128
WANJIF,CuH8C12(NO2)2,48
YEFPAA,CdC4,32
QADBII,SnH13(C4O)2,64
MUWRON,CuH8C12NO4,216
QODHUO10,AgH12(C3N)6,288
YAZWOM,CuH13C7N2ClO3,42
ODODOC,Cd3Si2H32(C7O2)8,56
VIRQES,Mn2PHC3O10,6
LIDWIG,CoH16C24(NO2)2,96
YECQUS02,ZnPO6,0
SUWBET,AgH8(C4N3)2,144
UFASEA_ion_b,Cd8H37C65(N9O10)2,130
AHOBEG,Co2H17C29N4O11,58
XOMCIL,ErC2O5,4
ROQRAS,UCuH6C14(NO4)2,56
GEVYEN,ZnH12C19(NO2)2,76
IXOFUX01,VH4C8O5,32
RAXCAW_charged,Zn2P2H16C16NO10,32
MUZVUA,Cd2H26C37(NO4)2,74
GOYXEZ,EuAgH8C14(NO4)2,56
YEPCUS,AgH8(C5N2)2,120
UJOJOU01,Mn4H21C15(N2O)6,30
HABQUY,CuH8(C5O)4,480
ORERAG,Be3P4(HO4)4,0
HOQNOS,MgH4C15NO5,120
MISQIQ05,Al2PH2(O3F)2,0
WONJUG,Y12H180C324O71,648
RAZYOI,CuH9C10N2Cl,80
EWETOR,Zr3Re9C138N6(Cl6O23)2,1104
HUQGOR,Zn3H58C90(NO3)4,180
ABIXOZ,Co3Mo12(P2O13)4,0
IVIXIW,AgH9C13(NO)2,26
TOXNEB,AlH4C8O5,64
UNAGOH,ZnH3(C3O2)3,36
RENWEM01,CoH2(CO)4,8
ETECIR,In(CO2)5,80
MIHHER,CoH6(C5N4)2,480
PAPNUR,CuH18C34Br(N4O3)2,102
KONCIA,PrH4C5O6,20
NENFAN,Ga4P4O16F,0
TUMROK,CoH9C15N5O4,60
QATPOR,Ti3GaP5HO21,0
YIZGIZ,AlPO4,0
WUYTUH,Cu2Mo(CN)8,64
CODSAR,TbH12(C5O3)3,60
EPONAA,NbZn2(CN)8,32
FIJDIM07,MnH4(C2O)4,48
MAKHAJ,Zn3P4(HO3)4,0
XIHXET,MnH5C11O4,88
LADQEP,Eu2H36(C17O4)3,102
IBACAS,Co2H20C30S2N5O12,120
EMOFIX,ZnH21C20N4O5,80
XUPSAE,AlH4C8O5,64
BUPDOH,CuH7C14(NO)4,252
j.inoche.2015.06.036_inc06102-mmc1,CeH3C12N5O7,96
TOKLIQ,SiAg4H16C38N4(O4F9)2,152
EQEROJ,ZnH8C10NO4,80
ABEYEN,EuH2C7(NO3)2,56
WABTOK,Cd3H8C4(Cl3O)2,8
BUVWOF02,FeH16(C12N5)2,72
CEFDAU,ZnH6(CO)8,32
GAFBEX,Nd(CO)6,24
TADWEC_manual,ZnH17C26O5,208
QARCET,ZnH8(C4N3)4,96
CUSZEX,CuH4(C3N)4,48
MUHQAI,CdH28C30(NO)4,120
FOFHUE,MnGa2P3H2(CO5)4,8
WUYXUL,NdCd2H60(C11O3)8,176
HIWLOO_clean_h,In2P3H12C15(NO4)3,30
EXEQAA,ScH4C8O5,96
IXEDUK_charged,Yb3H96C122S2N24(O5F)6,244
GIVHIC,NiH36C36(SN)6,216
QAVDEW,Cu3H12C8(N2O)8,16
VERZID,CoH3(CO2)3,12
OKIYIR_charged,CdH36C48N12(ClO4)2,192
OQUXAB,Co2GeH20W12C24(N4O17)2,96
LODPOK,Co5H40(C42N17)2,336
RESQAJ,Cd2H30C42(NO)9,84
FIHLOZ,Co2H18C26N4O13,208
IXOFUX,VH4C8O5,32
WOHSOB,KCu2H27C38N6O5,152
XAPSIS,CoH3(C3O2)3,36
EQERAU,Mg2PH13C21O8,84
WUYXAR,CuH30(C11O3)4,88
LAPLEW,InH20C24(NO2)4,384
jacs.5b13491_ja5b13491_si_002,Mg3H9C24N3O13,192
UJECUI,LaCo3H30C18S6(NO2)6,54
HANKUE,Cd6In3C63O44,2016
BAFHAU,CuC3N,48
INOVEN,GdH7C15(NO3)2,60
UZATAR,Er2H3(C5O4)3,30
OQUZIL,Ag2BH20W12C24(N4O17)2,96
NIGBOW,VH8C14O5,28
LOJFUL,NaZnH24C53N5O8,106
AZIVAI,CuH12(C5N)4,80
RUZDAS,MnPHCO5,4
OWIJOV,InH4C8O5,64
GEDQUD_charged,Nd2H19C35N4(ClO7)2,70
CAYYEG,MnH24(C5N)8,120
CESFOW,CuH7C13O4,234
jp209895d_si_002,Zn2H30C30(NO2)3,240
YOZRUC,CoH4C6(NO2)2,24
XEKCAT01,MgH2(C3O2)2,72
GIZJOP,ZnH6(C3N2)2,96
RUPVAB,Zn9H18(C27O19)2,216
SIVVAW,CdH8C12(NO2)2,48
j.inoche.2015.02.023_INC05895-mmc1,Zn3H44(C9O2)8,72
FUVDEH09,ZnH16C22(NO2)2,176
WOTLOI,Cu3H60C60N30Cl,60
OREZES,CaCu6H48C36S6(N2O7)3,72
SANGEW,CeH9C12(NO3)2,96
OQOXAV,ZnH2CN5F,8
MORFEG,Cu4H40C48N14O9,384
XEHFUL,YC2O5,8
DITPED,Cd2H31C40N5O6,640
LAFQOA,CoH16C26(SN5)2,1248
VAQTUF,AlC24N3O7,384
DOMDAL,TbHC22(Cl2O)6,352
FIFMIS,Co2H19C25N3O8,150
CAJLEH,Cd3H18C33(N2O3)4,66
FECZAQ_manual,Zn4H16C30O13,120
LAPMOH,InH20C28(NO2)4,448
MOMJIJ,LaH3C9(NO2)3,18
XOCWUJ,Tm2U3H6(C5O4)6,30
ic502725y_si_004,Th3H12(C3O2)8,48
XISXEE,Ni2H16C29O10,116
MEXDAU01,Zn3P4H3O16,0
EWIMIH_charged,Mn2H24C27N5O11,108
VURNED03,ZnH16C14NO4,56
HIBQUE,In2P3(CO8)2,4
FEDJUU_charged,ZnH32C32N4(ClO8)2,64
YOZCAS_manual,ZnH6C10BrN5O2,240
DAWVOO,CuH4C6N5,96
HOQMIL01,MgH8C13NO5,104
YOGVEX,ZnH12(CN2)12,24
TUMRUQ,CuH9C15N5O4,60
EWUKAK,Zn2CoH6C18O13,144
VUTVAJ,DyH5C9NO6,36
LIVTEP_charged,CuPH2C10(N2F3)2,20
YEYMEU,AgH8(C3N)4,24
BETGOY,Co12H8C24N32Cl5,72
cm503311x_aloh325K,AlC8O5,32
OHAKIS,CdH14C20(NO)4,160
MIZZOM,NiH3C33N2O15,66
HAFWIW,Cu3H2C10(NO2)4,160
OCIMAR,Co3B20H78C82(N2O9)2,82
EWUSOF,Cu3MoH16C20S3N4Cl,160
BOCKOT,TbH4C8NO7,64
LETREJ,Zn19Ga4P26H24(O39F)2,0
QIVJAG,MnCr(CO2)6,24
MOFPEE,Zn3P3HO12,0
VEGMIE_charged,Co3H40C40(NO8)2,80
JELPAS,Fe3As4H3(CO7)3,12
OROKEN,Nb3CuH3C5S3(N2Cl3)2,20
PEGQID,GdHC5(NO2)2,80
IBUBIT,Zn5H20C32(NO)12,128
VUDQOB,YbH6(C2O)6,72
WEHHUO,Zn4H20C37O20,148
XUMMOJ,CuH28C36Br(N2O)4,72
LORMOW,Cd5H46C72(N2O9)2,72
BUCROH_charged,Fe4Ni3H44C52(NO13)2,104
EQOCES01,CoH6(C3N2)2,96
GAJZUO,YPH11C7NO5,28
UMOVEZ05,CuH13C21O5,378
YEZKIZ,CrNiH20C24(N2O)2,72
REXDUV,ZnH8C12(IN2)2,144
IYEPUZ,Mn5H36C76(NO5)4,152
GAVYAG,ZnH8C13N5O4,52
TARWEO,CdH(C2N3)3,24
AHOKAJ,Fe(PO3)2,0
MAGVOG16,AgH8(CN)2,8
KUNLEL,Zn2H7(C3O2)6,36
LAWHUP,CdH2C8S(NO2)2,144
c5cc04223b_c5cc04223b2,Zn4H38C64N4O17,64
XULCIR,Mn3Fe2H24(C7N3)6,84
QOJYEV,Zn2H12C21(NO2)3,84
CETGOY,Ni2H72C60N4O5,180
NUTQAV,CuH3C9O4,54
ROYROO,Yb2H42(C23O6)3,276
NAGQET,CoH16(C12N5)2,72
c5cp03920g_c5cp03920g2,Zr3H14(C3O2)8,48
UKAZAI,KMnCu6H3(C3O7)3,72
VUGXIG,NdH27C30(NO2)3,60
TASWAN,TbC22(Cl2O)6,176
GOJRED_manual,K3H72C63N30Cl3O17,1008
BIJJOV,CdH12C18SO6,144
VEQBID,Ni5H22C16(N2O9)2,64
ENESUN,CoH16C16(N6O)2,256
QUTDAM,CuH7C12NO4,216
QATKOO,TbH15C24NO8,96
QOHTUD,CoH14C18(NO2)2,72
AKIXEZ,CuH26(C10O)4,720
NARNIG,Dy2H5C14(NO4)3,56
GIQXOU,ErP4H8Ru2(C2O7)2,8
PAPKUP,NdH18(C4O)6,192
QAVZAQ,Nd2NiH14C26(N3O8)2,26
COKJIX,Gd2H13C25O14,50
QOPHEI,Co3H18(C4O7)2,8
YOTXOW,Al3C16N2O15,64
ABEXUC,NdH2C7(NO3)2,56
VACFUB_clean_h,ZnH8C12(NO2)2,36
YEZFIU,ZnH8C6N8O,36
VAHJIA,Co3H34C44(N5O4)2,44
NOPJUZ,Ni3H46C70(N4O7)2,70
FALZOI,Na2Al(PO4)4,0
YINCUV,Mn5H44(C21O8)4,168
EPEXUU,CuH9C16NO5,288
LAZPOT,Ce2CuH14C30(NO8)2,120
GIJXAA,Zn2H26C42N2O11,168
VURYOX,CuH6C11(NO)4,44
SIVJIS,Cd6H40C68N11O23,68
XAPCOJ01,VH4C8O5,64
GAMVAS,PrH9(C2O)6,48
VAGBUD,GdCu4H24C36I4(NO2)3,72
GULPIN,Zn2H22C39N4(O4F3)2,78
TEXTOH,EuH31(C18O5)2,72
REXFAD,ZnH8C12(IN2)2,144
NIRMUW01,BaH4(C3O2)3,36
ic501801f_si_002,Cd3B2H90C74(NO7)2,148
RUYNIK,Cd2H11C24(N2O7)3,48
HEZKIH,ZnH6(C2O)5,80
OVIZID,Ni3H32C44(N3O8)2,88
GABGOI,ZnH15C16(NO)4,192
IGAHED01,CoHC5O4,10
CODNAM,Zn3P4(HO3)4,0
GERNOI,Zn3H68C76(N7O9)2,152
DOMCUE,TbC22(Cl2O)6,176
HOQMIL03,MgH8C13NO5,104
IXIPIO,Mn3Re12C12(Se4N3)4,48
KAPHOZ_ion_b,K2ZnH2(C5O4)2,20
DAKVUI,Cu4H20C37O20,148
YAQCEY,Mn3C30(NO2)5,240
USISEW,Cu2H24(C3N)13,156
QANSUV,Cu5H16C28N12ClO10,504
HAWWIN,Nd2H6C18(SO4)3,72
AMOFAK,EuH15(C4O)6,192
FIFGAE,In3Co2H9(C3O2)15,90
LUWMUN,SmH15C25O6,200
NOFRIK,Tb2CuH32C52(NO8)2,104
BUXNOZ,Cu5H18C42(N2O5)4,336
UNECOH,ZnCo2H6C18O13,144
YUXLEJ,AlAg3H27C39(NO)6,702
XAFFER,ZnH12C20NO4,80
XAKZEP,Mn3H33C39N8O9,312
YAPTIT,Na2H44C25N6,200
UKUMAO01,FeH4Au2(C4N3)2,32
XADFEP,NiH4C9(NO2)2,36
GUMDEZ,ZnH10C10S(N2O)2,40
LAFRIV_manual,CoH16C26(SN5)2,1248
CURZAR,Cd4H68C66N8(ClO4)3,264
LELDUD,CuH8C17NO4,816
VARWES_charged,Nd4H22C12N3Cl5O46,48
NOBWUY,Cu9H27C51N12O23,1632
AQUDEX,Cu2H14C17(N5O2)2,68
REBSIB,Zn2Ga(PO4)4,0
MAGVOG34,AgH8(CN)2,8
BOCTEU01,MnN9,0
REYJEM,In2H20C37O20,74
PUVREF,BaFe(CN)6,36
WENSIS,K2CaZr(CO2)8,8
OWUHOF,ZnH12C18NO4,288
OSURAX,Cd3H40C64(N5O6)2,256
EFOGOX,CdH32(C19N8)2,912
HIGRIA,Zn4CoH18(C2N)18,72
AGONEQ,CdH2(C5O4)2,40
TIFZIR,Zn3P4(HO3)4,0
GAJZEY,NdPH11C7NO5,28
ECEDAU,Sr3H14(C9O4)4,36
DUFZUA,Gd2Fe3H18C42(NO4)6,84
NARNUS,Er2H5C14(NO4)3,56
KUSQUM,Cd3Cu2H64C68(NO2)8,272
NOHLAZ,NaSmC8(NO4)2,32
VIXLEU,Rb6H56C72O37,1296
PUQHEP,CoH8C11NO4,44
ABIYIV,Co3H28C40(N5O4)2,160
RAVDOJ,TbH8C17O8,68
SABZED,Ho2CuH12C32(NO6)4,32
GIWCIZ_ion_b,GaAgH30C43SN9(OF)3,516
OCURAG,V2P2H7C3O7,24
SUFHIM,Na2ZnH4(C6O5)2,216
LUXFEQ_charged,Na4Cd4H14C34N16O29,204
KOCCUC,Cd3H32C54(NO6)2,54
FIMNIA,Ag8H20(C6N5)5,60
PUDSUD,Nd2H18C42(SO6)3,168
acs.inorgchem.6b00136_ic6b00136_si_002,Zn2H20C36N5O8,144
WUZQOZ,CuH8(CN2)8,16
FUHNED,BaZnH6C16O9,64
SEHNID,Eu3H12Ru4C32(N6O)4,128
VURNED01,ZnH16C14NO4,56
BEPREV,Ni3H44C72N6O13,432
EBIMEJ,Co2H9C17O9,68
QESLIK,InPCO6,2
QAWDID,MgZn(C3O2)3,36
MINVUA_SL,CrH5C8O5,32
IPIDUH,Ag2H16C11SN5O3,88
TIQHIL,Na6DyH24C40S8N8ClO36,40
UGUGUZ,Yb2C12(NO4)3,48
VEJYUF,ZnH7C7N4,112
VEXVAW,Fe3H33C57N3O13,114
DEHBIC,GdH6(C2O3)3,12
OKIYIR03_charged,CdH36C48N12(ClO4)2,192
QIWQES,CuC16(NO2)2,128
ACUBAB,Zn8P6ClO24,0
QOCSAD,CeH6(C2O)6,24
DITSIK,Cd3H5C14(NO5)2,28
IJISOK_charged,AgH21C24N3ClO7,96
FOJKIA,MgH8C12O5,48
c6ce00126b_c6ce00126b2,ZnH12C18(N3O2)2,144
PAKXIK,Cd3H24C36(NO7)2,72
LUMLIQ,Cd5H6C20(NO2)8,40
TUMQID,CuH8C15(NO)4,60
MARLAS,Cd2H24C36N19O5,144
OYEROB,Cr3Cd2H24C36N6O13,144
VEGMOK04_charged,Zn3H40C40(NO8)2,80
VOLQOD,Zn4H30C54O13,216
MAFDII_SL,InH9(C7O3)2,448
COKRUR,InH20C36(NO2)2,1152
MUNPER,ZnH12C24(NO3)2,96
TISKOW,Zn7H16C32(N9O8)2,64
RAZXIA,KCo3H8(C6O7)2,48
YIPDOR,CuH32(C3N)12,72
HUCXOU,HoH12C21(NO2)3,84
XAPCOJ04,VH4C8O5,64
QUQPUO,ZnH8C17N5O,68
MITGOL,Er2H3(C5O4)3,30
NUCBIY,ZnH22C24(NO)4,768
LURRIA,CuH8(C9O2)2,432
ICITUK_charged,Li7Ni4H6C30(N2O5)6,120
EBEMEE,CdH10C16(N3O2)2,64
HUWDEJ,AgH24(C6N)4,48
QOWRAV11,CuH10(C9O2)2,432
DIVQAB,AgH6(C2N)4,64
LAGVOG,YH4(C3O2)3,36
MAWVAK,ZnH11C9(NO)2,36
LIKGUJ,Cu9(C19O9)4,608
EBELUU,ZnNiH8C15N7O,30
WAMRIN01,Mg3H26C32(N2O9)2,128
YAVVID,GdH7C14(NO3)2,56
VEJHEZ,Zn19H60C156(NO4)12,624
VEFMAW_charged,Co5H78C92(N4O13)2,276
EWEWUZ_charged,Fe2Ag2H22C27N10(ClO10)2,54
NODKOH,InH22C23O10,184
XUNSIK,LiH4C6NO2,24
SAHNIZ_charged,NaFeH4C7NO9,84
YITHOA01,Ce2H8C8SO16,16
NOSJIQ_charged,Dy26Cu3H120C171N24ClO137,342
LUDKOM,CuH8C11O6,66
QIVBUT,CdFeH24C30S2(N2O3)2,60
acs.inorgchem.6b01762_ic6b01762_si_002,Th22S26O137,0
FALRIV,ZnH24(C13N4)2,104
NARNOM,Ho2H5C14(NO4)3,56
GIQYAH,HoP4H8Ru2(C2O7)2,8
UGUHAG,Lu2C12(NO4)3,48
FOPTOU,K10Li4Fe12H84C76N12O79,304
ZEZPOL,EuH6C12N3O7,24
QERCEV,Zr2P3HO12F,0
WAFKIY,ZnH16C14NO4,56
EJEFOP,CdH13C18N3O4,72
IBUDOZ,CuH4C6N5,24
IDUDIW,CuH6C12(NO2)2,48
JEXXAM07,NiH3(CO2)3,6
RANVUA,MnH4C12(SO)4,144
EZIMEG,ZnH7C19(NO2)2,342
OSOMIT,ZnH8C10N3O4,60
BEPREV02,Ni3H44C72N6O13,432
DOFTOJ,ZnPH12PdC20(ClO2)2,160
AQUCOF,Cu6H15C25(NO)10,50
EJOQOL,K2Cu7H24(C32O19)2,256
WIHVAL,MnH2(CO2)2,24
VALVAI,YbH6(C2O)6,96
ETEJIX01,LaH2(C4O3)3,24
CIZTIP,AgPH12(C2N)3,288
LIFWEE,Cu3H12C12(N3O4)2,48
ASEXED,Zn2H55C94N2(O4F3)2,188
KIFKEQ,MgH8(C7O2)2,84
c5cc10203k_c5cc10203k2,CuH20(C7N)4,168
CETFOX,NdH12(C3O2)3,36
HOBGOV,NiH10C10(NO2)2,40
XAGDAL_SL,Zn9H20(C12O17)2,192
NANTII,CeH5C15NO6,120
DODHUA,Ni2H10C21N2O9,42
TIQGEG01,Cu7H12(C8O11)2,32
XUNTAD,LiH4C6NO2,48
c5dt04943a_c5dt04943a2,CuH5C11(NO2)2,198
UMOYOM06,CuH16C23O5,414
KEGZOL04,ZnCu(CN)4,16
OCIHIS,ZrP4C10(NO6)2,40
KINFEU,TmH6(C2O)6,96
VUNNEZ,CuH2(CO)4,32
XUGROI,CuH9C17O4,136
COWREN,Co3H27C44S3NO18,176
COGKEP,Zn6Co(PO4)6,0
XAKZIT,Mn3H33C39N8O9,624
NURMUJ,ZnH2(C3O2)2,36
MARNUR,Zn2H11C18N3O7,144
UMODEH17,CuH15C22O5,396
BAXGAK,FeH12(CN2)12,24
MADVUJ,CuH16C16S2I,64
WORKOF,Zn4H18C36O13,288
POKSAL,Yb2CuH8C24(NO2)8,48
NUVWEH,LaH8(C4O5)2,32
LABGAY,Zn2H27C34N6(O4F3)2,136
NOFQOQ,CuH14C10IN4,40
ZOXNEH,CdH2C6SO5,24
SEFWOR,ZnH10(CN)6,72
COMZAH,ZnH21C27N3O5,216
QUSBEM_charged,LiCdH14C18NO8,36
TAGTED,MgC6SO4,72
DUQYEU01,Dy(CO2)4,16
OTAQAD,GaC24N2O5,96
HOGLEV01,Cu2H8C17O8,102
PEVYUM,CoH10C12N2O3F,24
MAGVOG17,AgH8(CN)2,8
XUGWAZ,DyH24C44S4(NO3)4,88
PAVMAB,AgH6C10N6O,40
OQUFAJ03,Zr3H16C36(OF2)12,144
OXAPAF,Co3H23C28(N2O5)2,112
GAWKEW,Cu4PH6W9C6N9O26,48
POWBEK,Y2Cu5Si2H36W22C44(N5O16)4,44
HUFJEZ,AgH8C9N4,162
REGMOH,NiH26C28N7O4,224
OKAZAD,CaH20(C17O4)2,34
XISPUM01,FePt(C3N)6,36
EHIPOC,Cu4H16(C4N3)3,24
RAHMAP,CuH4C11NO6,44
KUMJIN,EuH14C24(NO3)2,96
VUMBIQ,Cu2P3H11C16N2O9,128
LIRFIB,NaCr(CO2)6,24
ACAKUM,LaH8C18N3O8,72
KEDJAG28,Cu(CO2)3,24
ic401157n_si_003,YH18C30(NO3)3,120
cm501138g_si_004,CuH2C12O5,144
SUNJIV,DyH6(C2O)6,24
UJOKIP02,Mn3CrH21C15(N2O)6,30
FAKLOU,CdH6(C3N)6,36
OTODIM,AgH18C14N3,112
MORZID,AlPO4,0
DOQRUW,MnH10C14(NO2)2,56
XOJWOJ,ZnPH4C7O5,56
FASHAK,Pr2H9(C8O5)3,48
MUPYUS,Cd3H10C10BrN15,20
FUSWIA,Cu3H16C24(N10Cl)2,48
WECBAJ,Zn5P5H30C30(N3O10)2,60
RORTID,Zn3H30C34(NO7)2,136
YEDLAV,Fe3C36O13,72
TAPXIT01,NaYbH16(C14O5)2,56
MIXKUB,Zn2H14C16N4O7,32
LUCDIW,CeH9(C3O)6,36
FIVNAZ,HoC2O4F,4
BUVVOF,Dy7H48C94(N8O17)2,376
j.jssc.2016.06.015_ZJU-10,CuH3C13O6,234
REJLOI,CoH6C10(N3O2)2,30
cg500033b_si_003,ZnH15C21N2O5,84
ECORIX,Ni3H16(C9O7)2,18
LAPNEY,InH20C24(NO2)4,384
MAGVOG12,AgH8(CN)2,32
BUKYAJ,LiH8C7NO2,28
YUKJUL,EuZnH6C15(NO5)2,30
FOFCIO,CeH39(C25O4)2,100
PEGQUP,ErHC5(NO2)2,80
MIFQEY,Ba2NaCo2C20N4ClO22,80
ic202626c_si_002,FeH12(CN2)12,24
UJOJOU,Mn4H21C15(N2O)6,30
BETHEP,Cd3H2C6N8Cl,72
XUNRUV,LiH4C6NO2,48
VASFON,NdH3C9(NO2)3,18
BAKJII,CoH7C13NO4,52
WAXHUB,SrCo(CN)6,24
GAMSOD,AgH10C10SN4,80
UMODEH07,CuH15C22O5,396
j.inoche.2015.06.004_1,Ni3P4H30C30(N4O7)2,30
ja508679h_si_001,Zr3Zn3H36C216(N3O4)4,432
YULNOK,Na3Cu6H68C66(N3O13)2,132
NOCLOH01,SrH4(C2O)4,24
COXCUP,Cu2H8C7N6,112
CUGVUX,Cu2H10C19N4O7,76
LEQQEE,CuH14C15(NO)2,120
IRISAD01_charged,BiH4C4NO8,8
OJOSEN,Co3H24C36N24O13,72
XORHET,CoH4(CN)8,128
MAYYAN,PrH6(C3O4)2,24
SARGUP,FeHC4O3,24
POBYAH_charged,Ni6PH19W9C12(NO24)2,48
EXAXAE01,Cu2H3C7INO4,56
JALPAQ,CuH7C13NO4,104
XEZRIF,Sr5H14C36O25,144
CAXVUU,FeHC4O3,24
DUNXUH06,ZnH3C8SO7,32
OGIBUD,ZnH2(C5O4)2,40
TOVHUJ,Fe3H14C32O15,64
FOXQIT_charged,CdH36C36(N7O3)2,72
SAQQAD,TbH12(C7O2)3,84
KARTAA,Sm5(SO4)12,0
WOWGEU02,AlPCO3F,4
ESARAT,Zn2H26C29(N3O5)2,116
QOPDAA,Zn2GaP5O14,0
BUQWER,CuH8C12(NO2)2,108
CUVTUJ,CoHC4O3,24
WEMCIC,EuHC5(NO2)2,80
COPXOV,CoH22C24(NO2)2,288
GAKBAX,EuPH11C7NO5,28
LOLQIM,ZnGeP3(HO4)3,0
QOVSUR,CdH21C25(N4O)2,300
WAHMEY01_clean_h,FeH8Au2(C2N)8,48
FUYCIN,VH6(C3O)6,72
FASHOX,U5(PO4)4,0
TIDQIG,Zr2P3HO12F,0
HUXHEP01,Cd3H28C32N5O14,64
NUFBOH,Zn2H10C24O13,96
IXAMAW,FePO4,0
ESEVIH,Zn2H4C9O7,72
BALPIP,La14Ag16H216Pt12C122S24N24O55,488
WIYZOU,Co5H2(C11O10)2,44
jacs.6b02030_ja6b02030_si_002,Zn3H2(C4O3)2,144
KOFPEB03,La2Cu3H30C24(NO4)6,48
TENQOS,Cu5H20C28(N2O)4,112
IKEBUV01,CuH2C3O4,12
IMAXUR,Cu3H32C46N9O8,184
JORBAV,Mn2W(CN)8,32
VEFLUP,CoH8C12O5,24
XAPNIN,ZnH3(C3O2)3,36
LIBZIG,TbH3(CO)6,24
RUYVAK,CeH12C21NO6,189
ALIXUP,Cu3H10C17O10,68
HUCXEK,TbH12C21(NO2)3,84
KOJTOU,Ni2H12C15N2O7,120
LAFRER_manual,CoH16C26(SN5)2,1248
MASZOX,Cu3MoH20C25S3IN5,100
YOYZET,CoCu4B2H50C51(N9O8)2,204
VIYTAA,Zn3P2H14(C2O)14,112
FEJDII01,Zn3P4(HO3)4,0
EMIHEO_charged,Cd4In16H4C6S31N4,12
XIHSEN01,CoH6(C3O)4,72
MUVNAT,Mn3Mo12(P4O25)2,0
NAHHAI,Cd2H3C9N4O5,18
KIVDUQ,KLa3H10(C6O5)5,60
FITGEW,NiH14C18(NO2)2,648
S2052520616005515_bm5080sup1,MnH3(C3O2)3,72
JIVSAJ01,Eu2CuH32C48(NO4)4,96
KOGSOQ,Zn3H32C52(NO2)6,208
MOGMIE,La2H6C24(NO4)3,48
XOHTUJ,Ag2H16RuC16(N4Cl)2,64
RUBGUS,MnH6C12S2(NO2)2,96
EQUBOI,EuH5C7SO6,56
POLBIB,V3(PO5)2,0
UVUFUN,Zn2H30C30(NO2)3,240
MIFGEP01,CdH15(C9O2)3,108
CEJZAU,Co5H68C106N8O19,212
WOFWET,CdC3N,24
FOQNOQ,Cu3H14C28(N2O11)2,112
QIDDAI01_clean_h,Cd2H53C72(NF2)8,72
UBAVUR,Fe2H76WC60(N4O3)4,1440
JOKXUC,CdNiC7N6,56
RAPBOZ,AlPCO6,8
EHAGAX,Sm2U3H6(C5O4)6,30
XACFEN_charged,Cd2P2H36C18(NO4)3,36
RACHUA,Zn4H42C57O13,684
NADKEK,YP3C12(NO3)3,48
WUWQEL,Cd3H8(C6O7)2,24
FECXES,Cu4H20C37O20,148
PIBNUK01,ZnH8C16(NO2)2,192
PIHWOU,Zn2P3(HO4)3,0
cg301725z_si_004,MnH3(C3O2)3,72
WASMUB02,FeH32C44S4N9,176
GIWCOF_ion_b,InAgPH30C42(N3F2)3,168
DEPXAY,ZnH3C7NO4,112
MAFMAK01,Zn3H12C20(N3O4)2,20
CARGEI,CsAg2(CN)3,36
KIPJOK,NdH7C19(O4F3)2,152
GIKQIC,CdH10C12S(N3O2)2,48
KUJNEJ,Ni3H33C54N3O13,216
ZUDQUM,MnH4C9O7,72
MECLEL,Al2P2O8F,0
TEFWIL,InH3C10(NO2)4,240
HAMLAL,Ag3B3H14C10S2OF15,80
REZXUQ,Cr3C42O13,84
MAXJOM,DyP2H5C2O7,8
YIZGOF,AlPO4,0
QAWPIO,V8NiH16C20N4O13,80
HAVYOU,Ag2H3W6C7NO19,56
SETQAL,FeH4C8O5,32
HAKSOE,In5H18C30N9O13,60
LUSQOH,Cu3H98C62(NO2)6,372
QEKLID01,Cd3H14(C5O2)6,30
OVEHUT,CdH3(C3O2)3,36
TULNIZ,CoH14C17S(NO)4,68
WOWHIZ_charged,V5Co4H12C20(NO3)8,80
jz4002345_si_003,Zr3H14(C3O2)8,48
IMEDOV,Ni2H66C81(N7O)3,648
QUQQOJ,ZnH24C32(N5O2)2,128
WUNTIJ,CdH36(C4N)12,192
VOHQEO,Ga3P3O12F,0
UMOVEZ03,CuH13C21O5,378
IZIHEG,EuH7(C5O2)3,360
NOLQUA,MnH60C60(NO)6,60
YIWBEN,CdH18C26(NO2)2,104
VOPCIO,Ce2H19C36N6O13,288
BEPNIV,ZnH10C9(NO)2,54
ETESIG,Cd2H22C29S(NO4)2,116
RIBTAZ,Cu4H13C26(NO2)6,104
SEHMUO,Gd3H12Ru4C32(N3O)8,128
OQIQEM,Tm2H6C18(SO4)3,72
IJASES01,TmH6(C2O)6,24
MOCHIW,NdPHCO5,2
LETDUK,CuH2C2N3,16
YEDKOI,Cr3C24O13,48
OKIYAJ_charged,CdH36C48N12(ClO4)2,192
ESIDOB,InH8C15NO10,60
ESUTAP,Co3H8C14(NO)6,56
cm503311x_OH-mil-53-Al-lp-ortho,AlH5C8O5,64
SARTIR,NiH12C15NO4,30
EYINOR,Yb2H9(C5O2)6,240
DUYROF,LaH3W4C7NO15,168
SEHLIC,TbZn6H16C40N12(ClO8)2,320
COXHIH,Ni(CO2)3,24
EBATUY,Cd3H26C40S6(N4O)4,40
XUCSAR01,YH2C7(NO3)2,84
YOYQEK,Co2H39C63(N2O)6,126
NATHOI,ZnSiH64C84(N2F3)2,168
YEKXET,Zn3H14C26(NO3)4,104
CIWRUW,ZnH8C12(IN2)2,288
YUTJAA,ZnH22C30(NO)4,60
ICORAV_ion_b,La2H4C12S2NClO11,24
BOZFIH,Zn3H23C42N5O12,168
RAPMOK,Zn7(PO4)6,0
POQQES,Fe3B3P6HO26,0
XEDPON,ZnH3C5N4,20
XEDLUN,TiH12(C6O)3,72
c6cc03787a_c6cc03787a2,Zr3H48C54(N3O4)4,432
cm501138g_si_008,CuH2(C3O2)2,72
PAPPIH,CuH40C34(N2O)4,102
DAFYER,Mg3H12C42N18O37,84
CAQCAZ,In3H4(C10O9)2,40
FURRUG01_ion_b,AgH8C14N2O3F5,252
JUGQIN,EuH5C9NO8,36
PIZRAT,Cu2H24C19(NO)6,76
OLANIA,Mn4CoH18C46N6O23,184
FOGFAK,Zn2H18C12N2Cl2O7,24
KOZQIB,Cu3H36C62(NO6)2,372
SEYFAE,ErPH7C5NO7,20
GITVEL,Zn2H11C12N9O2,144
FATKUI,CeH4C7(NO3)2,56
IGUVIR01,CdH16C24(NO2)2,96
ja5b02777_si_008,Li2Zr(CO2)8,16
ATAFIK,ZnHC5O4,80
HADPOU,FeH2PtC8(N3F)2,8
XONLES,CuH12C28O5,448
SAJLOH,Cu3P2H10C14(NO5)2,14
HEGNEN,Ga3FeP4H22C8(N3O8)2,72
BOKQEZ,Mn8H12C36(S2O9)3,72
PELXIP,CdH4C8(N2O)2,128
SIQCUS,CsCd2H16(C2O)16,64
SOHMIM,ZnH8C12(IN2)2,288
KOMVIT,K2H22C18S2N2O9,72
FEWWOV,CoH16C26(SN5)2,156
OCIMUL,Co3B20H78C82(N2O9)2,82
DANROC,Cu3H38C44(NO2)6,396
GADMAA,Gd2Zn3H24(C4O5)6,48
LIXWAR01,MnH6(C3O)4,72
PALTIH,Cu3H52C62(N2O3)4,496
UBACUX,ZnH7C13(NO2)2,104
HOWSIX,Cu8H40C71(NO9)4,284
EYUWAW_clean_h,Mn16H95(C3O)64,192
JUFZER,Cd2H6C17O10,136
HEGKAP,ZnH28C20NO4,160
REGLOG,Cd3H6(C2O3)4,32
UJOJEK02,Mn4H21C15(N2O)6,30
XUKLAS,ZnH11C14(NO2)2,56
UGEMOK,Cu3H46C80(N5O6)2,640
EKADIF,ZnCuH16(C5N4)4,960
TILBIB,Pr8Sb24H14C39S7(Cl8O33)2,78
TONVAV,ZnH6(C3N)6,216
CUTGEF,Cd2H3C19N4O5,76
SROXAL01,SrH4C2O5,16
AFEKAX,CuH32(C9N)4,36
IPICOA,Zn3P4(HO3)4,0
WIKXAQ,CuC2(SN)2,36
LACGAZ,CaH8(C2O)8,64
KEGZOL03,ZnCu(CN)4,16
PARSEJ,Sr2In3H48C44N4(ClO16)2,176
DUGBAJ,Tb2Fe3H18C42(NO4)6,84
NABCEA_charged,Zn2H40C48N8Cl4O17,192
FAHGAY,BeH4(C3O2)4,72
ja5b02897_si_003,FeHC4SO2,24
XEKCAT,MgH2(C3O2)2,72
IFAQUC,Co2Mo5P2H22C27(N3O7)2,108
OKUJUB,Zn10B6H205C187N20O43,1496
KOQGAA,ZnH28C30NO6,120
HUYJOA,Ni3H38C52(N3O7)2,208
NIMVEL,LaCuH8C14(NO4)2,56
ja507947d_si_001_auto,Zr3H38(C15O4)4,480
JIYXUL,Na13Fe4Sb2W18(C4O43)2,8
ALUJOH,NdH6(C2O)6,144
ENITAX,Cu2SiH16(C7O2)4,56
TOVWIM,Zn23H144C252(N9O20)4,504
UJOJIO,Mn4H21C15(N2O)6,30
RIFGAQ,CuH2(C3O2)2,288
WECSAZ01,EuH6(C2O)6,24
IKUBUL01,Zn3P4(HO3)4,0
TUGTAR,Cu2H37C28N12O,112
QOBWIN01,Zn5P5HO20,0
XOFTOC,Sm2Cu7H28C42I6(NO2)7,84
LUSJEP,MnH8C13NO5,52
EWUGEK,CdH28C21(NO)6,84
DAXHUH,Fe3H12C26(N6O)4,26
VAXVEX_charged,CdH48C54N18(ClO4)2,108
OROLUD,Zn3P4(HO3)4,0
QONQAM,AlC8O5,32
XEXLET,CdH8C19(NO3)2,76
NIWZIE17,MgH3(CO2)3,6
PUPXII,MnH5C10N3O4,20
ULOLIS,ZnH8C12(IN2)2,288
c5ta03835a_c5ta03835a2,ZnH15C21N3O5,168
EVOMOR01,MnH12C14(NO2)2,56
BACMOH,CuC7N3O4,28
AVELUJ,NiH15C15N3O2,120
INIQUR,Fe2Ni3H50(C10N7)3,60
YOMHAK,NaFeH12C10(NO4)2,40
EYULOA,Co3H34C44S3(NO3)4,176
GUXJUF,Cu3H24C32(NO2)6,256
POBJIB,Be3P4(H2O7)2,0
EFILUA,Ga3P3O13,0
HANKEO,Mn9In3(C9O7)7,2016
PITPIT,Cd9H183C207N3O59,1242
DIXNUV01,CuH12(CN2)12,24
GUKYUI,CaH26C18(NO2)4,36
YIYHAQ,ZnH18(C6N)3,108
ZIYPUU,CdH8C11N3O4,22
GIRYUD,Zn3H28C40(N3O7)2,160
XANMUX08,CuH12C14BrN6,56
LEZXAR,Yb3H9W12C21N3O43,126
CIMFOV,ZnH14C10(NO)8,180
QAQRUW,MgH6(C3O)4,72
ODIMAQ,Sm2Zn3H24(C4O5)6,48
IJEXUR,Zn5H34C46S2(N2O3)6,46
UFOFIF,Mn2NbH4(C6N5)2,24
IYUHEQ,In2H16C30N5O11,180
LAVCOD,GaCoF5,0
APAZOI,LaH7(C5O2)3,120
LADHIJ,Zn4H15C26(N5O6)2,104
MEGBAD,Mn5NiH20C52N4(ClO9)2,104
QIPROY,CuH24C25(NO)4,50
VAFWAB,Zn3P4(HO3)4,0
XEHRUY,MgH2(CO2)2,24
ARINUL,CuH28(C7N2)4,112
UZOBAN,CdH20(C6N)4,192
PIDNEX,ZnH4C27NO4,216
AQALIO,SrEu2H2C8O17,32
WUTCAP,Eu2Cu3H30C24(NO4)6,48
KUMBOL,GdH14C24(NO3)2,96
KEJQAR01,Al3(PO4)4,0
PIZPOD_clean_h,LuH3(CO)6,24
AFITUF,ZnH10C21Br2NO4,252
AVIMOI,ZnH9(C3O)5,120
HEDBUP,NdU2C12O13,48
CAYQAV,Ce2H9C15(NO2)6,60
GUWDUY,LaH20C25N5Cl3,50
UPOSOI,Cd3H24C40(N4Cl)2,160
JOTHOP,Sn4(PO4)3,0
FATQID,Cu5H22C38S3N2O21,304
PIRYOF,FeCuH24C30S2(N2O3)2,60
YOYBUL,ZnH22C34(NO)4,68
GIKMOD02,Cu2H3C8SO8,32
BASJUB,CoH24C29N4(ClO4)2,116
MOFPUU,Tb2MnH32C56(N2O5)4,56
QAXROW,Zr3P5O17F2,0
IGAHED,CoHC5O4,10
MOSDUT,Co3H6C21N20,84
XAMDOF,ZnH22(C7N3)4,84
TATYUL,K2Ca3H4(CO)14,56
OVIZOJ,Ni4H20C29N3O17,58
OCUNAE,MnH2C8NO6,128
HUHBET,Na2Mn3H28C16O13,256
GAXKOH,KCd3H48C72(NO2)6,144
GIRYAJ,Zn11H18C54(NO12)4,108
YAFGAP,KLu(CO2)4,8
LOMLUW,GaPHO3F2,0
GAMTUK,CeH9(C2O)6,48
AQEQES,CoH2(C5O4)2,40
ZABQIC_ion_b,Ag3H45C101S2N9(OF)6,202
OMIMEE,Cu6H9C27N12O25,864
TEMPEI,CuH16(C9O2)2,216
YANBAR,CoH2(CO2)2,24
XAQMOS,Ba7C24(NO18)2,24
BUWMAJ,NdH3C7NO4,56
LACGED,CaH8Pb(C8O5)2,64
DEPJIR,ZnH3C3(NO2)2,12
ROMQAN,Zn2H16C21O10,84
TILWAM,CdC4,16
UVINAP,CoH20(C3N)8,48
FOCZEE,NdH39(C25O4)2,100
IYUCIQ,DyH12C24(NO)6,192
MIXBAY,CuH6C13N3O4,78
MAYJOM,InH5C8O5,128
cg301577a_si_002,Cu3H28C52(NO4)4,208
AFOYEB,CoH4(C3O4)2,48
cg060732osi20070605_042406,InH4(C3O2)4,72
WILNEL01,FeH24(C5N8)3,90
XITYEF,Zn2H38C28NO8,1344
ja4050828_auto,Zr3H28(C11O4)4,264
SABWAU_SL,AlH5C8O5,16
XIJPAI,Cd8C94S17,282
MEGBEH_manual,MnCd5H20C52N4Cl3O16,104
GAXWAF,SrZnH8(C2O)8,64
IYEQUA,CdH26C18(NO)4,144
POLNAG,CdH10C12N3O4,24
ILOTOT,CoH14C17O6,68
QINSUD01,MnH5(CO2)3,12
ja204757x_si_002,ZnH10(C2N)4,48
XOMCOT,CoH21C31N5O4,248
BIYVEM,Sm2H9C21(NO4)3,84
YUKTUU,MnH3(CO2)3,12
FALSAO,CoH24(C13N4)2,104
IMIQIF,Cu10SiH48W12C48N24(ClO17)2,48
UMEXUF,Zn5H6(C10O9)2,40
VAZROF,FeH14C22(NO2)2,176
KIYMIQ,NaH3(C3O)2,72
QOGPIM,Zn13(C33N7)8,1056
GAQYIH,Cd3H24(C3N2)4,192
ACODUT,YbH39(C21O2)3,126
KAVNIH,CoH32C49(N3O2)2,392
HOBGEL,Ni2H21C23N5O8,46
VIQQUJ,NiH8C14N2O5,112
CODFEH,MnH4C4O5,16
XOVQIJ,Na2Zn3H80(C25O7)4,200
ADATEG_manual,Cu3H45C84NO12,672
NAQQED,TmH3C7NO4,112
VOYGOH,Zn4Mo12H12(C7O10)3,168
SEYNAM,Cu2H34C43(N2O)4,172
REYCOP,ZnH27C28N4O5,112
LAMFOU,CdNiC7N6,56
MOCJEU,ErPHCO5,2
IHECAB,ZnH3C3(N2O)2,12
DIYKED,CdH10C18(N3O5)2,72
CIMTAV_charged,La4B4H184C149(N2O11)3,596
OSUQAW,ErH5C17(S2O3)2,544
NACZUP01,Zn4H168C234N24O13,234
RIHXIR_charged,CaGdH12(C4O5)3,96
YUFLIW,Mg2H10C16O17,64
YASNAJ,CoH20C30S(NO3)2,120
FAHTUE,Eu2Mn3H18C42(NO4)6,84
NINHOH,Cd(CN)2,8
AYOYEU,CoH18C20(NO)4,80
WUDTOG,PrH27(C11O2)3,66
OVIQER,ZnH19C27(NO3)2,216
FEBPUY,Cu3H12C28(NO4)4,112
IKETEY,SmH2C7(NO3)2,14
FAPXEC,VH4C8O5,64
HAHPOW,Ag4H30(C14N3)3,168
DOZKIO,EuH9(C3O)8,48
BOPWIO,HoH12(C5O2)3,120
YUCNEQ,CoH2(CO)4,8
LAGBUS,FeAg3H27C51(NO)6,102
CAZFOA,CoH12C20N5O4,40
FEKBED,Fe(H3C)240,480
IBOZIK,Cu4H32C29(N2O5)2,58
RIPNIP,ZnC8(OF)4,64
NUDLIJ,Mg3H8C14(NO5)2,56
ic051810ksi20060220_094504,Cd4H9(C3O2)9,108
QUFTAM,NaCuH5C7SO7,28
YEMJAC,DyH3(C3O2)3,36
MEXJAC,SmC9(IO2)3,36
ABEFUL,TbH24C44S4(NO3)4,88
WAVRAO,MnInH19(C4O)9,216
HADYAP,UCoC6O7,12
IZERAI,Ni3H48C69O13,138
XUNGOD,LiH4C6NO2,24
TONLOZ,CaCdH6C16O9,64
MOCKAR,CuH4C9O4,54
PUFRIR,GdH32C20(NO2)4,80
CSCNCA01,CsCr(CN)6,24
OTEGUR,InH4C8O5,64
CAYDEN,CuH8C6N8O,24
XUWFUR,Cu3H40(C5N)10,400
UDANIY,Zn4H17C50O13,300
ZIZTOT,UP2H8(CO)6,18
GUPBUP_SL,CdH10(C2N)4,48
NIWZIE11,MgH3(CO2)3,6
REHVEH,CoH19C25N3O4,400
YORGOD,Zn2H36C55(N2O5)2,110
TIMMEI,Ag5H44C52(N5O6)4,416
XISDIO,TbH27C31S2O7,248
IKOPIJ,Cu3H12(C2O)16,128
LUNBAX,Fe3W6C6(S4N3)2,12
CEKHIL,CoH6C12NO5,48
OLOYOF,Cu6H26C53NO30,212
EVUNAL,NdZn2H2C11(N2O5)2,44
WEFXEM,NiH18C24S2(N4O3)2,48
RORVAX,CoH8(C7O3)2,42
FORPIM,LaH3C7NO4,112
QISNAJ,Cd2H3C9ClO6,36
DAXHIV,Fe3H12C26(N6O)4,26
jacs.6b08724_ja6b08724_si_016,Co3Ni6H72C144(N6O13)2,144
REHRON,Ag5H14C20N12O,40
CEKNIQ,Zn7H48(C34O11)2,544
ASIQIE,CuH18C26(N2O)4,104
NAJSUP,EuH9C19O6,152
ATIBIO,MnC3O4,36
JAJLAK,TbH11(C11O4)2,44
YEKXOD,CuH9C14NO4,112
ja305196u_si_002,ZnH3(CO2)3,6
NIWZIE12,MgH3(CO2)3,6
NAVJAW01,CoHC4O3,24
DEYLOJ,K2NaEu5P5H5W30C6NO101,12
PEBYEA,K4V10P7O40,0
HAPBEI,Ti6Cu2P2H43C34I2(N2O9)2,136
RUGXOI01,ZnH3C8O5,64
QEZYUR,Sm3S7O29,0
GATQIE,Zr6H35C57(NO4)6,456
UDAWOO,ZnH8C12I3N4,288
ISIYUF,Er2H9(C4O9)2,32
MULXOH,LaH15(C2O)6,48
SABXEB,Tb2CuH12C32(NO6)4,32
HOXKIP,Eu2H6C18(SO4)3,72
TOBJUR,EuH7(C7O3)2,56
TIRRIW,CoH10C17NO4,68
TIYZEG,CuAg3H8C10N7,40
NACZUP03,Zn4H168C234N24O13,234
TAXHUX,Zn3P2H28C10(NO2)4,20
HUFMUS,SrC8NO7F4,32
WACLEU,MnH3(C2O)4,32
MUNDAC,Cu2H3C7INO4,56
QUQBAH,FeH8(C3N)4,96
OBENUF,GdH4(C3O2)3,36
KOSJUZ,CoHC4O3,24
OKUKOW,Zn8B4H64C114Br4N12O31,912
ic502725y_si_003,ThH8(C2O)8,32
XEVHAJ,Tb2Cd3H48(C6O5)6,72
AMILUE,ZnH12C15(NO2)2,120
ILUFUR,Tb2Co3H18C42(NO4)6,84
EMEHUB,CuH32(C10N)4,80
PECMOB,Sm2CoH32C56(N2O5)4,56
DUZWOM,Mn3H10(C2O3)4,32
KOSJAF,CoHC4O3,24
BIWSIK_ion_b,Mn4H32C64N40ClO4,192
NIRKAB,Al2SiPO8,0
VIDWAI,Cd3H20(C9O5)4,36
NELWIL,CuH4C8N3O4,32
DAKVOC,Zn4H20C37O20,148
TEQWER01,Cu2C3(SN)3,12
KITCAT,KAg3(CN)6,36
MITSAK,CdH3(C3O2)3,72
QUKYOL,LaCuPH6C6NO9,24
ILAXEA,CuH24(C3N)12,288
PEQRUZ,Na2CoH12(C3O)8,96
HUWZIK,Cd3H4C8N8O3,32
WABVUR,LiCu2(CO3)4,24
DEJCEB,Zn2H11C19N3O8,152
ARUYES,NaBiH8(C2O)8,64
VETTOE,PrH13C25(NO3)2,50
DUTKAG,Zn3H21C30N14(O2F)3,90
WEBKIX_charged,Cd3H20C30N5ClO13,240
ITIBOD,Cd7H8C20(N7O9)2,40
c4dt03702b_c4dt03702b2,CoH17C27N9O4,108
XEQRAO,CdH16(C7O)4,56
BETGUE,CoH2(C3N4)2,72
CUMLUT,CdH3(C3O2)3,36
COTVOY,Sm2H13C28O13,112
TUQWIL01,ZnP2H3O8,0
LAGQER,SmH6(C2O)6,24
MAKGEN,SmH8C18N3O8,288
NUHZAS,Zn2H18C40S(N2O5)2,160
PAMGIV,Mn2H6C18O9F8,36
JAVWUY,AgH18(C3S)3,36
TOVJIZ,FeH10C18O5,216
TOJXOH,NiHgC4(SN)4,32
EMAMOW,NiH14C18(NO2)2,144
ERAMOB,Zr3H33(C20O7)2,320
RUVMAX,ZnH5C10N3O4,60
MAGVOG19,AgH8(CN)2,8
CIFGUV,CoH14C8N4O15,32
LAGPAM,YH6(C2O)6,24
FASFOX,LaH24C44S4(NO3)4,88
QOMRUH,Cu3H16(C12N13)2,48
HOVGIK,CdH21C33N9O4,132
OKECIQ,Al3(PO4)4,0
CDLGLU01,CdH7C5NO4,20
FEWQIJ_manual,Dy2CuH6C10N4O9,180
OCINIA,Zn5H10C22(N3O7)2,88
YURJUR,CeH12C28(SO6)2,84
acs.inorgchem.6b02407_ic6b02407_si_003,LiZnH6(C5O2)4,160
XEQGAC,V2P2H4C4O11,16
RUYVEO,LaH15(C9O2)3,243
ETEKAQ01_manual,GdH6(C4O3)3,24
QULKIS_charged,Cu2H40C52N6ClO14,104
XUDQEU,Cu2H48C51N7O8,408
NUNNUH,NiH8(C3O2)6,72
ESEBOV,Zr3H40(C10O3)4,240
AHIYOH,Co7H40(C12O5)6,288
MIDSUP01,NiH12C15NO4,60
MECVIA,GaCo2(PO4)4,0
KAKCEH,BaH15(C9O2)3,108
ic302758g_si_002,Zn2H41C59(N2O3)4,472
NIRFIE,Zn4CoH31C48(N3O5)2,192
OKAYUW,CaH20(C17O4)2,34
BIBBUL,ZnH24C24(N3O2)2,96
FIJDIM06,MnH4(C2O)4,48
PUYHOI,Gd2Ni3H24(C4O5)6,48
EFEGEC,TbH19C13O8,52
HURFIL,Zn5H48C44N9O16,176
ja512973b_si_002_auto,Zr3H83(C57O8)2,228
KOMHIF,Nd2Cd3H48(C6O5)6,72
MAQBIS,CuH16(C9O4)2,216
XODNUB,Ag3H12C17N2O4F7,68
MOXBOS,Cu3P3H12C21N3O13,42
XOXMED,Zn4H60C96N6O25,384
JOFGOC,CdH22C26(NO)4,104
JEWYAM_charged,Mn4H8C24N32ClO4,72
RAKMOF,Cd3C6(N3Cl)2,24
VOSTUU,CoH40(C28N3)2,224
POKVAO,Gd2CuH8C24(NO2)8,48
CAWDOU_charged,CuH18C24N8ClO7,96
KIYMIP,Ni2H22C39N4(O4F3)2,78
NOQLOV_charged,InH5C5NO8,20
ZIMLUE,KLa4BH12W12C28(N2O25)2,112
LAXGOH02,Gd(CO)6,24
MAKGOX,GdH8C18N3O8,288
ECOSIY,Co4H12C3NO6,12
WALBOC,ZnH3C3(N2O)2,48
CUYQIX,Zn3H50C44(N2O3)4,44
NUHPAI,ZnH40(C4N)8,64
QUSSAA,Zn5H45C66N4O21,132
GIFKIP,CdNiH16(C5N3)2,10
ASALIP,ZnH9C8(NO)2,32
ILUHON,Nd2Fe3H18C42(NO4)6,84
TIFHEX_charged,SmH24C24N4Cl3O20,96
EBOBIJ,ZnH12C16(NO2)2,64
MAXHOJ02,Ag3H12(C2N5)2,32
FEWWUB,FeH24C33S2N10O,396
WALMOO,TbH6(C4O3)3,48
OLUCAZ,CuH18C18(NO)4,72
NEVVAM02,Co3H8C14(NO5)2,28
GIQXEK,CeP4H8Ru2(C2O7)2,8
QAJKAO,V4P7(HO3)7,0
WEMDAV,DyHC5(NO2)2,80
PUWYAI,Na5Co6H16(C8O11)3,48
JOSQEN,CdH12C10N7,40
ZOXTEN,HoZnH7C12(NO2)4,48
YORCEP,ZnH12(C5N2)2,120
UZANOZ,Zn2H4C10N3O4,40
PEJPIF_charged,Zn4H31C37(NO11)2,74
WESYAV,CuH5C6N4O,24
KASRAZ,CdH8C15O4,120
ENOSAD,TmH7C16(NO4)2,64
EVOTIT_SL,Zn12H228C225(N6O47)2,450
CIFLUA,Co3H31C55O14,220
GAGXAP,Ni3H16C22(NO6)2,88
CUGFUH,MnBH12C13(N4O)2,26
GURPOZ,Mn2Cr2InH48C52(N2O7)4,208
RIYWED,Ca2P3H17(C8O7)3,96
OFORUX,CdCuH22C26N4(ClO)2,52
DAGJED,CdH18C28(NO)4,84
GUXPOF,Co2H32C34S(NO4)2,68
ADASEF,Cu6H21C45N12O13,360
LIFQIC,EuHC6N2O5,18
HADDOI,Zn5H36C72N6(O2F3)8,144
VONDEJ,Zn2P3H13(C2O3)3,24
REXDIJ,ZnH8C12(IN2)2,144
CUTGII,CoP2(HO3)2,0
VATYOF,Gd(CO2)4,8
LUFBUL,CuH12C18(N3O2)2,72
ZETPUL,Dy2H15C12(NO4)3,96
SINLAE,Co3P4H24C30(NO)6,60
GANBED01,Ni2H56(C12N7)3,144
ZETMOC,EuCd2H2C10(NO2)4,40
ELEROD,Eu2Cu7H28C42I6(NO2)7,84
ESASEY,ZnH14C15N3O4,120
VIWLAQ,Nd2Cu2H5(C5O4)5,100
FOHSAW01,SrNiH6(C2O3)3,24
LIBQIY,SmH3C7NO4,112
AWAHAI,U8Mn3P4H8(C2O7)4,48
PEFRUP,GdH9C18(NO2)3,144
BIRSIG,Ni7H32C48(NO6)4,96
WARFIG,CuH28C20NO4,160
QUQMOG,Cd2H76C102N4O9,204
ja5b00450_si_005,YH31C25N3O11F,600
XALBES,Mn3H36C41N8O9,328
VIRVEY,Zn2H6PtC14N2(ClO4)2,56
XOQXOR_SL,Zn4Si3H68(C6O)14,336
UMAROR,Ag2H5C11O4,44
FAQGEL,Cd6H36C48S6N8O27,96
OCUPOS,V2P2H10C4O7,8
HIHFUB,NdSiH16(C7O2)4,224
TIQHAD,Na6GdH24C40S8N8ClO36,40
ZONBAH,ZrH4C8O5,32
ZUTBUN,Ga7(P4O17)2,0
CAJBUN,Na7Mo5P2H26C20(N2O5)5,120
OBAHIL,ZnH13C22N3O4,396
MISQIQ02,Al2PH2(O3F)2,0
ja512973b_si_003_auto,Zr3H65C108(N3O8)2,216
EGEJOQ,Zn4H44C76N15O28,304
MOYTUR,Zn8H108C112N8O25,224
NAPNEA,ZnSi2H21C14N2O,672
VUKTAY,Sm2H24(C14O5)3,168
TOWNEA,Fe3H24C42O13,336
SOZGOF,YbH15C24(NO)6,192
RIGTIL,ZnH2(C5O4)2,40
GISMIG,CdH17C17N5O4,68
VUHJAK,Cu3P2H8C14O11,84
LULWUL,Na2CoH8(C2O)8,64
PABXAT,PrH3(CO)6,24
COQJAV,MnH22C25(NO)4,300
AZEWEH,Nd(SO4)2,0
OPURIB01,CeH9C17O8,34
XEHSIN,MgH2(CO2)2,24
EBEGID,MnMo5H10C12(N5O6)2,48
RUPTED,Cu3H6C10I2(NO)4,80
XOMGIQ,CrAgH18C18(NO2)3,144
LAYGAV,Co3H34C54(NO3)4,216
PODKOK,Cu3H24C48(N5O6)2,384
LACZEX,Na4CoH20C52(NO4)4,208
IGAGUU,Cr9Cu6H108C126N18Cl14O39,252
XUDVAV,Co3H16(C15O7)2,60
MAGVOG28,AgH8(CN)2,8
PIJJOI,ZnH18C18(NO)4,144
ZAVQAQ,SmH6C15NO9,120
LOXVUR,CuH12C13(NO2)2,104
QOWLEU_clean_h,CoHC4NO4,24
XEQLEM,MgH8C12(NO2)2,48
SOVHOA,CdNiH20(C2N)6,12
UFUNAK,CuH8C12(NO2)2,24
YUSWIU,Dy2H6(C6O5)3,72
IZIHIK,Tb3H29C45O22,360
SINQAH,Zn2P3(HO3)4,0
PODVIP,U2CuP4H19C28(NO6)2,56
UMOYOM05,CuH10(C5O)5,450
jacs.6b01663_ja6b01663_si_003,Zr3H36(C14O3)4,336
TIVFAG,Cu7H12C16(ClO11)2,32
WEHNAA_SL_part,MgP4H24C12(NO6)2,24
WAZCUX,SmSb2H24C20(NO4)4,40
SERWET,ZnSiH28C64N4(O2F3)2,256
FUVDEH12,ZnH16C22(NO2)2,176
AFIXAO,CoH6(C3N2)2,120
LAQNUP,Cu2H24C41O8,328
GEFYUN,CuP2H27C35BrN,210
CAXPIC,Co5H16C36(N5O12)2,36
EBAWIQ,NiH18C28(NO)4,168
SEYDUW,YPH7C5NO7,20
ILIFOY,LaH6(C3O4)3,18
OFODET,MnH8C16(NO4)2,64
RANPAA,LaP3H15(CO)12,24
ZIMLIS,TbH3C7NO4,112
MULSER,U6(SO4)7,0
TORJOB,EuH16C24NO8,96
YOYVEP01,FeH8Au2(C2N)8,144
AWIBAL,LuH11C12N3O7,24
TUMDAI,ZnH9C15N5O4,60
EMAMUC,NiH12C16(NO)4,128
RAYFAA,Cu2H5C9SN7O4,108
UMOBEF04,CuH13C21O5,378
WURNOO,Cu4H32C48N4O9,384
PEGQAV,NdHC5(NO2)2,80
TECVEE,Ca3H18C22(SO7)2,44
SEZPOE,Zn3P4(HO3)4,0
WEJSAH,CuH12C11N2O3,88
MEKBAH,Tb3P3H45C37N3O23,74
FABGUM,AgH8(CN)6,24
CODSUL,CdH22C25(NO)4,150
LERNEC01,Co2H7C10NO7,40
IQILIF,KBiH32(C27O4)2,432
BAMKIM,Cu2H21C22N6O5,88
ELAFUT,CdH12C12S2(NO3)2,36
YUBHAG,UH4C8O5,64
HEZSAG,SrCuH12C10(NO4)2,40
TEBWII,CuH32(C5N3)4,160
TUTZOX,LaH12(C5O2)3,120
MEFYUT,ZnH6C7O4,56
QUSHUJ,Mn4Cu6H153C144(NO3)12,576
EBITAL01,Be3P4(HO3)4,0
FEZCIX,Cu4(CN)3,72
OHAKEO,CdH14C20(NO)4,80
FIQKIB,Ag3H38Rh2C18S6(NO4)6,72
XANMUX03,CuH12(C7N3)2,56
EKEKOW,Zn2H20C40N5O6,160
ILIQIF,CdH10C14NO4,28
VEDDIT_charged,Dy2ZnH26C36N6(ClO12)2,72
WOBHOM,Zn2H10C11NO7,44
SEQSIS,Ni2H14C26N2O9,78
WILNEL,FeH42(C3N4)6,108
USAYOE,Co7H62(C34O13)3,204
BAHGUN01,CuH8C12(NO2)2,24
SIZNIA,CuH12C14(NO2)2,56
HIHGIQ,Co2H34C45(NO6)2,180
j.jssc.2015.05.012_mmc6,Cd2H25C44S4(NO2)4,88
ROQNES03,KCrN18,0
ZUSBIA,ZnH5C8N3O2,64
ELEREU,Cu2H33C51N7O16,1224
CUWXID,EuH8C16NO6,128
WUTBOC,Eu2Cu3H30C24(NO4)6,48
WAMRIN,Mg3H24C32(N2O9)2,64
DICVES,PrH27C21(NO)6,84
XAVQIU01,CoH2(C3O2)2,36
KOXGAH,CuH15C18I(NO)2,288
KUVYAD,CdH9(C7O2)3,126
GOMPOO,Al3P3HO13,0
FUVFUZ,ZnH12C18(NO2)2,144
FUMHEC,CoH24C28N7O4,56
APAZIC,LaH15(C9O2)3,216
XAPCOJ07,VH4C8O5,64
HAZGOF04_clean_h,ScH6(C2O)6,48
RUBDUP,ZnH14(C17O2)2,408
TIFDOB,MnH28C30N2(O3F5)2,480
KEDJAG24,Cu(CO2)3,24
HASMIZ,CoH13C18N3O4,72
XUCNOZ,Zn7Cd2P6H54C36(NO5)6,72
UJOJIO04,Mn4H21C15(N2O)6,30
YODWUL,Zn7H36C72(NO5)6,288
JOKXOW,CdNiC7N6,56
ACOLIP,ZnH19C22N5O4,44
RITGUY,Ag4H4C11NO4F5,44
KUDYUE,Zn6P8H3O32,0
UKUMAO,FeH4Au2(C4N3)2,32
ASINIB,Cu3H58C90(N2O3)4,1440
AXIPEE02,FeH10Au2(C9N4)2,432
OWIJAH,InH4C8O5,64
TIMMIM_charged,Ag13B14H176C208(N8F7)8,416
KUYLOH,UH27C30(NO2)3,120
GIKMOD12,Cu2H3C8SO8,32
QILBUK,Zn4H61C91(NO3)4,728
MAWFAT_charged,Mn2Cu3H148C104(N4O9)2,208
WUDQIW,NiH4C4N3O2,16
UTULUR_SL_part,In3H7C20O19,160
BIRGIU,Mn3H38C24Br5N5O6,96
FANCIJ,YbH27C30(NO2)3,60
EPUVAN_charged,GdH54C57S3N6(O5F3)3,114
KUJPAH,Zn15H104C164(N27O8)2,656
HASNIB,Eu(CO2)4,32
YOSWUA,Cd3H34C46(NO6)2,92
HIWKEE,Mn2NbH8(C4N3)4,64
LIGHAM,MnH16C19O4,76
jp2064408_si_002,ZnH2(C3O2)2,72
BOXFOK,Dy4H104C112O17,672
WUNTAB_charged,CdH36C48N12ClO4,192
VABKEP,AgH16(C2N)8,32
XIGLOQ,CdH32(C19N10)2,342
DACXOV,TbH17C30(NO3)2,60
OKITIM01_charged,CdH36C48N12(ClO4)2,192
DUDZOT,GdH3C8NO5,16
ANONAT_manual,CuH5C15NO6,60
XAFFOB,CuH12C20NO4,80
cm503311x_alf125K,AlC8O4F,32
GIMHAM,AgH11C11SN3,44
DOJXOR,CuH18C30N3O5,240
CAHQOS,Al4P4O17,0
EMIFOW,In5H3C3(S4N)2,48
RIFQEC,Ce2C5O12,10
ALAMUW,CuH4C13NO6,78
WANRIM,Al4P4HO17,0
DADPEG,Er2FeH2C4(S2O11)2,16
AWEDUC_charged,Zn2H48C59N17O13,118
DABFIX,CoAgH42(C5N)12,480
EXALIZ,Ni3Mo12PH60C40(N15O17)2,40
VUQKAU01,MnH8(C7O2)2,84
FIHHOV,Zn3B4H6C88N12(O3F2)4,352
LUTCEJ,Cu2H3C8SO8,32
GULWAM,YbH27C38O9,304
SUPQAW,Cu2H22C37N3O8,444
OQUFAJ02,Zr3H16C36(OF2)12,288
XAKZAL,Mn3H57C51N8O9,408
MAQRAA,CuH2C6SO4,24
FUTDII,FeH7C15O4,90
EWUSUL,Cu3H16WC20S3N4Cl,160
ZAVPUJ,NdH6C15NO9,120
NABNUA,Cd2H31C35(N2O3)2,140
FUYCUZ,Zn8H48C87O41,348
INECOV,PrH26C27(NO4)2,108
KEDJAG22,Cu(CO2)3,24
OPIPUZ,CoH11C10(NO2)2,40
DIBWUH,NiH3C3N3O,48
GAMFEI,CuH8C12N3O2,288
VEDFUH,Co2H18C24N4O9,96
OCIZAD,CuH26C36N4O5,144
cg500175k_si_001_auto,CuH2C10(SO2)2,480
RUSHIY,K2Co4P5H84W30C60(N8O29)3,480
FAWCEN01_SL,ZnH10(C2N)4,48
ZEDVUB_charged,SmH27C39N5O11,312
VEGMIE01_charged,Co3H40C40(NO8)2,80
VEYWED,Mo12PH108Ru4(C27O22)2,216
SURHEU01,Zr3H16(C3O4)8,192
HIXDOH,CuWC16(N2F5)2,16
CUCTAX,Zn3H38C60(N3O7)2,240
COWMOR,ErH9(C3O2)3,36
ALUJEX,La3H20C36O19,144
WOBHEB01,ZnHC4O3,24
HEDCAW,ZnH8C14O5,112
AVIPOL,MgH3C7NO4,56
FURFOP,ZnH16C16S(NO)4,64
COQHUN,Mn3CoH66C75(NO)12,150
CIFMAH,Co3H30C54O13,216
OLICIX,Fe4H16C32N24Cl,768
YARZEZ,Cd(C2N3)3,24
ULIMIN,Co3H42C46(NO)16,184
REGMUN,CoH26C28N7O4,224
DOLXOR,Cu5(CN)6,12
OBIBOT,Ba3H36C44(NO9)2,264
REXFEH,ZnH8C12(IN2)2,144
VELVOY,ZnH16(C2N)4,96
CAYSOL,Fe2C4Cl2O9,32
TOVKEW,Fe3H88C124O17,496
REDYEG,Zn3H8C12N2(OF)4,24
TASXIW,Zn2H9C17N2O9,68
GOKBUE,CuH3C2O3,16
YOMBEI,Cd6H22(C2N3)11,88
BUCYAA,Zn7H26C18(N4O)8,72
SOZSEH,GdH15C24(NO)6,192
CAYCAI,Rb5NaMo12P8H44C20N4O49,40
XAMGUQ,CoH8C14O5,336
IVIPEK,BaH5C10O5F4,80
MASZUD,Cu3MoH20C25S3IN5,100
FAVDEO,Zn11H48C72I29N24,288
PUWCIT,Zn2H28C38O13,152
TIZVIH01_charged,CuH16C20N4ClO4,40
ICAQOU,CuH14C23NO4,276
HUPQIU,Zn16H216(C32O9)9,864
XAQTOY01,CoPO4,0
cg0702636-file002,CdH2C8NO6,24
FEVREF,KH3C11(N3O)2,132
VONRUN,NdH5C12(NO4)3,96
SOXDEQ,Tb2Co3H24C30(NO2)12,30
LALFUB,EuH4C7N2O7,14
CISMEY01,Cd2H8C15(N2O3)2,30
SOZBIS,CdC4,32
FUSQUH,Co2H59C68(N2O3)4,544
KEJBOQ_clean_h,CdH8C12(NO2)2,96
QOFLAA,CuH2C4(NO)2,32
BIRLIZ,AgH16(C3S2)2,72
MATTOR,ZnH8C13NO4,52
XILVIZ,MnZn2H36C72(N2O3)4,72
CESYEF,AgH4C6NO2,24
OKIVUA,CdH36(C4N)12,192
ZEJCUO,Mn2P2H2C4SO6,16
QITDOO,LaH9(C3O)6,576
LUTBEI,Cu2H3C8SO8,32
VIDXOX,Er2H3(C5O4)3,30
QIRWAR,Cu5H8C20(N2O3)4,40
FOFTUR,Cd3H40C66(NO6)2,132
KOFPEB,La2Cu3H30C24(NO4)6,48
WUXZAS,Na2H11C13NO6,52
FOXKIO,Mg3H26C38(NO5)2,76
KUMBUR,TbH14C24(NO3)2,96
MANDUD,GdH12(C4O)6,384
DIBQUC,Co3H30C54O13,216
ILIQEB,CdH10C14NO4,28
UTEWUM,CuH6(C5N2)2,120
YAWFEI_charged,Cd5H21C29(N7Cl)2,58
AQOLUP,Co4H16C32N24Cl,768
VUNHAN,Na4C21S3O17,84
HISJIE,Co5H38(C9O4)6,216
COLPEA,Co3H13C33N6Cl3O13,132
NIGGAM,HoH3(C3O2)3,36
YOYCEV,KNi2H68C30(N5O2)2,240
FABGOG,Cu2H15C18(NO)6,72
FAFQEJ01,Er4H28C15N3O16,60
acs.inorgchem.6b01569_ic6b01569_si_002,NiH16C18(NO2)2,144
PEYSIW,NiH24C26N7,52
cm503311x_F-mil-53-Al-lp-mono,AlH4C8O4F,64
SAQQIL,ErH12(C7O2)3,84
TAWTAP,Zn3P4(HO3)4,0
RAWPIP,ZnH30(C6N)6,144
INEPEY,Zn3H20C18N12O11,72
NIJZIP,Nd2Cu3(C4O5)6,48
OZUMIH,CuHC4O3,72
PAQPIG,V3P3O13,0
BUPFEY,Cu31H72C48S24(IN24)4,384
COKQAW,CuC4O3,72
VACLIX,Zr12H72Ir3C144N12(Cl3O20)2,576
MIRLUU,EuH3(C5O4)2,40
AJAKON,Cd5H48C84(NO6)4,168
XALBUI,Mn3H39C42N8O9,672
CICSOW01,FeH12(C2N3)6,72
WILREO,Cd2C5N3,40
NOMQAJ01,ZnH11C19NO4,76
VICSIL,CuH23C24SN6O7,48
ELIJUF,YH7C15O7,30
RUGHUY,TmH3(CO2)3,6
LOMMEH,Eu2H22C42N4O15,336
KIDVIE,La(CO2)4,16
EFOTID,MnRe3Te4(CN)3,24
AVIHIY,HoH3(C3O2)3,36
XEGJIE,GdH6C21(NO3)6,168
XEXMEU,ZnH8C19(NO3)2,76
AZOBUN,Gd2CoH32C56(N2O5)4,56
NACYOG,VCdPH14C15N3O7,60
SAYTOD,Cu6C7Br2N7,28
FOFHEO,MnGa4P4C2(O12F)2,8
RAXBOJ,Sr2MnMo6P4(HO7)4,0
MAXHOJ01,Ag3H12(C2N5)2,32
VAKNED,Cd5H92C80(NO3)8,80
LAGWIB,Co(C2O)4,128
AWAGEL,CdH21C27N7,108
USIRUL,Cu2H24(C3N)13,156
UMOYOM03,CuH10(C5O)5,450
SOJKOT02,CoH3(CO2)3,12
RUMROI,ZnFeH4C2(N5F2)2,6
XULFOA,Cu3H36C44(NO)6,44
BALPAH,La4Ag8H111Pd6C62S12Br(N3O7)4,496
FUVBOP,Cu3H10C19O14,152
IMACZN01,ZnH12C8(NO4)2,16
EBEWIT,GdH3(C3O2)3,36
RASXEP01,SmHC5(NO2)2,80
XOFPEP,U2H6C16N2O13,32
FIJDIM11,MnH4(C2O)4,48
UJOKIP,Mn3CrH21C15(N2O)6,30
YAYLER,Ba3U4P4H4C2(O7F3)2,4
BAKLIK,MnH36C30(NO)6,90
RUYZUH,Mn3Mo12P8(HO26)2,0
OCINAS,Zn2B10H42C48N2O11,96
VUJBEI,ZnH4(C3O)4,288
WIWQUO,Cu4WC6(S2N)2,48
LERNEC,Co2H7C10NO7,40
EVEGOB,CuC8(N2O)2,96
SIRBIG07,Mg(CO2)3,12
HIDMEO,Zn3H30C54(NO8)2,54
RONZUP_clean_h,CdAg2H10(C7N3)2,28
XOSPOK,Zn6(PO4)5,0
TIRQOB,Zn4H24C48O13,384
ZEVYAC,La8SiMo12P(CO)76,152
FIPXEJ,ZnH12C9N4O3,36
RAVJOP,Cd7H32C60(NO4)6,240
MAGVOG06,AgH8(CN)2,8
MIFSUR,Nd2CoH24C48(NO2)8,384
MIFKUJ,ZnH18(C11O2)3,66
VOLPET,Zn7H16C48(SO4)8,48
XUNHAQ,LiH4C6NO2,24
AQUCOG,NiHC4O3,72
PAMHES,Zn2H6C18O9F8,36
KARMUN,Ni3H78C105N3O19,840
BEJZAS,ZnP2H3O8,0
IYUCEM,EuH18C33(NO)6,132
DIYWIT,CdH10C15(NO2)2,120
XEZPUP,MnH19C27(NO2)2,108
ZAYKAN_charged,Nd2H14W12C10(N2O17)3,40
HAJJAE,CuH4C8N3O4,32
MUHPAI,Cu2H28C21IN9,84
CUWZAX,EuH7C16NO6,128
AFOVAT,LaH12(C7O2)3,42
TOHYOF,CdH12C12(NO3)3,48
SATRIP,Nd(CO2)4,8
NINVAI,FeH2(C3O2)2,72
PARHAS,CaH8(C3O2)2,24
PUMGIP01,V4Cd2H100C104N8O13,416
PENZIS,Zn3P4(HO3)4,0
YILJAG,Zn4H28C28N8O5,56
LUVTAY,Zn3H24C30(NO5)2,240
YUDFIO,GdH6C21(NO3)6,168
OROMAK,Zn3P4(HO3)4,0
cm503311x_aloh300K,AlC8O5,32
RUGGUX,GdH3(CO2)3,6
KUTRIC,Zn3CoH21C42(N2O5)3,168
WUXYIZ,Na4H18C20N2O11,40
ODONEB,NiH24C22(N4O3)2,264
ZOMNIA,ZnMoH18C14(N2O)2,28
HORHEC,CdH33(C11N4)3,198
UMOBEF02,CuH13C21O5,378
WEHJEA,Zn4H20C37O20,296
XANMUX07,CuH12C14BrN6,56
JOKXOW10,CdNiC7N6,56
FUTZIF,Zn4H9C38N2O21,304
JEBDOK,InHC2O5,12
MURFIQ,MnH24(C5N)8,360
AXAFAG,U3P3H2O12F,0
NODKUN,InH16(C14O5)2,112
DABMUR,CuC12(NF)4,96
MIRLAB,KU(C4O5)2,32
TUWPIL,CdH18C26(SO3)2,104
YEZKEV,CrCoH20C24(N2O)2,72
YOZJEE01,FeAg2H8(C2N)8,144
HEDBEZ,Ce2U3H6(C5O4)6,30
RUBTAK06,Zr3H16(C3O4)8,192
KIXKOS_ion_b,K3Co14H48(C16O9)6,192
YIXZEM,CdH7C9(NO)3,72
ERAMAN,Zr3H8C28(N2O11)4,112
HOBGAH,NiH11C12(NO2)2,96
IXITOA02,Eu2H12C24ClO12,96
DONNAW01_SL,GaH5C8O5,32
VOVLAV,U3H4(C5O4)4,80
LUWMIB,CeH7(C5O2)3,120
ENERIY,Na2Ag3H9C18S3N3O8,36
PAFMUH,Cd2H26C35(N3O4)2,140
YARKOT,ZnH6C16O9,64
WOGHEG,ZnH10C16N3O4,32
WUDZAY,Zn11H108C102(IN)24,408
QAFDOQ,NiSn2(C37N2)2,3552
DOFTID,ZnPH12PtC20(ClO2)2,160
BOMCUB_charged,InH4C4NO8,12
CIGDUT,Dy2H7C18S3O13,72
COWMAD,DyH9(C3O2)3,36
COYVES,Ho2H6C21(NO4)3,84
VEZQEX,InP2(HO4)2,0
YOYPUZ,Co2H39C63(N2O)6,126
ERULEK,Zn2H35C51N7O8,408
ZEHCAQ,Zn2P2HO8,0
VEXYON_charged,Cu4H8C24N32ClO4,72
ja5b02999_si_007,Mn3H28(C12N5)4,96
MOQNUB,MgPO4,0
TAQGOK,Cr2CoH32C36N4O3,144
WIJXEU,ZnH13C17(NO2)2,272
ALULAV,GdH12C21(NO2)3,84
PASTOU,CdH8C10N5Cl,60
FORWAL,NaFeH33(C7O6)3,84
cm1008587_si_003,FeH4C8O5,16
XADDEN_manual,CuH2(C3O2)2,72
IJEXUS,Na2Mn4Cu6H78C78N12O41,312
LUMDEC,CdH10C12(NO)4,96
ECUTON,ZnH15C16N7O4,64
LUVWUU,AgH15C15N6O,270
IFAGON,ZnH14C13NO4,208
SISFEH,SrNiH10C14(NO5)2,28
WILGEE_charged,SiAg2H9C12(NF)6,96
XUMVOS,BaH4C4O5,8
PUWDOA,Zn3H32C54O13,216
PUDSIR,Eu2H18C42(SO6)3,168
YIRHOY,Er4(P2O7)3,0
TAJTOQ01,ScH8(C7O3)2,224
HIWXER01_SL,Zn5H4C4(N9O2)2,16
MAPFIS,TiH8(C3O)4,96
SOCLAZ,CdH13C19(NO2)2,76
YAQZAT_ion_b,U2H6C10NO14,40
ic5b00561_si_002,Cu3H29C43N12O11,172
NETYIV,Cu3H28C40N8Cl,160
IPIVOT,CuH9C11O6,66
ALEJAE,In3H42C60N12O19,180
KEDJAG20,Cu(CO2)3,24
ENESOH,CuH16C16(N6O)2,256
LATPIG,ZnH2C2N3F,36
IGEXOH,Zn(PO4)2,0
HEXNUU,CdH18(C10N3)2,160
BEFGEA_manual,InH20(C9O2)4,216
KIVFEC,KPr3H10(C6O5)5,60
VIWKIX,La2Cu2H5(C5O4)5,100
MATWUC,ZnH5C13N3O5,104
EBISAM,ZnH20C19N4O5,76
PANRUS01,AlPO4,0
ZEFVEN,Sm2Co3H16C40(NO3)8,80
LUMZAW,Cu2H(C2N3)3,48
NIBHOW,CuH8C16(NO2)2,192
S2056989016007027_zl2661sup1,ZnH3(C3O2)3,36
KEDJAG08,Cu(CO2)3,24
CIPCUB,CdAgH14C28I2(NO4)2,112
GIWBIY_charged,InAgH30C43SN9(OF)3,172
YUKCAJ,CuH20(C3N)8,48
PETWUI,U3(C33O8)2,528
LIJNOJ,MnH16C24(NO2)2,192
MAPHAP,YbH9(C3O)6,36
IDIWIB,VH4C8O5,32
MIHHOA,CdH42C38(NO2)4,152
WEYQAU16,MnH3(C3O2)3,72
KIYQIU,ZnH3C7NO4,56
ja5103103_si_002_auto,Zr12Fe3H104C144(N3O16)4,576
ATIXAE,TbH12C24(NO2)3,96
VISTOG,Cd3HC5N5O,20
RUSWIN,DyH12(C4O)6,48
XUWVUG_clean_h,Eu3H3C9O13,18
KUYPIF,Zn2H3C19N4O5,76
EGATOW,ZnCoH2(C5O4)2,80
TUPDOZ,CuH12C18(N3O2)2,72
NIVWIY,GdC2O5,4
ITIWAK,CdH36(C4N)12,192
XAFXOT,LaH12C12(NO3)3,24
MUFJAZ,EuH2C6(NO3)2,24
CABJOH,NiH6C10N3,80
TADWIG_manual,ZnH13C24O5,192
FIBHIJ,Cu3H21(C5N2)4,40
NAQLAT,Zn3H20C36(NO6)2,144
HOXGEH,Sn2H18C13O5,78
ENAFOP_ion_b,Na8Gd4H88C82N12O59,164
DAZCAK,Cu2H14C30(NO4)3,720
ODEKAL,LiIn2P4(HO4)4,0
LAPMAT,InH20C24(N3O4)2,384
HAZNIH,Cd2H14C24Br4N4O9,96
EVUPOC,Nd2H9C24(NO4)3,48
TOPKIT,CuH3C10(SO2)2,60
ZUWXUM,InH4(C3O2)4,144
VATYEV,Gd(CO2)4,8
ITOSEQ,ZnPH3(C2O3)2,32
PIWRAQ,Tb4Cu13H48C65N15(ClO4)6,65
PIQMOT,CeH21C39NO6,156
CUFGUH,DyCd2H11C20N6Cl2O9,80
cm0623918si20061006_115210,ZnH5C8N3O2,128
OQESAF,CdH24PdC48(NO2)4,96
cg500149s_si_002,CuH18C22(NO)4,88
YAPXIX,ZnH8C17(O2F3)2,102
REXGAE,Co3H96C126S11N30,504
BELYIC,MgH6(CO)4,24
MIJMAU,Ni2H72W(C5N2)8,80
XUVQOW,Cd2H9(C2O)12,192
TACWOM,NiH12(C5N2)3,120
ZEXKUK,CoH16C24N2O5,48
NOHSUA,Ca5H66(C54O13)2,216
HAWWUZ,Nd2H6C18(SO4)3,72
PIVBEC,Cu3H22(C19O8)2,228
ADUWIH,ZnH12(C3O)6,216
HAWVEI,NdH4C12(SO4)2,48
MOQSIV,CdH21C28(NO)4,112
REVYUO,CdH14(C9N7)2,162
ZITRUP,LiZn(CN)4,16
TATFOL,NiH30(C2N)12,72
NIXKIQ,Zn3H39(C4O)17,272
OHAQAR,Zn10H144C192N72Cl7O3,1152
DOTTUC_charged,InH40C24NO8,72
MABJUV,CuH10C10NO4,40
FAGXIX,Zn3H22(C7O2)6,168
YUWKEH,NdH12(C5O2)3,120
KEDJAG06,Cu(CO2)3,24
AVIMIC,ZnH9(C3O)5,120
XAPCOJ03,VH4C8O5,64
ERANAO,Zr3H20C35O16,140
ELIKAM,PrH7C15O7,30
LAGRIW,YbH6(C2O)6,24
NIMXIS,Zn7H16C40(N2O15)2,40
LOXKAM,Cd2H52C77(NO)6,308
YUXQOY,CdH13C18N3O4,72
ZADRAA,Cu4H40C64N16ClO16,128
TORXEE,CoH12C24NO4,192
UMARAC_charged,Cd3Cu6H54C42N30(Cl4O3)2,168
HAXJEX,Zn4H22C42N4O13,84
ASAJOU,Ni2H19C19N3O11,76
IZEPEJ,Cr3H12C24O13,192
CIFDUS,MnH6(C3O)4,72
QUTVIM,KFe(CN)6,24
NAQQIH,YH3C7NO4,112
JAJLEO,DyH11(C11O4)2,44
WUNSII02_charged,CdH36C48N12ClO4,192
GULWIU,Cd4H16C24N20Cl3,192
ERUFUS,CdH8C14(SN2)3,28
SEZPIY,Zn3P5(HO4)3,0
EDEPAG,EuH6(C2O)6,48
LAVCUJ,VZnF5,0
ORIBAU,Zn3H16(C2O)16,128
XOSQUR_ion_b,Zn8P6H8C2NO26,4
QINSUD,MnH3(CO2)3,12
ELIKOA,EuH7C15O7,30
UFENAW,Zn(C2O)4,96
OVUDAL,U3P4H8C12O12F,24
CANYIB,Co3H10C16NO11,96
CUQKOQ,UP2H5(CO)6,48
XILLIP,Zn2H36(C5N2)9,180
MIHLAR,LaH24C48(NO2)4,192
MAGVOG27,AgH8(CN)2,8
DOFREW,AgH48(C9N2)4,144
XOJWEZ,CuH14C10BrN4,20
KUTKUH,CdH32C48(N3O5)2,384
HUZLIY,In4P7H13O24,0
XINWUO,ZnH4(CN)3,24
VUDXID,Dy2Cu3H18C42(NO4)6,84
DOLXOR02,Cu5(CN)6,12
ELIKEQ,NdH7C15O7,30
DIMJUG,TbZnH7C12(NO2)4,48
MICNAO,CdH24C36(NF2)4,288
LUYHAP,CuH3(C5O2)2,60
HUZXUX,Zn2H53C62(NO6)2,496
FOCZAA,NdH19(C17O4)2,68
IFEPUG02,ZnH16C22(NO2)2,176
FIGFOR,ZnB(PO4)2,0
BUJKEW01,RbFe(CN)6,18
OLAQOI,K4CoCu14H108C58S12N12ClO23,348
WOLFAG,CuH16C21N2O5,336
XAKLIH,Zn3H38C59O24,118
JUXFAL,Tb2H8(C6O5)3,72
DOYBUQ01,FeH4Pt(C4N3)2,128
JUNBUR,CdH3(C3O2)3,36
LEZMIN,Zn3P4(HO3)4,0
VIGRIO,Zn3H14C26S2(NO7)2,52
CUMJEB,CdH5C4N9,72
KOVJAI01,UH6C12ClO6,96
RAYMIP,In3H36C66O13,132
TETZEZ,ZnH15C23N2O5,276
ZECKID,CuH6C6(NO)2,24
PIBPAS,Zn3H24C50(N2O5)3,200
FEWXEM,FeH16C28(S2N5)2,672
CUQROX,ZnH10C11(N2O)2,88
cm503311x_aloh500K,AlC8O5,32
ic5b00130_si_002,ZnH18C18N4O5,72
TIKXER,EuCuH8C14(NO4)2,56
IFEPUG03,ZnH16C22(NO2)2,176
QAVWAN,ZnH12C18NO4,72
FAQVEA,ZnH7C8N5O2,32
cm501138g_si_009,CuH2(C3O2)2,72
NEVJEF,Cd2H11C17(NO4)2,136
OFERUN,ZnH10(C2N)4,48
VETTIZ_charged,Fe13H216(C24O5)12,576
AMOYOR,ZnH24C30(NO2)2,60
NIMQAC,CuH20C28(NO5)2,112
EMODOZ,ZnPO4,0
ic402692p_si_002,Zn9H18(C27O19)2,108
ETAXUT,Zn4H24C54O13,648
FOKYEL,PrH9(C3O)6,108
NARVUA,Nd2H5C14(NO4)3,56
COXDIE,Cu4H16C14N12O,112
ULEGOH,CuH15C14NO3,1344
c5ta09507g_c5ta09507g2,ZnH44(C15N2)4,1440
RIFDUG01,ZnH2(C3O2)2,72
SAHBEJ,Fe2C4Cl2O9,32
WEYQAU09,MnH3(C3O2)3,72
CEJCAW,Cu5H28C56(NO6)4,56
XAMDUM04,CuH2(C3O2)2,72
ORUHAM,Cd2H20C35(N3O4)2,140
HOWQEQ,CdH7C12(NO2)2,96
UTACUP,BaCu6H42C36(N3O10)2,108
GEGHAD,Ni2H6C16O9,64
WEBLAQ_charged,Cd6H44C66N11ClO26,264
IXEJOM,Zr3H12C32(OF)12,128
XEKDUO,Co3PH12C18N15O4,18
YARKAF,Zn2H24C34(NO3)3,136
KONSAJ,FeCu2P2H20C18(BrN)2,216
ZUWWAP,V2P2O9,0
XAXQEU_SL,InH11C8O5,16
MOCHES,PrPHCO5,2
USATAL,Co2H21C25N4O9,50
WABWEC,Cu(CO3)2,24
JAFPIQ,AgH5C3NO,24
AQERUL,Co4H58C64N6O13,512
NEGMUI,GdH4RuC13N6(OF3)2,52
FAYLEY,FePt(C5N)6,30
FIWKUT,Zn4H6(C6O5)3,432
ILUFEB_charged,Cd3H108C86(SeN19)2,86
CEYYIQ,U7H20(C5O8)4,40
NANNEY,ZnH30C44(N5O2)2,176
MUMLOX,Zn2H13C24BrN6O5,96
DAWBUA,CoH8C10NO5,40
cm503311x_alf475K,AlC8O4F,32
KOJZOZ,Cu6H43C115I20N5O24,460
TONLOY,CdH12C12(NO)4,72
GADRAH,NaCo3H9(C9O7)2,72
PEGCEL,ZnH8C7N6,56
QUDJIJ,ZnH7C14NO4,56
PEPLOM,VH4C8O5,32
DEPXOM,MnH2(C3O2)2,72
IXAKAU,CuH7C13NO4,104
QODHUO06,AgH12(C3N)6,288
ONEYOW,Zn3H74C102(NO4)6,408
MUVNEX,Mn2Mo6P4O25,0
EBISEQ,CdH20C19(NO)4,76
OKIXIQ_charged,CdH36C48N12ClO4,192
OFUDUQ,CoPH11C12N3O4,24
EDAFUM,CoH2(CO2)2,24
FIJDIM05,MnH4(C2O)4,48
XAVDEF_clean_h,VH4C8O5,96
LATCAN,Cr3H42C72N3O13,576
QURSEC,ZnH16PdC24(NO2)4,96
MATVIN,ZnH6C9NO4,36
FESBEM,Zn3H13(C2O)16,64
LIDZOP,SrH8C14SO6,56
WATPIT,CdH11C11(NO2)2,44
EDAPIK_clean_h,Cu2H37C50(NO)8,100
RAXDAX,ZnH17C18N5O4,72
BUCVAY,ZnCoH36C53(NO)8,424
VAJQOP,CoH8C13(NO2)2,104
YOFGOR,Mn2H7C13O8,52
PACZUQ,PrH14C9NO8,54
ALUKIC,CeH12C21(NO2)3,84
cg8013317_si_003,CoH36(C11N2)4,88
ncomms11831_ncomms11831-s3,CaH8C14SO6,56
REWLEM_clean_h,ZnCu2H18C48(NO2)4,384
CETNUL,CdH14(C9N7)2,162
WANHEB,CuH11C13(NO2)2,234
LOFZUB,AlPO4,0
HUMQUC_charged,PrBiH12C10(NO4)5,40
MAJHUC,Mn2H44C49(N3O4)2,98
WILGOO,Ag7H21C34N14(OF2)6,68
SOYFUJ,AgH7C8N5,128
OKIYAJ01,CdH36(C4N)12,192
AMIKOX,CdH20C24(N2Cl)2,96
NUSSEA,ZnH3C4O5,64
OZUMAZ01,CuHC4O3,72
ULOMAL,ZnH8C12(IN2)2,288
VIWMIZ,CdH21C27N7,432
OFUYUL_SL,ZnH4C8O5,64
AMUWIP_charged,Cu4H64WC88S4IN8,352
QURNOI,Zr3Co6H36C54N12(Cl3O5)4,432
AQOLOJ,Co4H24C40N32Cl,120
BASTAS,GdAgH8C18(NO2)4,144
WILRAK,Cd2C5N3,40
XANDAU,LaH12(C5O2)3,120
ZOQSUV,Zn5H24C36(IN)12,288
RUTNOK_manual,Zn4H51C69N6O13,138
SOHMOS,Zn3H83C94I6(N7O)2,752
BEFNEH,Ga2Co4(PO4)5,0
FOQTAH,ZnH16(CN)12,48
OKIMAY,ZnH9C18N3O8,72
CUVHIL_clean_h,NdH2C9I3NO6,54
KOSKEK,CoHC4O3,24
XAZGAG_charged,Ag4H36C18SN13O7,72
HIQNUS,ZnH16C24(NO4)2,96
NUNCEG,Li4SiH16(C7O2)4,56
XUZDUS,Ag3H28C19SN8O5,152
NOQGIL,Zn4H48C59N16,236
AQOMEA01,Co4H16C32N24Cl,768
HOPYEQ,Zn4P4HO16,0
LUSHOX04,MnH4(C2O)4,64
SEFSOM,Cd3H62C72S2(N8O7)2,72
ALIFUY,CdH18C24N3O4,96
CISMEY,Cd2H7C15(N2O3)2,30
ic700893w-file001,Eu2CuH16C28(NO6)2,28
OBUBOC_manual,Ce2Cu3H24(C4O5)6,48
BEVQID,SrZrCd(CO2)8,8
OPOYUO,ZnH17C23(NO2)2,92
TEHWEK,CdH4C8ClO4,128
HOQMIL04,MgH8C13NO5,52
BOPHIZ,Cd3H20(C11O4)4,88
QOFDAS,AgH12(C3N)6,288
WOMFAG,CoC12(N3O4)3,48
KIFKAM,MgH4(C2O)4,48
UGUHEK,Er2C12(NO4)3,48
ic7025158-file001,SiI2,0
DIMKIV,EuZnH7C12(NO2)4,96
HEDCIE,Cu2H20C33NO10,132
VUQJUN01,MnH8(C7O2)2,112
JEXSOV,Nd2HC4NO12,8
LAJLAL_charged,KH40(C6O5)4,288
GEGGIK01,Co2H6C16O9,64
VEBHUG_SL,Zn4H6C24S6O13,48
LACYOG,Na2Zn3In4H38C80(NO5)6,320
ic502478u_si_003,Cu6P12H89(C19O12)3,342
UMOYOM19,CuH10(C5O)5,450
AWEJIW,Cd3H22(C7O2)6,84
COBWEV,CdPC9N3O7,72
BIDPOV,CuH9C17O4,306
DUWSAR,Mg2PH(CO3)4,8
PARFOF_clean_h,VH6C12O5,24
ZERNIV,Tb2H25C39N3O14,78
MEXDEY,Zn6P4O17,0
FIJFEK_manual,TbH3(C3O2)3,36
KALFOU,Ni2H30C40N4O9,80
ROQDIM02,NaFeN18,0
VANXUD,CoPO4,0
YARVEV,Cu7Si2P8H50C78(N3O4)6,156
POWBIO,Ce2Cu5Si2H36W22C44(N10O33)2,44
ROCZUG,Cd3H16(C12N13)2,48
QIWCOQ,CuH13C21(NO)4,84
LUXFUG,Co7H6C30(NO2)12,240
EVEGIV,CuH6C8(N2O)2,288
GISZUD,CdC4,16
EQUNEL,In3H9C27O13,216
VONSEY,GdH5C12(NO4)3,96
DADNOO,Dy2FeH2C4(S2O11)2,16
LARVIM,Fe3C24Cl12O13,192
SALZAH,Cd3H28C20(NO)8,80
LIFSEA,Cd3H42C50N9O6F,200
ALANAD,ZnH4C13NO6,208
YAPRUE_charged,CsH40(C6O5)4,96
MITSUE,CdH3(C3O2)3,36
MUDLIH_manual,CdH3C2N4Cl,48
PENNIH,Co2H16C35N3O11,280
ic501801f_si_003,ZnBH37(C8O)4,768
LUDLED,CuH2(C3O2)2,288
UKAQAZ,SmPH12(C3O)7,42
HEZSEK,BaCuH12C10(NO4)2,40
WOTSEF,CdH10C12N5O,48
RIYBIM,ZnH8C12(IN2)2,288
UKUBIM,CdH26C25S2(NO)4,100
NOFHOG,EuH12(C4O)6,96
UMODEH22,CuH15C22O5,396
j.jssc.2015.08.048_mmc3,Co3H13C29O22,58
UFUQIV,CuH16(C5N)4,160
QESYOD,CuH10C8IN2,96
WIKGII,Zn4H20C55N(OF2)13,440
EBEXAN,Zn3P4(H2O7)2,0
RUBTAK05,Zr3H16(C3O4)8,192
HEDBOJ,CeU2C12O13,48
GEDSEP,NdH10C18N5O6,72
BEWVOQ,MnCr(CO2)6,24
OCUGEZ,NdH12(C3O2)3,18
RUFZOJ,Cu11H58C64(N3O4)6,192
OXALIJ_ion_b,Cd3H58C68(NO12)2,68
GOYXAV,SmAgH8C14(NO4)2,56
XACHOA,CuH16(C5N)4,80
SABYAY,Nd2CuH12C32(NO6)4,32
ILINIC,CdRe6C4(S2N)4,16
LASMAV_neutral,Co12H66C90N15O43,180
ic200463k_si_002,VPH4C3O5,12
RACZEC,CoH4C12NO3F4,48
GIQYOV,PrP4H12Ru2(CO4)4,8
HICVUM,Cd2H9C19N7O6,76
LULHUW,NiH4(C3O2)2,12
GAJYUN,CePH11C7NO5,28
AZAFIS,CaH2C8(BrO2)2,16
DAFSEL,Zn3H12C20(N3O4)2,40
VUCDEE,PrH4(C3O4)2,54
KOFPEB02,La2Cu3H30C24(NO4)6,48
UJOJEK01,Mn4H21C15(N2O)6,30
FOJLOH,ZnH28(C11O3)3,264
ZIMLEO,DyH3C7NO4,112
PIYGUB,Ag4H4C13N(O2F3)2,104
PEPLEC,VH4C8O5,32
RONSOE,Cu2H18C25(NO2)2,100
TOLYOJ,NaH8C12(NO3)2,36
DOWGIH,K3Cu2H10(C2O3)6,96
XIPTEW,HoH3C8NO6,32
ECIYEU02,Al3P3O13,0
IYUQID,Na13(C2N)60,480
ZECKOJ,CuH6C6(NO)2,24
VAKPUV,Zn6H106C117I18(N2O)12,468
MUPYIG,CdH3C2SN3O4,4
NUYNAY,Ti3C24O13,48
MUKRIU,AgH6C12N11O5,48
NIZZAY,ZnH8C12(IN2)2,288
cg200120p_si_002,Co3H50C80(N6O13)2,160
MITGUR01,TbH3(C5O4)2,40
PEBCAA,Zn5P6(HO6)4,0
COTXEQ,CdH36(C4N)12,192
XAZFEJ,Ag3H24(C3N2)4,24
PUGHIK,MnH8C14SO6,168
GIGWID01,PrH12(C5O3)3,60
QODHUO07,AgH12(C3N)6,288
KEXFAU,CdNiH44(C11N4)2,44
COXXIX,Mn2Mo(CN)8,32
YULBAJ,AlPO4,0
LEVPEJ,ZnH31C39NO10,702
ODELOZ,V2P2H6C2O7,4
HORCUN,ErHC7(NO3)2,28
RUDQUD01,Ag4H3C9N2(OF3)2,72
FIJGEK,Al7P7(HO15)2,0
ZEDZAL,PrH15(C9O2)3,162
RIXBIK,MnH15C19S(NO2)3,76
MAGVOG35,AgH8(CN)2,8
TACWUS,MnH12(C5N2)3,120
LAHVAU,Cd2H19C37(N3O4)2,148
COQGAS,ZnH15C23N2O5,184
TUMTOK,Zn2(PO4)3,0
WOGHUV01,Zn7(PO4)6,0
TILDIC,Tb2H18(C5O4)3,30
PAFNAO,Cd2H20C33(N4O7)2,132
HOYRIY,SrLi2H4C10(NO2)4,40
UMOVEZ01,CuH13C21O5,378
BOFCEG,ZnH4C7N3O4,28
AXAQAT,FeAg2H4(C4N3)2,16
LABQAJ,Zn5H24C36(IN)12,288
MEGFIN,Mn3H33C39N8O9,312
XANZAQ05,CuH12(C7N3)2,56
XALTIP,ZnCo4H12C36N18(Cl2O3)2,72
YOMVIG,Al2Co(PO4)3,0
OLOGEC,Zn4H24C45N3O16,180
ESARIB,Zn2H62C49(NO)10,196
POCPAZ,Co2H36C40N8O13,160
FAYQAZ,Zn5H68C78(N9O7)2,312
ILUJAB,Pr2Fe3H18C42(NO4)6,84
MAKSUO,CdH9C14NO5,112
RAXCEA_charged,ZnPH12C9NO5,36
FATVOM,Cu2H11C19(NO3)2,76
SOYWUZ,Cu(C3O2)2,288
MIVNUB,LuH3C8NO6,32
JUPFOP_charged,AgH9C5(NO)2,80
GORWUF,CuH32(C9N)4,36
FIVQIL,Sc2P2O8F,0
VAKREG_charged,Co3H32C36(NO8)2,72
WOPSOL,FeC4O3,72
FUSGOR,Co2H4C9N4O5,18
PUQXUV,ZnH8C17(O2F3)2,102
XIHRIQ,CoH24C36(NO)4,72
JUBXIP,Ba13Fe14H28C44O87,176
WIBSAD,Zn5Fe6B6H54(C4N3)18,576
LAPMEX,InH24C28(NO)8,448
XADGOA,U2H3C9O7,36
HEGCEB,CdNiH12(CN)7,14
NUCPEI,Zn2H9C23O10,184
CUQRUD,ZnH7C10N3O2,80
OCIVIH,Pr2Co3H18C42(NO4)6,84
ZEKROY,KH12C22N9,176
QAVPOU,Ga9P8(O8F)4,0
WUNTEF,CdH36(C4N)12,192
KOFPEB01,La2Cu3H30C24(NO4)6,48
EPECUZ,Zn8H105C155(NO8)4,1240
LADHEF,Zn5H14C26(NO)12,52
PEKWAF,SrU2P2H4(C3O4)2,24
RAYLAG,ZnH23C32N5O6,192
FIRNIF,NiH14C26N6(O2F)2,78
LAXMIJ,CoHC3N7,24
KINFAQ,TmH6(C2O)6,48
EGABAR,Cd2(CO2)7,56
XAPYAO,NiH18(C10N3)2,160
IJASES,TmH6(C2O)6,24
SIQCOM,CsCd2H16(C2O)16,64
POLBUN,Ga3P3(O6F)2,0
HAJLIO,FeH28C22(SN5)2,66
HOTFED,Zn3H12C22(N3O4)2,88
GAZZIS02_charged,InH30C42NO8,168
UNABOB,Cu3MoH7C23S3N5,184
CUMDUK,NaMo4H28C24S2(N2O13)2,96
MOVGUB,Eu2ZnH18C36(NO2)6,144
OCUMIL,MnH2C8NO6,128
IBAPEJ,LaH2C8NO6,32
ICOWON,LaH12(C3O2)3,18
MAZJAY,Eu2H12(C4O5)3,24
c6cc00589f_c6cc00589f2,ZnH12(CN2)4,48
FUTJOV,Cu6C13N3,13
YINXIE,CuH10C14(N3O2)2,42
RUFPUF,CuB16H18(C5O2)2,120
EJEHAD,U8Mn3P4H8(CO4)8,48
MAHCEG,Zn8Cu3H60C126(N3O22)2,504
IWOSAP,HoH6(CO)6,24
YASLUA,MnHgC4(SN)4,16
IYIHUU_manual,ZnH13C25BrNO4,400
KAVJEX,NdH14C16(N3O4)2,384
MUJRIT,CdH12C16(NO2)3,128
OGIBOV,Ga5P5(O5F)4,0
CURBOH,ZnH8C12(IN2)2,144
FERVUV,FeAg2H8(C2N)8,144
HEBPUB_charged,Zn3P4H22C14(NO6)2,84
NERMON,ErH6(C2O)6,48
PEJFEQ,Ga2P2CO10,2
YOVNUU,NiH35C50(N5O2)2,200
KOSLEL,NiHC4O3,24
MEJQOJ,ZnH8C11(N3O)2,44
AVETEC,Cd3H16(C3O2)16,192
LEYREO,PrH3C7NO4,112
POMSER,CaH4(C2O)4,64
FEYQUW,PrH6C11O6,88
JUSHIQ,Ni3H16C28(NO7)2,56
FELVID,CaErH12(C4O5)3,96
ROGLOP,NiH6C9(NO)3,36
YAVVOJ,TbH7C14(NO3)2,56
MEHPAQ,CuH7C5NO4,20
RIWSUM,Cd4H63C77(NO5)7,154
HABZEQ,Co3H6C18O13,36
XUDYOM,In2H3C10(NO7)2,80
RUPNEW,Al2C14(N2O3)3,112
HAMJOW,ZnH8C14N2O5,56
WEGFUL,EuH8C12(NO3)3,48
QUSSOO,Zn5H49C71(N2O11)2,142
NISPOV,Zn9P6H24(C21O16)2,42
ZISFEO01,MnH6C9O4,36
MALWUU,Cd3H4(C5O4)4,80
IVARUT,CdH32C28(NO)4,56
ZASJAG,CdH14C24(NO2)2,48
OBODEQ,NdH3(C3O2)3,36
LEJBUX,CdC4,32
AWIBIS,Cu17H144C168(BrN30)2,672
FAYPAY,Zn5H48C69(N3O2)6,276
SAJHUJ,Mn2Cr10Fe3H90C144(N2O3)24,144
c5sc03494a_c5sc03494a2,InH4(C3O2)4,144
c6ta00429f_c6ta00429f2,Zr3H42(C6O)16,1152
XAWBEE,InP2(HO3)2,0
WOQYUW,Co2PHC3O10,12
RENWEM,Co(CO)4,16
IRAYOQ,V7P8(HO18)2,0
LAHTUM,CdH9C16NO4,128
LALPIZ,YH18C15S3(N2O)6,30
MANLOD_manual,CdH51(C19N2)3,456
MOLRIP,Eu4Co3H12C48(NO6)6,96
MAGVOG08,AgH8(CN)2,32
CUBHOY,CdH5C9(NO2)2,144
XUVGUQ01_ion_b,Rb2Ga9P9H36C12N4O36F7,24
QISRIV,MoH48Rh4C24(N2O3)4,48
LOFVUY,TbV6H42C44(N2O7)3,176
QAGTOH,CuH20(C6N)4,48
PASNEE,Cu5H14(CO)24,48
MALSEA,FeH3C7O3,42
ABAYIO,MnH2C6ClO4,288
JURKIS,MnH23(C14O3)2,224
FOMWOV,Zn2H16C45(NO6)3,360
OBIBEJ,Ca4H57(C33O10)2,132
WAHNEB,CuH20(C7N)4,168
SIVSOH,FeH42(C5N2)6,60
NAFRUI,Ga3(PO4)4,0
GOTNEK,Dy2H42(C23O6)3,276
IZEWAN,Zn2H14(C3O)9,108
ZEDVOV_charged,NdH27C39N5O12,156
GIKMOD10,Cu2H3C8SO8,32
VUPFIX,Sm2H18C34N2O13,68
FOQNUW01,Cu3H14C28(NO6)4,112
BADHOG,ScH6(C2O)6,192
YOPQEB,Co2H10C22NO10,88
UBUMAH,Zn4H14C34O13,136
TOWLIC,FeCoH2(CO)6,36
DONXUB,CoH6C8S(NO)4,128
ATUXUK,K2Tb2H12C32O19,64
XEKJIH,CuC18(N2O)2,108
ICODIP,ZnH8C18(NO2)4,432
UMODEH10,CuH15C22O5,396
HAZGOF06_clean_h,ScH6(C2O)6,48
ALALUU,Pr2H4(C3O4)3,18
QITZIE,NiH20C30N2O5,120
USUWUC,In2C6O13,24
CAVPIA_manual,CuH14C23NO4,276
CADPII,Zn2H5C9O8,54
RAJFAL,Ca3H18(C16O7)2,32
WEMHED,CdH25C26N9O4,104
OWETIU,Ag9P4H78W36C54(N2O9)10,54
WAGZEL,NdH7C14NO7,56
OGAGIN,Zn2P2H16C13(NO3)2,52
IWEVUD,Zn5H24C36(IN)12,288
HIBGIJ,MnH2(CO2)2,24
DEQFOU,Cu2H9C10N4O3,40
WOJYEB,La2H40C46N2O17,368
IKOPEF,Cu4H13C32O17,64
NOLRIR,Cd3H22(C7O2)6,168
WOLREV,Mn2H16C29N16,348
SOKKOT_ion_b,InH16C16S2NO8,64
PEWKOT,CdH8C16BrN3O4,128
DUNJON,Co4PH24W9C36N12O29,288
ENOVAG,Nd2H10C21(NO4)3,168
BEVQUP,RbY(CO2)4,8
ROQFUA08,KFeN96,0
OMAWOP,AgH6C8S(N2O)2,64
VAGMEX,ZnH12C20NO4,80
UCAJUF,Zn3H25C66(N2O3)3,1056
PUNDUY,Cd3H6C44(N8O7)2,176
PIQFIG,MnCr3(CO2)12,48
ROTTOL,ZnH12C21N2O5,84
ITIWUE_charged,CdH36C48N12ClO4,192
HOJPIH,ScH6(C2O)6,192
OTABES,InC24N2O5,96
EBIPIQ,CuH7C9N3O4,36
NIFZEJ_charged,Dy3Co2H46C72N12Cl2O37,576
LAPNAU,InH20C24(NO2)4,384
WOCJII_charged,K2ZrH14C14(NO8)2,56
OGOJOJ_charged,GdCu6H56C33N17O8,132
IWELIG01,Co3H6C10(N4O3)2,40
cg501141m_si_002,Co9H72C108(N9O20)2,216
VOXTUZ,BeP3H3O8,0
DUNXUH03,ZnH3C8SO7,32
PUZKOM,ZnH8C12SNO4,192
BUVXOG,FeH16(C12N5)2,72
ZARMAI_charged,Zn3H20C24(NO3)4,96
SAHYAD_charged,CdH36C48N12ClO4,192
IFEPUG01,ZnH16C22(NO2)2,176
YEFPII,ZnCu(C4N)4,64
RUBTAK08,Zr3H16(C3O4)8,192
POLDOK,CuH8C8(N3O2)2,64
GEBCAT,KCo3H10(C6O7)2,48
WEMCAU,Yb(CO2)4,16
LOMLUV,Ga2P3(H2O5)2,0
BOWZUK,ZnH21C27N7,216
KAHPUE,CdNi(C2N)6,12
PAXWOB,Zn3P4(HO3)4,0
QADXAX,HoPH7C8NO8,32
CUYRUK,Zn2H16C23I2(N3O2)2,92
AWAGOV,NiH23C31N7O2,248
PEWXUL,NiH24C26N7,52
DIXKOL,Co3H8C14(NO5)2,28
CAYQOK,Cu4H12C79O20,316
TUTZUD,ErH12(C5O2)3,120
UXUPEJ,CuH16(C5N)4,160
QASTUC,Mn3H46C72(N5O6)2,288
SESLUZ,Zn3P3HO11,0
VAMZER,Cu6H100C109(N7O10)2,436
OXEVOE,AgH14C14(SN)2,112
DATPIY,EuHC5(NO2)2,80
KIYTOD,Cu4NiH21C56(NO4)4,448
AMUFIZ,CoH5C7NO4,28
TEFWOR,InH2C10(NO2)4,240
UVARUF,ZnH20C28(NO2)2,56
DALVAQ,CdH3C9NO4,36
XATZOK,Zn3H32C56(NO)8,112
BOWQAG_SL,ZnH14(C9N5)2,72
RITGEI,Ag13H8C32N4(OF2)12,128
DIVSUY,EuH7(C5O2)3,120
QITHAC,NiH23C17(NO2)2,816
FAYQED,Zn5H80C97(N3O2)6,194
IYAKIE,CaCd2H16(C2O)16,256
HIFGEK,Cu6B2H54W2C47S6N19,188
FIVYEP01,KU(CO2)7,28
SEFVOQ,ZnH14(CN)6,72
GELVEZ,MnH4C7O5,21
KAVGAQ,Co3H26C40(N5O4)2,40
VASKOR,ScH5C8O5,32
IJEXIF,Zn3H7C18O13,144
FIVYEP,KU(CO2)7,28
NATFAS,Zn3H4(C5O4)4,160
ZUVTEP,La2H12(C4O5)3,24
ALONEV,MnNb6H14C20N8(Cl6O)2,320
YUDFOU,GdH6C21(NO3)6,168
VAZLIT,GdH2(CO)7,28
WAHGIY,CuH13C20N5O6,80
VOKNAM,Ag4H96C89(N4O3)4,712
AJOXAA,Nd2H6C18(SO4)3,72
AGUVOO_charged,Cu3H18C18N24O4F3,144
VARWOC,Eu4H22C12N3O16,48
ARUYUH01,Zn3P4(HO3)4,0
UFEXEJ,Dy2CuH4C10N4O9,30
NAYZUK_SL,InH7C12O5,96
FALZAU,Ga2P3O11,0
IJIGOX,Ga3Co2(PO4)5,0
KOKDEU,Cu17H108(C79N25)2,632
KISVEO,U14(SO4)19,0
ATIBUA,MnH2(CO2)2,24
ROQDIM03,NaFeN18,0
ja907023c_si_004,CoH24C30(NO)6,120
FIQCEN,CuH2(C3O2)2,72
XINZEB,CdH4C8O5,64
VUCCUT,CeH4(C3O4)2,54
TONBOO,Co3H32C40(NO6)2,80
KOFPEB04,La2Cu3H30C24(NO4)6,48
UMOYOM09,CuH10(C5O)5,450
MAVRAE,Cu3H32C32(NO9)2,192
ROQFUA03,KFeN18,0
SESDEA01,EuH12(C5O3)3,60
ORAGOF,Ho2P3H24C43N3O19,172
QOSJOZ,Gd2Cu3H18C42(NO4)6,168
VIWLOE,Ce2Cu2H5(C5O4)5,100
ja300034j_si_002,ZnH3C7O3,42
JOKYOX10,CdNiC7N6,56
NIKYUC02,FeH2(CO2)2,24
GITPIK,Zn2H14C21(N3O4)2,84
UMODEH14,CuH15C22O5,396
HOGJET,Cu12H48C96N11O54,192
QODHUO,AgH12(C3N)6,144
HILJUJ,Ce2H6C14S(NO6)2,56
TAJVOS,ScH8(C7O3)2,224
VAGTAA,MgH4(C4O3)2,16
FIPKUM,ZnH12C24(NO5)2,48
IWIPIO,Cu4C7N5,28
YOYPIN,Co2H39C63(N2O)6,126
USORUR,Zn2H15C27O10,108
ZIBRAD,CuH12(C5N)3,480
NIBHUC,Cu3H24C54(N7O6)2,432
ITAPIC,Cu2(CN)3,24
SEVWEV_clean_h,NdH3(C3O2)3,36
BOCTOE04,MnN9,0
HEZPIL01,V3P2(HO5)2,0
IGIZUV,Sr3P8H22(C4O15)2,32
FEYZUF,EuH18C11O6,88
LEYPAI,Eu(CO2)4,32
HEGNUD,CrGa3P4H26C8(N3O8)2,72
VEJZOA,Zn2H31(C21N4)2,1008
WAQFIG,Zn2H10C22S(NO5)2,44
LAGNUE,YH6(C2O)6,48
UNERUB,Co3P4(WO7)4,0
ZASTUK,MnH10(C7O3)2,56
UJOKIP04,Mn3CrH21C15(N2O)6,30
KUQWIE,Cd3P2H22C14(NO5)2,56
FAVDAK,Zn10H63C90I24(N9O2)3,360
OYIVEY,Cu9H40C80(N2O)20,160
AFOTUL,SmH12(C7O2)3,42
PUQDOW,AgH12C28(S3N2)2,224
YEVQOG,AgH6C5N2,240
HAVVUX,Cu7H12C18I4N15,72
JOXPIX,Gd2Ag6H14C36N12O25,72
ja6b00695_si_001,Ni20H449C388S20N11ClO63,1552
PAPKOJ,PrH18(C4O)6,192
KAVJEX01,NdH6C16(NO4)2,192
SAJKUM,PrH3C7NO4,168
ACAJOF,Cu2H26C23(NO4)2,92
WUGQAS,ZnH3C12NO4,216
MAYGAU,Fe2P2H2C3O14,12
VUGWUR,LaH27C30(NO2)3,60
VUQKOI,Cd3P2H40C32N14(Cl3O2)2,64
GEVXAI,GdH3(C5O4)2,40
NOFQIK,CuH14C10IN4,40
KUXREC,Fe3H12C24O13,48
DUZKEQ,K2Mn2Cu3H27C36N6O19,288
FAKNIR,Cd2H25C40(NO6)2,80
VUHPOF,ZnH4C6(IN)2,288
QIQVIX,Cd3H16C30O13,120
SUFJIO,ZnH4C6N3O2,96
GARMAQ,GdH15C24NO8,96
acs.inorgchem.6b02696_ic6b02696_si_002,Zn3H12C16(N5O2)4,768
XOVXAI,Co5H14C28(N2O11)2,56
WAGDAL,CsU4P8H16C24O27F2,96
VEGXOW,Co3H18C34(O5F6)2,136
GUJVIR,CdH15C15SN9O4,30
TAJXIO,AgH4C6NO2,192
VIWLIY,La2Cu2H5(C5O4)5,100
XAGCUE,Zn3H4(C4O5)2,192
YIVZOU,PrSiH16(C7O2)4,224
TOWPEC,Fe3H9C24N3O13,768
VAMYEQ,Cu6H56C85N9O20,340
IDORAW,MnCuH4C11(NO4)2,176
OKIWUB01_charged,CdH36C48N12ClO4,192
DUNXUH12,ZnH3C8SO7,32
NOQLOV01_charged,InH2C5NO8,20
FORTUD,Zn29H342C360(N9O40)2,720
acs.inorgchem.5b02973_ic5b02973_si_002,CuH18C30N2(O2F3)2,90
GIHBII,Ga3P3O13,0
OTODEI,AgH18C14N3,112
SAMXUC,Sm4H72(C19O8)3,228
NEHGEO,Zn6H26C44O13,352
ZADQUT,Cu4H40C64N16ClO16,128
c6cc02494g_c6cc02494g3,MnHC4SO2,144
REWNEO,CuH5C12N3O4,288
XIVMEW01,Fe3C24N12O13,48
acs.chemmater.6b02817_cm6b02817_si_004,Fe3H9C24N3O13,192
NIKZEN01,FeH2(CO2)2,24
WEBROK01,InP2(HO4)2,0
FIQYUA,CoH2(CO2)2,24
ZEDQOQ,SrH2C3SO5,48
JIXWUJ02,MnH2(CO2)2,24
JOVYAW,Zn3H12(C9O4)4,36
GUJGEY,Nd2P5H40C23N5O19,46
FIRNUR,NiH18C26(N2O)4,78
HISGAT,K4H18C28S2O13,112
ASUKEE01,CuH12(C5N)3,480
SIZPUN,ZnH3C12NO6,288
AQEQIW,ZnH2(C5O4)2,40
ICOYIK,La2H19C28S4NO19,56
TERNUA,EuH6(C2O)6,48
FEGNIQ,ZnH12C21N2O7,168
QUVFAP,ErPH7C7NO9,56
APACAX,ZnH6(C2O)8,192
ZURLAB,Cd2H23C34(N3O5)2,136
YEMMAF,NiPC3NO3,54
MAHTAR,MnH4(C2O)4,48
YUKVAC,FeH3(CO2)3,12
IHIWIF,Ba3Cr2H4(C6O13)2,48
HEBJAB,Co3H58C64(N4O7)2,64
FECJUT,Zn8HC228Cl17O38,912
FAGMAE,AgH36C30(SN)4,240
NUVYIN,Ni3H38C60(N3O7)2,120
DIBQOW,Co3H30C54O13,216
GEZZAO,V9P20H44O71,0
SAKDAM01,EuH3C7NO4,168
NADKAG,YP3C10N4O9,40
AVETOM,Ni5H36C62(N5O11)2,496
SARHAW,FeHC4O3,24
TAJXIO01,AgH4C6NO2,192
BAZJIX,Mn5H24C48(N16O)2,96
YUYBIF,CdH10C13S(NO)4,104
IZEHAX,Cd3H8C4(N10Cl)2,8
CEXJOF,FeAgH42C58N9,928
VIWMOF,CdH21C27N7,432
BAKYIY,Mg2H16C16N5O11,64
TIJPOT,Cu3H16C14(N2O5)2,56
LABQEN,ZnH4C6(IN)2,288
ZAVQOE,TbH6C15NO9,120
JOVROD,LiCo(CN)6,24
YEPDAZ,AgH8(C5N2)2,120
HUJVOX,CuH12(C3N2)4,48
NACYAU,Zn4H48C84N6O13,336
PIZQUM,Cu2H24C19(NO)6,76
QAHDOU,Zn4(C3O)17,306
HAQJIV,Cu2H16C21(NO4)2,189
PEJMUN_charged,CdH36C48N12(ClO)6,192
ZISFEO,MnH6C9O4,36
HAKSIY,Mg2Fe3H18C30N9O13,60
XALXUF01,CuH4C9(NO2)2,216
GOXMEN,Co2H33C51(N2O)6,102
LUWMOH,SmH7(C5O2)3,120
YABWOP,V5P4H4C2O15F2,8
VEXTUO_manual,Ni3H34C57N3O13,114
EJESUJ,NaEu2C56(N2O5)6,224
ADARAA,Co3H20C48Br4N4O9,1152
LIXDAZ,TbH10C21O8,84
DIMKUH,DyZnH7C12(NO2)4,48
MAGNEQ01,CuH2(CO2)2,8
TAJXIO07,AgH4C6NO2,384
c6ra27069g_c6ra27069g2,Zn2H15C9N13O2,36
OXAZIX,PrH5C7NO5,28
DEZCER,Mn2H23C27(N2O3)2,108
WALCET,ZnH3C3(N2O)2,48
GIRZAK,Zn3H26C40(N3O7)2,80
DUKYOZ,CdH20(C11N2)2,44
MAKGAJ,Dy3H25C52N9O20,104
ZILBED,CoH16C24(NO2)2,96
GESFAN,NiH24C32O9,64
DAPBIH_neutral,CoH2(CO)6,72
TEDXOR,Co3H33C35O12,140
ROBYOY,ZnH15C22NO4,88
ADOCEC,V8NiH16C20N4O13,80
QAGQEW,CdH2C10(SO2)2,240
RUCGOM,ZnH36Pt2Au2C20S4(NO2)4,60
HUYKER,NiH26C22(NO3)2,528
QUVDOB,DyPH7C7NO9,56
XAPCOJ02,VH4C8O5,64
HUYJUG,NiH16C18(NO2)2,216
KECRAL11,Cd3C8(N2O)4,16
REHHET,Cd3H18C39N3O14,312
HETZUC_charged,V16Co2H32C40N8ClO38,80
YOPMAS,Co3H22C38(NO3)4,76
RIYWIH,Ca2P3(C8O7)3,96
QAVYUJ,La2NiH14C26(N3O8)2,26
PENNUT,Zn3H20C31N2O15,62
VAPBAR_charged,EuH66C48(N3O5)3,48
VAPHOM,Zn3P4(HO3)4,0
ROQDIM05,NaFeN96,0
DOJXUW,NdH8(C2O)8,64
KOCWEF,Mn4H22C37N17O9,148
JOVXEZ,CuH8C11(NO)2,44
JUJTAL,CoH18C28(N2O3)2,84
FORPUY,NdH5C7NO5,112
HUTTIA,ZnH13C23N2(O2F3)2,184
LOXWEC,CuH11C11(NO2)2,44
c5dt02374b_c5dt02374b2,CdH2C5(NO2)2,30
jacs.6b08724_ja6b08724_si_012,Mn3Co3H36C72N6O19,144
LABPOW,Zn9H96C102I26(N6O)4,204
COYCEZ,Cu3MoH20C26(S2N3)2,104
BETDOV,GdH14C19(NO4)2,152
POHWIU,Co5H52C101(N2O9)2,202
ja500330a_si_002,Zr3H6(C3O5)4,96
PETWES,CuH32(C9N)4,36
NOCZAI,Sr2NiH9C21(NO4)3,42
OVUCOY,U3P4H8C12O12F,48
VOTMAS,SrCaH12C10(NO4)2,40
YEKQOW,Zn26H52C144O127,288
ANUGEW,Cu3H22(C7O2)6,168
EPUJIJ,Pr2H6(C3O4)3,36
TOHYUM,Zn4H12C24O13,96
ASOHUL,VC8O5,32
XOCGUR,CaCo2H12C12(NO6)2,24
COQLAX,Ag2P4H56(C25O)3,1350
ZACCUB,Ga4(PO4)5,0
WAVREQ,Co6P8H3O32,0
WOSZEL_charged,ZnH30C32N2O7,128
UVEXAV,Ga2H5C5O8,10
WIVFIS,Ag9H25C35(N10O)2,70
VUKTUS,Dy2H24(C14O5)3,168
RUYTUC,LaH12C21NO6,189
cm901983a_si_001,Si3H6C18O13,1224
IYAHEX,Pr3H11(C17O10)2,68
KINSEH,ZnH48C36BrNO9,72
TASYUJ_charged,Cu5H96C132(N11O9)4,264
FECFAV,Ag18H42C51N11,102
LUSZUV,Cu2H3C8SO8,32
GUVKUE,ZnH8C12(IN2)2,288
c5nj03044g_c5nj03044g2,CdH24C20(NO)4,160
c5sc00614g_c5sc00614g2,Y3H112(C69O20)2,276
EMIGEN_charged,In5H7C5(S4N)2,40
QESRAI,ZnPO4,0
WUNSEE_charged,CdH36C48N12ClO4,192
FAHJUW,K2Mg2H16Ru2C4ClO18,16
SERJOP,Er2H9C21(NO4)3,84
KEVBOE,Ni3H80C108N6O13,648
GADHIF,ZnH21C31N7O6,248
cg034025wsi20030214_115651,ErH4C6O7,24
LEDJOU,GdP3H23C10N4O9,40
MAKHAK,DyH8C18N3O8,288
ja4015666_si_002,Cd2H14C30O13,60
ZOJWAY,CuH14(C4O)8,576
RESWOC,ErC12(OF)6,48
GEDDEA,Ni2H9C6(SO4)2,72
NACVUI,CuH5C9N4O,36
SAHXAD,Zn3H10C23O11,46
YAPMAF,NiH6(C4N3)2,384
MIXBIG_auto,Cu2H7C18N3O8,162
UDOVOA,Zn5P4H16(C7O5)4,672
DALSAN,Fe2HC4Cl2O9,16
ILIFUE,CeH6(C3O4)3,18
YIBMON01,ZnH7(C5O2)3,60
EWECOY,Cd3(C11O7)2,88
HAWWEJ_charged,YbH10C15S2N2O9,60
TIXVON,MgH8C14O5,168
LEDJUA,NdP4H21C9N3O11,18
NIJZOV,Er2Cu3(C4O5)6,48
LITCUO,CoH13C17O7,136
SOTBIM,Be2P2HO8,0
TECTUS,CaH2(C3O2)2,36
DARSEV_SL,CdH18C30N2(Cl2O)2,90
ACUFEK,CuH8C16(NO2)2,384
HOZDIL,Al2P3H6(CO)9,36
XAHPUU,K3Au5(CN)10,20
QAQSAD,ZnH6(C3O)4,36
YAVWUQ,Cu6H22C55N9O26,440
JADMIN,Cd2H44C63N4O17,504
BIPSUQ,Cu7H40C80(NO6)4,480
IQOKEG,Mn3Si2H32(C7O2)8,56
KACKIL,EuInH6(C9O8)2,72
FUWFUA,Cd9H68C88(N35O3)2,176
AVAKAL,Cu3H48C78(NO6)2,312
cm503311x_aloh400K,AlC8O5,32
DOHXUV,Ag3H24C36N12Cl,288
XIFHIF,Tb2H6(C6O5)3,72
jz4002345_si_006,Hf3H14(C3O2)8,48
WAXJAJ,SrCo(CN)6,24
WALBOC02,ZnH3C3(N2O)2,48
WOYWOY,Mn4H82C91N12ClO12,182
BEFMAC,AlPO4,0
CAGSAG,Zn4H18C36O13,144
LABNUA,Zn3H24C36(I5N6)2,288
ja5b02777_si_006,Li2Zr(CO2)8,32
RUQVEF,ZnH16C16NO4,32
GEZFOI_charged,CdH18C21(NO)8,42
QURPOK,Zr3Fe3H18C36Br12(N3O10)2,288
ILASIZ,KCo(CN)6,24
TAJXIO02,AgH4C6NO2,192
NALWOO,BaH16(C9O2)3,108
ic402692p_si_005,Zn3H6C18O13,72
OSUPOJ,EuH18C24(SO)6,192
SEFVUW,ZnH10(CN)6,72
VUCCON,LaH4(C3O4)2,54
UXEQOE,Cd5H6C20(NO2)8,80
OPOCEC,Mn4H57C51O16,408
YAYLIV,Ba2U2P2H2CO9F4,4
SOKWAS,UH2C6SO4,48
GOYXID,GdAgH8C14(NO4)2,56
OPAPIF,EuH18C15S3(N2O)6,30
FUJKUS,Co2H16C24N6O7,48
c6cc02494g_c6cc02494g4,MnHC4SO2,144
NIFYUY_charged,Tm3Co2H46C72N12Cl2O37,576
MODPAW_charged,Cd5H8(C13N6)2,52
UVEVAT,MnH5C10N3O4,80
XANXUF,CuH16(C7N)4,112
IZUSEC,Zn4H228C138N36O25,138
RAFNIV,AgH16(C7N)4,112
ARAFOP,CuH8(C5N3)2,40
KUVJIW,U2P2H3(C4O5)2,16
FALBAX_manual,CoH16C26(SN5)2,1248
LUCKIF,SmH13C26(NO6)2,104
CICYIX,CdH2C7O6,7
RAZJIM,AgH8C9S5N2,36
AGARUW,La2H4C11N4O11,44
NIFZIN_charged,Tb3Co2H46C72N12Cl2O37,576
VULKOD,MnH6C15S3NO4,120
NIKDAM,CeH38C22(NO2)4,44
FASHUD_SL,Sr2Zr(CO2)8,64
YOYPOT,Co2H39C63(N2O)6,126
HOVJIN,ErAgH8C14(NO4)2,28
ECUCUB,YbH9(C2O)6,24
SABYUS,Eu2CuH12C32(NO6)4,32
FALVUL,Pr2Cu2H5(C5O4)5,100
cg100357q_si_002,Zn4H107C132(NO4)4,264
LIBJAJ,CaH10(C2O)4,32
ADOBAX_charged,Mn2V16H32C40N8ClO38,80
SABVOH_manual,AlH5C8O5,32
PODVUB,U2CuP4H19C28N2O12F,112
UKAPUS,NdPH12(C3O)7,42
DAJHOM_manual,CoH11C18NO4,108
TIGSOT,Zn3P4H15C14(NO7)2,56
YIDSOT,V2P2H8C3O7,24
BUPVEP,Ce3(C3O4)4,96
VUQKAU02,MnH8(C7O2)2,84
j.inoche.2015.03.028_inc05925-mmc2,CuH8C14N2O5,56
VEGMOK_charged,Zn3H40C40(NO8)2,80
FENVOL_charged,Zn3P2H18C21NO14,84
HURFEH,Zn5H34C36N12O13,144
HIYZEV,MnH4C9O5,36
KOVGOT01,Zn8Mo24H30(C6O7)9,108
APAYIB,EuH11(C7O2)3,168
DOTFOJ,Cu3H116C140(NO2)12,560
acs.cgd.6b00463_OLOMUZ1451936,CaAg2H6C12S2(NO2)2,432
UKUPUL,V9Si4H16C8(N2O9)2,32
YURKAY,Dy2H18C42(SO6)3,84
EKIGIQ,CdH10C12(N4O)2,96
TOWMID,Fe3Co3H81(C36O11)2,144
jacs.6b08724_ja6b08724_si_010,Fe3Co3H36C72N6O13,144
BUCSEY,Fe4Ni3H40(C26O9)2,104
IKEVAW,DyH2C7(NO3)2,14
IJENOB,Eu4H103C87(S15O14)2,174
EXIDEV,Co2H31C41(N2O7)2,82
BEPMIU,ZnH11C9N2ClO2,54
TUVDIX,Pr2Mn3H18C42(NO4)6,84
TUVDOD,Gd2Mn3H18C42(NO4)6,84
SEFVAC,ZnH10(C2N)4,96
NEJSOM,CuH9C14NO4,56
KAJZIH,Cu2H3(C3O2)3,72
CELKEL,CuH14C16(NO3)2,128
POSGAH,CdH14C20(NO)4,80
XAWZOM,Cd2H20C28SN2O11,112
BADHUM,ScH6(C2O)6,192
EGOXII,Zn4P6H7O18,0
TEQWER,Cu2C3(SN)3,12
CIJVOH,CdH2C2O3,16
SAMVEK,Mn2H11(C9O5)2,72
MAGCUU,FeH60(C7N2)6,84
VINHOR,MnCr(CO2)6,96
IXEBEU,CoH28(C10N3)4,320
GAKTET,CuH20C23(N2O)2,184
JOVDON,CeHC5O7,40
LURRUM,InH36C48O5,192
JILWIL,AlPO4,0
YARBUQ,NiH28C36(NO3)2,288
WIHTAK,GdH4(CO2)4,16
DUWFOS,Zn2H10C9(N8O)2,36
VOCCOH,Ni2H7C16O9,64
VIXZUZ,Zn3H16C32(NO7)2,32
QEKLID,Cd3H14(C5O2)6,30
MAGDAB,FeH60(C7N2)6,84
SESDEA,EuH12(C5O3)3,60
VICYOX,Zn3H12C32(N2O9)2,32
QOFDIA08,AgH12(C3N)6,288
EZABAJ,Zn2H6(C2N3)3,24
jacs.5b12516_ja5b12516_si_003,Cu3H18C16(IN2)2,192
HIHGEM_manual,Er4Si3H48(C7O2)12,336
ZIMTAS,Cu4Si2H32C56N32Cl,112
DIYKAZ,CdH11C14(NO2)2,112
IPIHIA,CdH13C17(N3O2)2,136
MAYFUN,Fe2P2H2C3O14,12
FIJDIM02,MnH4(C2O)4,48
UZUNAF01,CuH11C11(NO2)2,44
DITYAH,CoH36(C15N2)2,120
VAZMIU,HoH2(CO)7,28
NEHMUJ,CoH24C30(SN3)2,120
NIWZIE13,MgH3(CO2)3,6
OVIWIA,U2CoP2H4(CO3)4,8
HAJMEL,FeH26C22(SN5)2,66
ZAVRIZ,TmH6C15NO9,120
ic401157n_si_002,LaH18C30(NO3)3,240
RABHAZ,CdNiH14(C3N2)3,36
VIXGEQ,Zr(CO2)2,8
PIGHIX,Cu3H32C48(N3O4)2,192
HAJMAH,FeH28C22(SN5)2,66
DOJYAD,DyH8(C2O)8,64
BAMKOS,Cu2H21C22N6O5,88
NAWWUG,NiH6C10(NO2)2,60
QUBWIU,Na5Sm4Cu8H48C48(NO6)8,96
NUFTOY_charged,InH24C28NO8,224
ABEXOW,PrH2C7(NO3)2,56
QIFLEY,Cd2H30C49N4O5F6,196
WOWHEV,V6Ni4H12C20N8O23,40
FECXUI,Zn8H35(C36O13)2,288
BASTUM,HoAgH8C18(NO2)4,144
MOYYEF,CuH8(C7O2)2,56
c5dt03710g_c5dt03710g2,ZnH16C16NO8,32
SARMII,GdH9(C3O)6,288
HATZOS,AgH8C11N2O,88
TOHPUC,V2NiH14C10(NO)4,80
VETSOE_charged,Mn13H216C288(ClO8)6,576
YEYLUJ,AgH16(C5N)4,160
UMOYOM17,CuH10C23O5,414
QODHUO11,AgH12(C3N)6,288
VIWKOD,Ce2Cu2H5(C5O4)5,100
UMOBEF05,CuH13C21O5,378
UMOBEF06,CuH13C21O5,378
cm503311x_aloh350K,AlC8O5,32
KELJAN,Cu3H6C6N9O2,192
ja203898s_si_004,CuH9C14NO5,84
LABNIO,ZnH8C12(IN2)2,288
DIBXIX,EuCuH8C16N5O8,32
XUHCAG,Ni2H52C42SN9O10,168
RAKDEN,ZnH8C12(IN2)2,288
XUDYEC,CdH7C9(N2O)2,72
LIXXAS,GdH9C12(NO2)3,24
SEHLAU,SmZn6H16C40N12(ClO8)2,320
WEBKEV,Zn8In3(C5O3)12,480
BIYXUE_charged,Dy3H96C121SN24(O9F)3,242
EBIZUN,Cu2H9C17NO8,153
GUKXIU,Ag2H3C7NO4,56
OCUNAC_manual,Cr3H12C24O13,1632
TASJUT_charged,AgH11C13N5O3,208
ic502643m_si_010,Zn4H20C39N2O17,156
TOHQEO,CoH16C25(NO2)2,200
SAPBAP,MgH3(CO2)3,6
LATBUG,Fe3H42C72N3O13,576
WEYQAU07,MnH3(C3O2)3,72
PUGJEI,MnH8C14SO6,168
VUNCEM01,Ga2P2HO9,0
IGOJEV,CdH22C40(NO2)4,320
MARNOL,Co2H11C18N3O7,144
CAKYIY,ErH2C7(NO3)2,28
CAFRUX,Ag2H36(C13S2)3,156
XEDLUN01,TiH12(C6O)3,72
WIDZUG,CdH12C14(NO)4,56
SADLIU,YbH3(C3O2)3,36
XACGIT_charged,Cd5H15C15N31O3,30
HUZSUR,K3Zn2H31C58NO15,116
SODQOT,Cu2H4C9O7,36
UDAXAB,Zn3H24C36(I5N6)2,288
VOGTIV_clean_h,MgHC4O3,24
acs.jpcc.6b08594_UiO66_Ce2Zr4_opt,CeZr2H14(C3O2)8,96
ILUHUT,Pr2Co3H18C42(NO4)6,84
YOZBIZ,Zn2H16C23N17O12,276
MAGVOG26,AgH8(CN)2,8
DUXLUF01,ZnH13(C9O2)2,324
RAZGOQ,CuH2(CO)4,32
SUNJOB,HoH6(C2O)6,24
WOJZOM,SmH7(C5O2)3,120
BOJYIK01,TbH6(C2O)6,24
FOXNIQ,Gd4Co2H24C42N6O29,84
magnetochemistry3010001_PF290NdNO3,Nd2H14C16(NO3)5,32
ic402058f_si_003,CdH10(C3O)6,108
OZAVES,CaH2C6SO4,48
FURRIU,AgH8C11N2O,198
KUHVOZ01,EuH3C7NO4,168
EWUCOP,CuH4C9(NO)4,36
RIZXUT,Zn2H3C9N3O10,36
WODREO,Co2H24C38N4O11,152
VOKJIQ,Al3P3HO13,0
UXEDIL02,ErH4(CO2)4,16
ROLCEC19,CuH3(CO2)3,18
ADOBEB_charged,Mn2V16H32C40N8ClO38,80
ACOGEF,CdH36C32I2(N3O)4,64
cg801267m_si_001,MnZn2H88C116(NO)8,116
NAVLIG,CuH20(C6N)4,96
RUBTAK09,Zr3H16(C3O4)8,192
ic5030058_si_002,Cu4H40C72N64ClO16,216
DARJUD,Al7Zn(PO4)8,0
GAZZIS_charged,InH30C42NO8,168
XAPDAU,ZnH8C12(IN2)2,288
TIZVED_charged,CuBH16C20(NF)4,40
GUFBOA,CdH24C40S4NO8,80
OJOZOE,GdH8C7O10,14
DAXJET01,FeH18(C3N2)6,108
ZAQZOG,V7P8(HO6)6,0
UJAQAY,Mn3H18C38(NO10)2,76
RAVDUP,DyH8C17O8,68
BOHJOZ_auto,Zr3H8(C3O4)4,96
PEHTON,Cu3H34C40(N3O4)2,160
BIXYEO,Ce4SiH8W12C20(NO7)8,40
WIPPIW,Cd3H24(C3O)16,768
AVIVOQ,AgH16C24SN4,384
RIPWEU,KNa5Sm6MnP5H14W30(C7O59)2,56
LUTBUY,Cu2H3C8SO8,32
PEFRID01,SmH9C18(NO2)3,144
EJIDUW01,NdH12(C3O2)3,18
UHUPOD01,Zn8H60C96O25,768
KULMAG,Zn4H48C58S4O13,232
CEDFUO,Gd4H19C48(NO7)6,96
VELVEO,InH6C4O7,16
TINFIH,U2H2C7NO6,28
NARMUR,Pr2H5C14(NO4)3,56
ONALEV,Mn3Zn3P6(HO12)2,0
REGJIW,Co3H2(C4O5)2,8
BETFAJ,SmH8C16NO6,64
ZAWLEQ,CaC2N2ClO3,8
FALJAF,Eu2H44C46S3(N4O9)2,184
AMOZAE,KSmHC9NO8,36
IZUVUV,ZnH8C12(N2Cl)2,288
DACXUB,HoH17C30(NO3)2,60
FEWGUL,LaH12C24(NO)6,96
ECIVUH,AgH28C18(NO2)4,72
GAYPED,Co15H60C156(N3O13)4,312
QATHOK,CdH11C17N3O4,102
cm501138g_si_012,CuH2(C3O2)2,72
VASFUT,EuH3C9(NO2)3,18
EREFEN01_SL,ZnH12C20(NO2)2,80
XAJSEJ,InH9C22NO8,88
BALMUW01,Ba(CO2)2,8
MAKGUD,TbH8C18N3O8,288
OBEDAA_charged,AgBH12C23(NF)4,92
DUDKEU,Co6H17C37(N2O13)2,148
SETTAO,Zn3Cr3H96C156N18O43,156
VAGKOF,Ca2H26C51(O2F3)6,204
DUFGOB,K3UH25C29S4N5(O7F6)2,58
IDIWUN,Zn3H18(C14O5)2,112
HOJNUR01,ScH6(C2O)6,192
QOXFIU,K4U4C20I2N4O31,160
GESBOW_charged,NaMn19H99(C27O26)2,216
UJULIW,Cu3P4H14(C7O12)2,28
CUWVAT,EuH3C14N7O6,28
APEBII,CuH5C19N2O9,342
PUGFII,MnH8C14SO6,168
NEXXIZ,Li4H19C30(NO4)2,120
VAMQAE,CoHC4N2O3,72
OHAQEU,NbFe2(CN)8,16
GUXLIU,AlPH2CO3F,4
BIPBAF,Cu3H11(C13O7)2,208
YUKKAR,MnH10C15NO6,30
LIWFOM,V5P4H4(CO8)2,4
NIRDEX,ZrCd2(CO2)8,8
NECZAY,Be3P4(HO3)4,0
BAKGAX,Co3H4C9SN12O5,36
GULBAR,ZnH6C7(N3O)2,56
JOBFEM,Cu3H16WC22(SN2)3,176
UDEGIW,CuH9C17NO4,136
EXEQII_SL,ScH4C8O5,32
ZOXVEP,DyCoH7C12(NO2)4,48
MUDLON,MgH24C40(NO4)2,160
TEDSIG,ZnH14C16(NO3)2,64
MADWAQ,CuH16C16S2Br,64
VAHVOR,DyH7C15(NO3)2,60
ECOLOX,U5(PO4)4,0
BURQIQ,Na2Cd5H48C84(NO6)4,168
NAMZIL,MnRe3Te4(CN)3,12
DEYJOI,V2CoH10C12N2O5,24
ETEXEI,Zn3P4(HO3)4,0
GEFFUT,Co3H44C74(N4O3)4,148
QOZPOM,ZnH8C14(N4O3)2,56
PIJROR,CeH9C21(SO2)3,42
AMILOY,ZnH12C15(NO2)2,240
VIDVUB,CdH5C9O5,72
NOKJON,U3Zn(PO4)4,0
XEKCOH,K2La2Pt4C16N16O,64
CODQOD,CeH12(C5O3)3,60
QOFBIY01,AgH12(C3N)6,288
PURSOK,ZnH4(C2O)4,24
BETDAH,HoH7C16NO6,64
BEXVIL,CdH5C9O5,72
CODROD,PrH2C5O6,20
YISFEL,Sr2Cu(CO2)6,12
OKELOH,ZnH10(C11O4)2,88
GOYXOJ,TbAgH8C14(NO4)2,56
ANEPIT,Co2H26C41N6O17,164
EPAGEJ,Gd4H22C43(NO3)6,344
GIFFEI,EuC4N3O4,32
EYOCIG,Eu2H9(C5O2)6,240
WAFKAQ,ZnH12C12NO4,48
PEWFII,UCuH2(C5O4)2,10
MAGVOG09,AgH8(CN)2,32
EXECAN,ZnH12C18(NO2)2,324
QALGUH_SL,CrH5C8O5,32
GUVLAL,ZnH8C12(IN2)2,288
MUQSAU,ZnH8C14NO4,224
DITJOH,Zr3H32C53O12,106
FIQZEM,CdH6(C3O)4,48
YUXMUZ,AgH10C7N2,28
SIVGAH,ZnH9(CN2)4,32
ZIMLOY,KCe4BH12W12C28(N2O25)2,112
DIVMUR,ErC3SeO10,12
ILUJIJ,Sm2Fe3H18C42(NO4)6,84
WAVQER,SmIn3H9C27O22,108
HICWIB,K2CoH4Ru2(C2O7)2,16
HULTEP,CoH24(C5N3)6,180
TUNDAJ,AgH6(C5N3)2,240
BOWRAH,Fe3B2P4(HO5)4,0
OKIWUB_charged,CdH36C48N12ClO4,192
IJANAJ,Zn3H22C38(NO3)4,38
MEHMET,CuH4(C7O2)2,336
jacs.5b11034_ja5b11034_si_002,Zn7H12C124(NO12)4,372
ALULID,CeH12C21(NO2)3,84
TORKAO,EuH16C24NO8,96
KINRIK,Gd2Cu6H27C15(N2O7)3,270
HOWQAM,CdH7C12(NO2)2,96
SANGOG,NdH9C13(NO3)2,104
XOCWET,La2U3H6(C5O4)6,30
ONEJUN,Cu3P2H12W18C12N6O47,72
XEDPED,ZnH7C10N5O2,240
ZOFZOL,Co2H7C18N3O8,72
UMEDEX,Zn3H26C36(IN2)6,288
KUFTAI,Mn2Fe3H48C96(NO2)8,192
NATHUO,ZnH9C24(O2F3)3,192
YAJZIV,KDyH2C9SO9,72
MIHMEW,Nd4H74Pt3C144(NO2)12,288
NUNTOH,Co2P3(O5F)2,0
FEWWEL,Co2H47C80S6(N6Cl)5,320
WAMREJ,Cu2H15C34(NO4)2,136
SONVIB_neutral_b,CuH2(C3O2)2,72
ILITUT_manual,Co3H36C60(N3O4)2,480
YOLGUB,Cu9C19N11,38
HOGQEB,SmH3(C5O4)2,80
KOJZEP_manual,CuH6C16(NO2)2,96
UNIPAJ,CdH14C22(NO)4,88
OCUMUX,Mn2H4C16N2O13,128
RATSAI,Dy2H6C18(SO4)3,72
UJOJIO05,Mn4H21C15(N2O)6,30
ZEZQEC,GdH9C18(NO2)3,36
ETEPID,RbH42C42N28O15,336
QOWRAV10,CuH10(C9O2)2,432
LEDHEJ,TbH11(C7O2)3,42
KIHTOL01,NdH12(C5O3)3,60
TOBKAY,GdH7(C7O3)2,56
PUTYAE_charged,AgH6C12N6ClO4,48
JUFREJ,GdH2C6N3O7,36
IWAHIZ,Al6P7HO28,0
UCEXEG,DyH6(C2O)6,72
KUSZED,Cd5(C3N2)4,48
YONNAR,Zn6H17C45O22,360
KIYQEQ,ZnH3C7NO4,56
GAYFUJ,CdH4(C3N2)2,36
FUVDEH04,ZnH16C22(NO2)2,176
LAGNOY,YH6(C2O)6,48
HAWZIQ,La2Mo3H18C18S4N3O20,36
JEDJUY,KGdH2C10O9,20
WOJZIG,EuH7(C5O2)3,120
WIYWEI,Sm2H24C34NO11,136
QAWREM,Eu2H13C24(NO4)3,48
KULMIP,CdH5C6(NO)2,24
GEPDEM,ZnH5C8N3O4,32
IWAHUK,Zn2H64C40N5O16,160
COKPOJ,CoHC4O3,72
BEWWEH,MnCr(CO2)6,48
KALFUA,Ni2H36C46N4O9,368
LACYEW,NaPrZnH10C26(NO6)2,208
GUHPEG,SmH25C28(NO4)2,224
HAXMUP,CuH8C5N3O,30
DALTAO,EuH6C15NO8,120
UVUDUM,ZnH8(C2O)5,360
VATVIY,Cd2H27C35N8O7,140
QUQFIS,ZnH4(C5O2)2,120
HUQHUY,Zn3H60C94(NO3)4,752
SUKREX,La2H3(C5O4)3,30
KAHNOX,Cu5(CN)6,12
c6ce00141f_c6ce00141f2,Co3H48C80(NO4)4,320
KOSKUA,CoHC4O3,24
XISPEW02,FeH8Pt(C3N)6,36
ROLZEZ,EuH29C30N3O8,60
XIGHEB,ZnH8C12(IN2)2,288
XANZAQ02,CuH12(C7N3)2,56
ATUXOE,K2Eu2H12C32O19,64
MAGVOG33,AgH8(CN)2,8
HOYTUL,Na3YbH13C21N3O16,42
SIDCAL,Cd3H48(C3O)16,96
IZEQUB,Ni3H32(C10O3)6,120
GERWIL_charged,Zn5Si2H72C76(N3O17)2,152
ic5011133_si_004,CoH4(C3O2)4,72
TAZLAJ,TbCd2H6(C3O2)6,144
PIJDIX,Zn3P4(HO3)4,0
IBIRES,Cu3H20WC25S3BrN5,200
ANUGOG,CuH7(C7O2)2,112
LAGMUD,YH6(C2O)6,24
WODXEU,LaZnH10C20N3O10,40
ZIVCOY,Cu2(C4O)9,432
IHUROS,Fe3P3H2(CO5)4,8
LUDVUB,ZnH8C12(IN2)2,288
DICKEH,CuH5C13O4,78
JASNEX,ZnH10C17NO4,34
NUWPOM,Mg2CO5,18
IXIKOR,ZnH28C40N4O5,320
ANEHEI,Zn4H36C35(N3O2)5,70
EKOPUQ,CaCd2H48(C3O)16,96
UTELIQ,MgH8C14(NO2)2,168
PEPLIG,VH4C8O5,32
HUDCEQ,ZnH34C44NO4,88
DEZKAW,MnH5C9N7,72
EMIYUW,Zr3H28(C20O7)2,320
QUSBIP,Zn4H36C60N4O13,240
TUMTOK01,Zn2P3(HO4)3,0
XUFWOM,Zn3H12(C2O)16,256
XALMII,Co3H24C30N2O11,180
YUFLOC,SrH4(C4O3)2,24
TASZEU_charged,Fe2Cu3H96C132(N5O3)8,264
cg5012617_si_002,Nd8Cu4H96C191N32O61,382
NAGBUU,Co2H8C14N6O7,112
OCOKUP,MnH6C10N3,40
GEDRUE,NdH8C16NO6,64
RUWXEN,LaH7C15O7,30
OTAVUB,EuH18C24(NO3)2,96
WINCEC,CoH2(C5O4)2,40
EMIYEF,CoMo6H20C24(N4O3)3,24
BARZOK,CuH11C17NO4,204
NATHOH_ion_b,Na2Mn2Zn3Mo12P8H16C12(NO8)8,24
LICKAL,Zn3P4H15C14(NO7)2,56
IWAYEK,NaMn2(CO3)4,24
IJIROI,K2V5P4H4C2O17,4
PEWLUA,CuH5C12N3O4,288
OMUMEQ,Eu5H104(C87O23)2,696
YAYRAT,GaH4(C3O2)4,216
FIVYUF,SnH21C15NO4,90
QOWRAV06,CuH10(C9O2)2,432
j.jssc.2014.11.015_mmc2,MnH30(C3N)12,72
FUBNOH,ZnH11C19NO4,76
IPICUG_charged,Cu2H20C28N12(ClO4)3,112
IBOTIC,LaH32C40(NO)8,160
NARHAR_charged,La5H64C16S12(NO6)8,32
FUXCOS,AgH12C28(S3N2)2,448
TOHJIL,U5P8H18(CO3)8,8
OGIJIY,SmH20C15O7,30
EBANAY,SrH3(CO)5,20
ASEJOZ01,Cd3H6C18(NO)8,72
QIWHEL,Cd3H18RuC36N6O13,144
YUQNAB,Ag3H48C64(SN2)4,128
KOMHIE,ZnH13C7N5O2,112
POKVUI,Ce2CuH8C24(NO2)8,48
LOVNIV_charged,U2CuH18C24N4O15,192
PIYZED03,CdC4,32
AYOXUJ,CoH16C18(NO2)2,144
FOJPEB,CdH13C20N2O5,640
GAWLIB,Tb4H18C57(O4F3)6,114
BOVHEB,ZnH8C14(N2O)2,112
YAYPOF,U3P4H8C12O12F,48
LABJUV,Cu5H18C26I5N4,52
TESGUU,ZnH2(CO2)2,24
DUYJIS,CuH16C26(SN)4,208
HOPHUP,V2P2C2O7,4
UJOWEW,Cu2H20W(C7N3)4,56
MIMSUY,ZnH12C15(NO2)2,120
IZEVAM,Cu2H6C3N2Cl3,12
JUQVAU,CoH2C4(NO)2,96
ZIWMEZ,AgH6C8N3,64
ICAWUF,Cd5H96C128(NO2)8,256
WEHJAW,Zn4H20C37O20,148
BEPPAP,ZnH11C9N2ClO2,54
YARKEJ,Zn2H30C40N4O9,80
AJOTEY,V3(PO3)4,0
ROMQER,Zn5H32C42O23,168
MOJNAC,Sm2H12C15(NO2)6,60
PETVER,Cd3H12C15N9O4,60
OCUSIP,V3P4H8(CO3)4,16
VACFOV_clean_h,InH8(C2O)8,48
HUZXEH,ZnH19C27NO6,432
IHAZOH,Fe3H12C24O13,192
SAKNOJ,NaCd4H40C68(NO)20,408
TAJWAF,ScH8(C7O3)2,224
AXUPEO,MnAl3(PO4)4,0
QITDII,Mn2H28C37S4(N2O3)3,148
NUDMOQ,Mg3H8C14(NO5)2,56
TUGSUK_ion_b,Cu3H76C56S4(N4O3)6,224
PETNOS,In2P5H7O15,0
QADKAH,V2P2H6C3O7,24
ROQVIE,ZnH6(C5N3)2,40
BIQRIE,Ga2P3H4C2O13,16
OWIHOT,InH4C8O5,64
RIPNUB,ZnH10(C7N2)2,252
SABZON,Gd2CuH12C32(NO6)4,32
VUMCEM,CoH30(C3N)12,72
RAVCUO,NdH8C17O8,68
VITYOO,NdH6(C2O)8,128
EVUNOY,Cd3H12(C7N5)2,56
NIFZUZ,Eu3Co2H40C72(N6O13)2,576
ZAXQUM_charged,Cu2B3H20C28(NF)12,112
CUNFOH01,Cu2H6C4IN3,32
NIMQAD,Cu2H12C18NO10,216
PUGPEO,EuH7C14NO7,112
WIRMUH,Cu4H12C16N8O5,32
DIGFAC,Zn2H52C39N5O8,78
c5nj02236c_c5nj02236c2,Cd3H64C68(N4O7)2,136
DUFZOU,Eu2Fe3H18C42(NO4)6,84
EMIGUD_charged,In5H7C8(S4N)2,128
ROQDIM01,NaFeN18,0
PIZPET_clean_h,YH3(CO)6,24
XOTSIK,Cd6H83(C6O)24,576
LASYOU,CuH3(C2O)4,48
VUGYED,HoH27C30(NO2)3,60
HUZKUJ,In4P5H5C4O23,8
SIBMIB,Cd5H18C42(NO5)4,168
XIYYEL,Zn(CO2)3,24
XAPTEQ,Eu2H15C30(N3O4)3,120
WUDVEY,YbH27(C11O2)3,264
BEKYOG,Cr2Ag3(CO2)12,24
XEMHOM,Cs3H24C22(NO2)2,88
UGAPOI,NaH16(C5N)4,80
MOVFOU,CoH22C35(NO3)2,140
RUYQIN02,LaH12C21NO6,189
CUXJAI,EuH3C12(NO2)3,24
GATSAY,Zn2B10H26C22N2O7,44
HODWUS,Cd3H26(C9N4)2,36
QACRES,Ga3P3O12F,0
EGATAI,ZnCoH3C9NO10,36
XEJXER,NiH9C10NO5,80
YUWKIL,SmH12(C5O2)3,120
EQOCIW,CoH6(C3N2)2,24
SERWIX,Zn2SiH76C106N8(O4F3)2,212
TIKXIV,NdCu2H8C14(NO4)2,112
OBAFOP,TbCu4H12C18I4(NO2)3,216
ATIBAG,MnH2(CO2)2,24
WUNVOR,CdH36(C4N)12,192
DACSAE,CuH7C19(N2O3)2,342
DAXHUH01,Fe3H12C26(N6O)4,26
ZUSNOS,Cu6H33(C35O13)2,560
KEDJAG16,Cu(CO2)3,24
DIVNAY,YC3SeO10,12
OHIHET,ZnH16(C13N3)2,52
KOKKOL,Fe3C24N12O13,48
SITTUM,Zn2H24C19N2O7,152
GAJVEU_charged,Zn3H28C36(NO8)2,72
EQUBUO,GdH5C7SO6,56
SIWTOJ,CdH7C11N3O5,44
LUZBOY,Mn(C3N2)3,36
HOWQOA,Zn4H24C43N7O16,172
WUBHEI,Sr3H6C14N2O11,28
ic7014034-file001,Zn3H40C60(N3O4)3,240
HITXUE,AlPO4,0
EWESAC,ZnH14C20N4O5,320
TAGTUT,Mg5H24(C8O3)6,384
FIRZOX,Ce2Cu3H27C24O31,48
HOMXIR_manual,Zn8H47(C44O13)2,264
CIQYUX,Co5H26(C8O9)2,64
OVIWOG,U6CoP2H4C4O19,16
WERKUZ,NaPH11C9BrN3O8,36
SEHMAU,ErH6RuC12N9O5,48
CUWHUZ,TbH16C33N4O17,396
KIBDIJ,TbH2C5O6,20
UGIGAS01,ScP2(HO4)2,0
CAZNEY,Co3H40C52O19,104
HULRIR,Cd3H10C24(NO4)3,192
IXUHUE,Cu2Mo4H16C24N6O7,96
EDUTIG,Zn4H24C36O13,288
GARLAP,LaH15C24NO8,96
LETDEU,Cu3H4(C2N3)2,64
XUDPUJ,CuH30C31(N3O2)2,496
KUKQAK,Cu8H46C68N18Cl7O20,272
REYPES,Zn3H20C33(N2O)8,264
NUBPIL,CuH6C11(NO2)2,44
ASIRUR,Mn3H12(C11O5)2,44
NAJTEA,HoH9C19O6,152
ULOLUE,Zn3H24C36(I2N3)4,288
SABXOL,Er2CuH12C32(NO6)4,32
GARLET,PrH15C24NO8,96
CUSXOE,Zn10H120C192O35,768
SIKYER,EuH6(C2O)6,48
UFILUR,MnCr(CN)6,24
TORJAN,TbH16C24NO8,96
XALCET,Mn3H39C42N8O9,336
RULMUI,Zn11H144C192(N4O13)4,384
OKOSUE,Cd3H18(C19O6)2,304
LANCOU,SmH2C8NO6,64
BEXTUV,Mn2H14C18O11,36
IJASIW,ErH14C24(NO3)2,48
NENHAQ,CdH6(C7O2)2,168
ZOFZUR,Mn2H15C24NO8,432
OCUTAI,V3P2H7C3O7,24
INOFIB,Na2Cu5H64C50(N8O9)2,50
SEFTUU,ZnH10(C2N)4,96
TEPJAB,AlH13C8N4O5,64
BIYSUZ,La2H9C21(NO4)3,84
jacs.6b06759_ja6b06759_si_002,Zr13H144(C53O11)6,1272
SEHMIC,YbH6RuC12N9O5,48
FEJDII,Zn3P4(HO3)4,0
UGIGAS,ScP2(HO4)2,0
APAZEY,TbH15(C9O2)3,216
NOHSIM01,ZnP2H3O8,0
WAFKEU07,ZnH20C16NO8,32
XOFPEP01,U2H8C16N2O13,32
QOPDEE,ZnGa(PO4)2,0
WAYMAM,VC8O5,32
AXIGAR,CoC5N8,40
DADLOM,Mn3H49C78N2O13,312
LUNBEB,Co3W6C6(S4N3)2,12
QOXNIB,Cu4H6C5N20O,20
KOJZUF,CuH14C17O4,136
OSIXIY,AgH6C4N3,64
EQUCOI,Sc3P4(HO6)3,0
VARHIH,CdH16(C13N3)2,208
XOJCUV,V2NiH14C10(NO)4,80
WESNIS,CoH8C8N5O2,16
AZILEA,PrPH5C7NO5,56
GAMXAV,Cu3H16C36(NO2)4,144
ETEMEX,Co4H23C36N9O25,72
IZIHAC,SmH7(C5O2)3,360
BIZMEE,HoH32C40(NO)8,240
NIMPOQ,Cu2H32(C9O2)5,180
KAFYAT,Zn5H18(C17O9)2,68
SURKUN01,Zr3H16(C3O4)8,192
IZENEI,In3H9C24N3Cl3O16,192
TUGFAE,Ni2H22C34N2O11,136
QIZLIW,Cu4H6C18SeO15,144
DABFET,NiAgH42(C5N)12,480
LAVMAY,Zn3PH6C7N15O4,14
SEHTEF,YH3(C3O2)3,36
SIWTEZ,Co5H30C44(N6O11)2,44
IYUHIU_ion_b,In24H415C308(N14O45)4,308
VUKRUQ,NiH12C15NO4,30
XUBJAF01,Eu2H6(C3O4)3,18
TILHAY,NaCdH8(C2O)8,64
GIRHEW,ZnH6C7(N3O)2,56
jacs.5b11079_ja5b11079_si_002,CuH10(C4O)4,512
OJUNIS,ZnH56C54N5O8,216
LOCNIB,GdH23C19(N3O5)2,38
VAZKUE,PrH2(CO)7,28
IYOVUO,EuH4C12(SO4)2,48
BARZUR,ZnH20(C5N3)4,60
OFESEY,Nd2Cu3H30C24(NO4)6,48
XADDUD,CoH4(C2O)4,128
WEGDIX_charged,Cd2H22C16S3(NO2)4,32
cm503311x_alf400K,AlC8O4F,32
EMOHIZ,CoH21C20N4O5,80
EQERIC,CoH9(C5N2)3,60
XAHWAG,Zn3(PO3)4,0
NERVOV,Co2H18C24N4O9,48
BAZDAJ,MnCrFeH22C26N4(ClO7)2,104
SEQTEP,Mn2H30C35O11,140
KOBPUN,GdH12C12(NO3)3,48
OCURIO,V3P2H7(CO3)3,24
PENZUE,Zn2P2H16C13(NO3)2,52
WETPES,CuH11C19O4,228
BIMDEF,CuH6C7O4,28
LIVWAQ,Zn3P4(HO3)4,0
YOKKIU,Co2H10C18(NO2)3,144
MINVOU,CrC8O5,32
UMEKAA,Zn2H18C11N19O4,44
LUYSEF,EuH4C8NO7,64
ADAXIO,CoH8C13NO5,104
TOVGUI,Fe10Co9H54(C9O5)12,648
EFEGOM,FeH5C8O5,64
OQUFAJ,Zr3H16C36(OF2)12,144
OTIPUE,Mn3H28C48N6(O3F2)4,96
FUFTUX,NaCo2H53C78(N2O9)2,312
MOGXUB,Ag7C14(OF)12,56
NEZWOG,La3P4(CO3)8,32
ja106851d_si_001,ZnH12C19NO5,152
IFASOZ,MgH8(C3O2)2,96
VETVAS_manual,Nd2H39C72(NO2)6,288
COCMUE,Mn2SiH16(C7N4)4,672
BUXTUL,AgH8C9N4,180
XAGPUT,UH2(C5O4)2,40
CUVHIL02_clean_h,NdH2C9I3NO6,54
GUXSIC,ErH6C14(NO4)2,224
MUTDEM,FeH6C9N7,144
PUDSOX,Gd2H18C42(SO6)3,168
CEHWIX,NiH3C5N2ClO2,20
XISDUA,EuH27C31S2O7,248
XOTXUB,MnH24C22(NO)4,88
AMALND,Nd2(C3O4)3,36
MUXHIW01,LaH3C8NO6,32
CUGVUW,CuH14(C11N6)2,66
LIQJEC,ZnH8C12(IN2)2,144
LEYFUS,Tm3H9W12C21N3O43,126
IWEVAJ,Cu7C48(NO4)6,384
BIBMAC,Cd2Mo8H34C69N21O26,138
OYUSAD_charged,ZnCo2P2H6(C8O7)2,64
EXEXAH,CoH16(C4N)4,64
KOMJAZ,Dy2Cd3H48(C6O5)6,72
AWIBAK,Cu17H144C168(N30Cl)2,672
GOSRIP,Fe5P6H3(O6F)4,0
NIWZIE16,MgH3(CO2)3,6
ROSKER,Mn2H4WC12(N5O)2,48
YOYPAF,Ni2H39C63(N2O)6,126
acscombsci.5b00188_34903,Cu2H7C28Br9(NO4)2,28
NIMPEG01,Cu2H30(C9O2)5,90
EDUSUR,Zn4C24N12O13,192
OTENEH_charged,Pr4H22C14N28O25,56
RACZIG,ZnH4C12NO3F4,48
RUGXIC,Zn2H9(C2O)11,176
PUWCOZ,Ni2H14C14O9,56
UMODEH18,CuH15C22O5,396
MUWRIH,Sm3H29C61N3O20,1464
YAPLIM,ZnH6(C4N3)2,384
c5cc09935h_c5cc09935h2,Zn8C36O49,108
UWUTIQ,ZnH10C16NO4,128
cm503311x_aloh175K,AlC8O5,32
BEPREV03,Ni3H44C72N6O13,432
RUGKOV,Zn5H16C26(N9O4)2,52
ERUVEU,CdH5C4N9,32
MAFZIE_charged,Zn3P2H21C22NO15,176
NIGPEA,Co3H30C54O13,216
TICPOL_charged,Co6P8H70C39O44,78
XANMUX06,CuH12C14BrN6,56
HUZYIM,ZnH33C34NO6,544
MUZGAQ,Dy52Zn3H220C320(N23O114)2,320
ZIMLAK,ErH3C7NO4,112
YABHER,CuH11(C4O)4,256
XUFWIF,Cu4H12C71O20,142
WEYQAU06,MnH3(C3O2)3,72
HEHCOO,CdCoH22C34N10ClO4,204
IVEQEG,AlP2C8N3O7,32
TANBER_charged,Sm2CoH30C36(NO3)9,72
IDORIE,Cu7H42(C5N3)12,240
GIQYUB,TbP4H8Ru2(C2O7)2,8
BERQIA,Cd3H42C48(N5O12)2,384
YUCGOS,Na3La2TbC28(S2O13)2,112
ESUMOU01,MnH4C4O5,16
SIFVAG,Na2AgH34C29S3N2ClO7,116
YOCDUR,ZnH5C11O4,176
VOXQOQ,Zn3H18C20(N4O)4,80
WEVRUK,Pr2Cu3H24(C4O5)6,48
JOHSIJ,Al6P7HO28,0
WOSHET,Cu5H21C39N19,78
ETIXEM,ZnH18C31NO4,248
COCNEP,Cu2SiH16(C7N4)4,672
c4ce00408f_c4ce00408f2,CuH2C6(O2F)2,288
cm501138g_si_002,CuH2(C3O2)2,72
GIQYIP,NdP4H8Ru2(C2O7)2,8
QATLEE,Zn7H36(C36O13)2,144
NIWZIE14,MgH3(CO2)3,6
LETPOR01_ion_b,Zn7GaP10H52C16N4O34F,128
PIYZAZ,CdC4,8
CUSZIB,CuH4(C3N)4,48
BEXRIG,Ni(C2N3)3,48
KUBQAA_charged,CuBPH22C28N3F4,224
SENQAE,ZnFe(PO7)2,0
ADATUW,Ag3H72(C39N10)2,312
FARFOU,ZnH8C12(IN2)2,144
ILECIN,MgH3(CO2)3,24
ODAGEI,AgH18C24S2N4O,864
DIHVIB01,CuH2(C3O2)2,288
IHUTIQ,CoH20C20(NO)4,160
ZODXAT,Fe5H34C32O13,768
XEQLEM01,MgH8C12(NO2)2,48
ELUJAY,Sm2ZnH12C32(NO4)4,128
TOVJUL,Fe3SiH24C32O15,256
MIFVEE,Tb2CoH24C48(NO2)8,384
OXAPEJ_charged,Co3H37C32(NO3)4,128
VEGMOK03_charged,Zn3H40C40(NO8)2,80
YOYQIO,Mn2H39C63(N2O)6,252
ZOZKEG,Mn4H41C70(SO6)5,280
OPAGIX,MgHC4O3,72
NIHBIQ02,FeH2(CO2)2,24
LUWYUY,CdH14C19N2O5,76
UMUTOM,EuH2C8NO6,80
LIQCUK,AgH17C10SNO,60
INAMUG,Co2H42C49(N3O4)2,98
SEFBOV,Zn2H8C11O7,44
YITHIU01,Ce2H12C8SO18,16
AWEDOW_charged,Zn2H44C57(N8O5)2,228
QOVDEL,NiPC3NO3,54
IGUCIY,Sm3H35(C3N2)11,132
AVUCEA,CoH3(C3O2)3,324
KEPPIF,Zn6C13O22,52
WAVQIV_ion_b,Nd8In12H180C324N12O139,324
MAKRAU,KNiH35C52(NO3)4,104
HAMJUC,ZnH13C20(NO4)2,360
YATDUV,Zn3H6C12N6O7,96
CAXZOS,CoH16C24(NO2)2,384
ISIMAZ,ZnH19C19N4O5,76
IFENOY01_SL,ZnH12C18N2O3,72
MUXHUI02,NdH3C8NO6,32
KAXFUM,BaH8C8N4O5,16
GEWXAJ,Cu2H10C14N4O7,56
VEJZUG,Co2H29(C5N)8,960
OSIMIN,Cu2Mo3P8H48C32S3I2,512
EPISOM,Cu4H28C57O16,228
HURGEH,CoH3(C3O2)3,108
ULOGAE,CdH2(C3O2)2,144
TUYJII,CdH32C28(NO)4,56
SUQJEV,In2H5C13O12,52
VABKER,Zn2H40C65NO8,520
UHISEK,Eu2H13C25O14,50
OKITAE,Cd2H4C2SN4O5,8
acs.inorgchem.6b01416_ic6b01416_si_004,CdH12C18(NO2)2,288
HOGJOD,H13Ru2C34SN4O8F7,272
UMODEH11,CuH15C22O5,396
QEJYIP,CdH5C10N3O4,40
XOTZIR,YbH26(C13O3)3,78
SEHNEZ,Yb3H12Ru4C32(N3O)8,128
OKIVIO02_charged,CdH36C48N12(ClO4)2,192
QETHUT,Al3P3O12F,0
COYCID,Cu6Mo2H36C47S8N11,94
FEYJOJ,CoH3(C2O)4,64
USUQOQ,Nd2H6(C6O5)3,36
IBOTEY,LaH32C40(NO)8,480
NIMWUD,Cd2H14C24N4Cl4O9,48
GUPBEZ02,Cu17H96C48(IN)17,384
OJICEQ_charged,Zn3H120C98S6(NO7)6,196
ic400777c_si_002,Eu2H13C35O12,140
NARHEV_charged,Ce5H64C16S12(NO6)8,32
ULILEI,CdH24C32N16O,256
VUKJUI,Dy2H24(C14O5)3,336
cm501138g_si_011,CuH2(C3O2)2,72
IYUHOB,MnH18C28(N7O2)2,112
VORHER,Cu6H49C81(NO6)6,648
IJENER,AgH6C6(SO)2,48
HIDBIH,CdH9C14(N3O)2,112
MUZHUL_charged,ZnH2(C5O4)2,20
VOSVEG,CoH29C47N3(O2F3)2,376
ELUZES,Cd2Ag5(CN)10,40
ESEVIJ,Ce3BH18W12C14N2O55,112
RESWUI01,ErH6(C2O)6,24
OCILEU,Co3B10H34C38(NO7)2,152
CEDFIC,Gd2H9C24(NO6)3,48
WUCRUH,Fe3H6C18O13,18
NOFQAB,Zn2C28N8Cl5,1792
jacs.6b01345_ja6b01345_si_001,Zn5(C96O7)2,1536
BEXQUR,Ni(C2N3)3,48
HUCFAO,Mn3H25C24(N2O7)3,48
HOJJUN,CuH4C13S2N4O5,234
UKULOB,FeAg2H4(C4N3)2,32
VUGXEC,PrH27C30(NO2)3,60
NUHQUE,Tb3Eu5H56(C5O2)24,120
VUHNIX,Zn2H12C18I5N6,288
NAXKOO02,AlC8NO5,32
GIKMOD11,Cu2H3C8SO8,32
AFOVEX,CeH12(C7O2)3,42
XIGFOJ_manual,CdH8(C7O2)2,168
ja5b02999_si_002,Cd3H12C24N10Cl,96
cm503311x_alf325K,AlC8O4F,32
YARGAB,Zn3H24C48O13,96
BUDDIO,KH5C6NO3,24
AVESOL,Zn2H9C23O10,92
MUVHER,ZnH16(C17N5)2,68
KUFBEU,La(CO2)3,12
HOWJEK,MnPO4,0
UKUBUY,FeH26C25S2(NO)4,100
FIPJAR,CdH4(C2O)4,32
BIYVIQ,Tb2H9C21(NO4)3,84
EPEWAY,CoH10C11N2O5,88
FUVDEH02,ZnH16C22(NO2)2,176
JOSNAG,LaH12(C3O2)3,18
YEQRIV,KEuNi2(CN)8,16
LIRTUC,Cd2H28(C11O4)3,132
IXURID,Zn2H17C26(NO2)4,52
NANNAU,ZnH30C44(N5O2)2,176
OGUZIA,Zn6P4H9(CO3)8,16
OYOVOP,Zn2H51C53(NO5)2,424
BIHMUC,Co3H32C52(N5O8)2,52
WUNTOP,CdH36(C4N)12,192
MIKDUH,U3P4H8(C5O6)2,40
WAPTAL,Nd2AsP2H4W11C2O37,8
NIJTOR,Co4H64C90S3N16O13,90
OMAXEG,AgH6C8S(N2O)2,32
LIKDOA,Cu3(C8O3)4,512
cg800424t_si_002,CdH18C26SN4,78
TIGQOR,Mg7Al2(PO4)9,0
ADODAA_charged,Cu3H6C12N6O7,96
NUVXUZ,Cu9H12C24(N6O13)2,384
PENYOX,V3P4H12C6(O8F)2,12
ORAJOH,KLuRe4C12(SN3)4,96
TEWGEJ,CuH18C30(NO2)4,120
VAHSON,Ga4P5HO20,0
PARNON,CuH8C14O5,112
ZARFOQ,Zn4H15C18SN20O7,72
WOMXED,Cu3H78C153(NO6)2,1836
KOMHAW,Zn4H12C11N16O7,22
UVUDOG,Co6H19C73O30,292
GERWEH,Cu4SiH12(C2O)16,64
GUBZAF,CuH24(C2N)12,96
PEPFAT,Zn5H9C27O19,216
MIHHUG,CdH42C38(NO2)4,152
UHOHEG,FeH40C52(Se2N3)2,208
CIZMIJ,ZnH12(C5N2)3,30
WOJYOL,Eu2H40C46N2O17,368
cg901128k_si_004,CuH3(CN2)3,30
BIWHAQ,Sn3P2O9,0
ZIQVAY,Cd3H4C12N4O9,144
MILROQ,Cu9H65C77N13O12,616
IYALUR,Ba9P9H43C68(NO14)2,544
RIPNOV,ZnH10(C7N2)2,252
FAVGOB,Sm2H24C26O17,52
LESWAI,La2H18C36O13,72
VOYLUS,AgH32(C23N2)2,184
FIHHUB_SL,CdBH28C32N4(O2F)2,192
NIGFIT,ErH3(C3O2)3,36
HOXKUB,Yb2H6C18(SO4)3,72
RAFNUH01,AgH16(C7N)4,112
ALOLET_charged,In3H38C68(NO6)4,408
SAJRUT,FeH3(C2O)4,128
WEMDUP,Eu(CO2)4,16
cg5010616_si_003,FeSi2H8(C2N)8,48
IJEVEA,Cd3H12C29NO12,232
MAGVOG20,AgH8(CN)2,8
FANQER,Mn3H8W2(C6N5)4,48
DEKPUF,Zn2P3H2O9,0
XAMDUM,CuH2(C3O2)2,72
VACFUB01,ZnH8C12(NO2)2,36
VIYMAT,Nd2H6C18(SO4)3,36
acs.jpcc.6b04690_jp6b04690_si_005,Zn8H145C149(N2O3)8,298
c5gc02393a_c5gc02393a2,Cd5H48C84(NO6)4,168
HUFLUR,CaC8(OF)4,32
RUDQUD,Ag4H3C8N2O2F3,64
TAPKAY,Cu2P2H7C7NO7,28
LAKFIN,ZnH8C12(IN2)2,288
SUBMIN,CdH30(C3N)12,648
ROCZOA,Cd3H16(C12N13)2,48
ISIMUT,ZnH12C21N2O5,42
COXHED,Co(CO2)3,24
CAJWIV_ion_b,LiInH21C34O9,68
AVAGUB,AgH12C17N6,136
ARAGOR,CaCuH4C12(SO4)2,96
LEZJOQ,Cu6H48C38N4O21,76
KOHLIE,Co3Si2H32(C7O2)8,224
IYUROK,CoCuH8C12(N2O)4,48
FUTTIZ,Zn5H42C60(NO9)4,240
TIQGIK,Cu7H11C16(ClO11)2,32
LAPNOI,InH20C24(NO2)4,384
VECZEK,Ag3H6C4(SN4)2,16
FAZFET,V16Co3Ge4H40C10(NO3)10,80
IKEBUV,CuH2C3O4,12
XUDQAQ,Cu4H104C113N17O16,452
cg100226u_si_003,ZnH32(C19N8)2,456
EZIVAM,SrH27C21(NO)6,168
SEHXIN,EuH3(C3O2)3,36
ZULNAX,Zn3H14(C2N3)7,448
OKINIG,Li7H18C24O17,48
ESURER01,Co3H8C14(NO)6,56
ONAWAC,CuH32(C5N3)4,160
YAPLUY,CuH6(C4N3)2,384
SOZSOR,DyH15C24(NO)6,192
LOQLIN_SL,Ga3H14(C8O5)3,48
EDATOT,MnCr(CO2)6,48
HALQUJ,CuH12(C7N2)3,84
XIRHUC,NaZn2H26C28(NO6)2,28
ENISUQ,Mn2SiH16(C7O2)4,56
XAJZOY,Al3P3HO13,0
NUHQOY,TbEu3H28(C5O2)12,120
OGOWAJ,ZnH16C22NO4,176
EGATEM,Zn2CoH35C59NO13,236
BUSRUE,CdH20C38(NO2)4,152
QIQZIB,Cu4H7C11S3N2O15,88
NOQPAM,Ba2CeH13C21N4O17,42
YITHIU,Ce2H8C8SO16,16
BUSGIG,DyCuH8C14(NO4)2,56
EBEMEF,ZnNi(CN)4,8
HASTAY,Zn10H48Ru4C106(N8O13)3,212
CAXVOO,FeHC4O3,24
SENWOZ,Zn2H3(C3O2)3,36
HOXRUJ,KEuH4C8(NO6)2,32
WUTBIW,Nd2Cu3H30C24(NO4)6,48
ATIBOU,MnH2(CO2)2,24
LUMZUO,Mn3W6C6(S4N3)2,12
MAXHAW,LaP2H4C2O7,8
RUYGEZ,Zn3H12C23O9,92
JALLEQ,Ce3C10(NO3)4,480
AYOYOE,Ni5H66C84(N5O4)4,84
GIYSIR,Cu4MoH28C28(S2N3)2,56
RETVIW,NaCdH3C12SNO12,96
WEHJOK,Zn5H20C37O21,296
TAJXIO03,AgH4C6NO2,192
TANFEV,Co3Mo4(PO7)4,0
AXIMUP,LaH24C24(NO)4,96
IWOKOW,FeH68C66(S5N3)2,528
VICYUD,Zn2H14C28N4O9,112
CAVSUP,LaP4C10(NO6)2,20
XIPBII,Nd2Co3H18C42(NO4)6,84
METYIU,CdH10C12(NO)4,96
JOKXEM10,CdNiC7N6,56
IRUVUO,Zn3H76C85N4O27,680
XADGAM,ZnH14C24(NO2)2,96
PASNAA01,Co3H8C12O13,48
UJOJAG,Mn4H21C15(N2O)6,30
NIKCOB,CaH10C16S2(NO5)2,128
NIGHOA_charged,CuH25C20N10(ClO4)2,80
VARHON,Co(C13N3)2,208
LEYQUD,NdH3C7NO4,112
MOYMUJ,Co2H80C63N4O9,252
LULXAS,Na2CoH8(C2O)8,64
EZOBUR,Cu3H37C52N6(O4F9)3,208
DOHYIJ,EuCuH8C14(NO4)2,56
VAZLAL,NdH2(CO)7,28
UCOJIH,ZnH8C12(IN2)2,288
NAHFOU,CdBH15C18(N4O)2,72
EJORAY,Cu5H10(C8O5)4,32
HIYYEU,Ni2MoH72(C5N2)8,80
PACYIE,Co2H6(C2N3)3,24
KOXFUA,CdH30C36N4(ClO2)2,288
KOSJEJ,CoHC4O3,24
BOWDIC,Co9H72C108(N9O20)2,216
COMDOY,GaH5C8O5,16
HURGUX,Ni3H32C40(NO6)2,80
VIPXUO,CoH12C17(NO2)2,68
CAVMOD,Zn4H64C70N6O13,280
REJVOS,MgH2(CO2)2,24
ic500323r_si_002,FeH8PtC14SN6,56
PAVKIH_charged,Ag3H34C41S3N10O13F9,328
PEHQID_neutral,Cd3H30C24(NO7)2,48
LIWVIY,Ag3H12C16(SN4)2,32
NOHFOG,Er2H6(C7O4)3,84
HARHUG,K2Zn3H18(C24O13)2,192
ELERIX,La2Cu7H28C42I6(NO2)7,84
XUKYEI_neutral,CuH28C26(N2Cl)2,52
WAYKAK,NdH12(C7O2)3,42
ZOZCIC,UH21(C3O)6,72
ELOGUJ,VCo2H20W12C24(N4O17)2,96
FAVGUH,Eu2H24C26O17,52
WUDYUR,Zn9H120C130(I3N4)8,520
JUMDEC,VH4C8O5,32
KUGFAU,Mn3Mo12C12Se16(NO)12,48
TURBUE,Gd5NiC22(NO9)2,264
ICIVEW,Zn3P4(H2O9)2,0
IXISOX,CuH6C6IN2,48
SAJRAW11,CdC4,32
LACBID,Co7H28C54(N3O14)2,432
PAHPOG,FeAgH34C58(N5O2)2,232
AWAJIT,Zn2H36C41(N2O3)4,164
AVEQID,Zn2H10C22NO8,88
OPUDOT,Zn3P2H2(CO3)4,16
OMUHUB,Yb7H112(C4O)41,656
EKARUE,CuH7C14N3O4,112
MUJPUE,ZnH14C19Br(N3O)2,304
c6ce00407e_c6ce00407e2,Cu3H14(C5O2)6,120
IDUDES,CuH7C13NO4,52
BARZIE,CoH11C17NO4,204
AQOLEZ,Co12H72C88N80Cl3,88
TAZLOX,Eu2Cd3H12(C3O2)12,144
MICPAQ,CdH24C36(NF2)4,72
TERFED,Zn3H24C49(NO4)6,98
MIMSIM,Zn4H48C60N8O17,240
NEVPUA_charged,CdCu3H16C16(N4Cl)6,64
AMODUC,TbH15(C4O)6,96
XIWLAQ,Zn4(PO4)3,0
WEVQIX,Y2Cu3H24(C4O5)6,48
DUYRAR,Nd3H9W12C21N3O44,168
DEWRIH,Cd5Mo12P8H16C20(N2O25)2,20
SURLEY,Zr3H16(C3O4)8,192
jp102463p_si_002,CrH4C8O5,16
UZAFIL,NiH24C20(N4O)2,80
MUFJAZ01,EuH2C6(NO3)2,24
XUGWUS,Cd2H20C28N5O6,224
XIGHAX,ZnH8C12(IN2)2,144
SOTXAC,ErH3C9NO7,36
TOFLIL,Zn2H24C39N7O8,156
LOMMIL,Y2H22C42N4O15,336
LISZOE,LiYH8(C2O)8,64
NOPJOT,Mn3H14(C15O7)2,120
FECWOB01,ZnH4C8(N2O)2,32
SAJJOF,ZnH32C41N3O8,164
UNUNEY,U2H33(C11O2)6,1056
UBECEM,UH2C3O4,18
HAZGOF08_clean_h,ScH6(C2O)6,48
LOSXIC,InC16(NO)8,48
DALSER,Fe2C4Cl2O9,32
LUMYID,Cu2H(C2N3)3,48
VAYFUY,Co2H7C15NO10,30
COKMOG,CuHC4O3,72
FOQNIK,Cu3H10C32(N3O13)2,128
FAHQEN,Ni3H48C58(N2O7)2,232
NALYEG,U3H9C27O19,54
NAHFIO,CoBH16C15(N4O)2,120
HOZTOG,Cu6H24WC32S4(IN6)4,192
PEGPOI,YHC5(NO2)2,160
AXUBOL,Ni3H19C30N3O13,120
NIRNAD,SrH4(C3O2)3,18
ERIRIG_auto,Zn4H30C54O13,432
acscombsci.5b00188_5040209,ZnH4C18NO4F5,36
TANLAX_charged,Tb5H64C16S12(NO6)8,32
HAPNEU,Ti6Cu2P2H43C36Br2(NO9)2,144
NEXXEV,Li2H8C15NO4,120
FAZPED,Co2H8C12N5ClO4,72
NUSXEG,Zr12Fe3H36C72(N3O25)2,576
KUDWAJ,Cu2H21C22(NO2)5,176
FOQPAE01,Cu3H14C28N5O26,112
WOWHAR,V6Co4H12C20N8O23,40
AHEQAH,HoH15(C11O2)3,132
ETEJUJ,SmH6(C4O3)3,24
MAGVOG07,AgH8(CN)2,32
LACQIS,ZnH7C9(N2O)2,72
ZILFOR_manual,Cu2H15C27NO8,216
EDOMAM,CuH12C19NO4,76
OXALOP,Y3H48C66NO29,264
LAZGOK_manual,Cu5H24C30(NO2)12,30
DAXHIV01,Fe3H12C26(N6O)4,26
KOZSID,CoH30(C22N3)2,396
EHODOV_SL,InH9(C7O3)2,112
FANCOP,PrH27C30(NO2)3,60
KAHYOJ,TbH3C7NO4,112
XOMJOY,GdH32C44N(ClO3)3,176
WEBJUK,Mn14In9(C55O38)3,330
CUMKIG,CoH42(C7N2)6,42
ROQNES05,KCrN96,0
ja4012707_si_003,ZnC4,8
MUFYAP,Gd2C12(NO4)3,48
BETDUB,EuH8C16NO6,64
FATKIV,Mn3H80C63N8O9,378
LUSHOX02,MnH4(C2O)4,64
DEPXUS,Eu2H15C28O15,224
HISJAW,Co7H39(C18O11)3,216
ic5029383_si_002,Zn4H21C42N3O13,336
MURCAD,CuH7C8(NO2)2,32
GUGXOX,Be3P4(HO4)4,0
UTUMAY,ZnH13C16(NO2)2,128
VUWSAJ,NdH9(C3O)6,72
WODQUD,SmH2C6(NO3)2,24
SUKKUG,CuH13C24(NO2)2,432
ADABUE,Cu2H14C17(N5O2)2,34
GIXGOK,CdH6C10(NO)4,240
HIWLIK,Zn3P4(HO3)4,0
DOKHUH,Cd2H25C32(N2O3)2,128
c6cc02494g_c6cc02494g1,MnHC4SO2,144
cm503311x_alf200K,AlC8O4F,32
OGEBAF01,Cu3H14(C17O6)2,204
EMUBOF,Cu3H6C14I(NO4)2,112
SARMEE,EuH9(C3O)6,288
QOFDIA05,AgH12(C3N)6,288
VOXVEL,Be5P7(HO4)7,0
GUNZIA,CdH15C23N2O3,368
CUHLUO,CoH66(C4N)12,144
GADDOH,LaH2C12Cl6O7,24
TUYJAZ,LaH5C7NO5,112
SOTXEG_neutral,YbH17C15(NO3)3,60
SURHEU,Zr3H16(C3O4)8,192
DEGJIK,CuH4C6N5,24
NIHBAI,FeH2(CO2)2,24
UYAMIS,Cd7H54C64(N5O14)2,256
WENKEH,Pr2H32C45S3O25,90
KOSMAI,CoHC4O3,24
GOBSUM,Co3H24C30(NO6)2,120
UVASAM,ZnH20C28(NO2)2,56
PONPOX,Ga3P3(O6F)2,0
VITZIJ,DyH6(C2O)8,48
SOSSEA,Cd2H42C60(N3O)3,120
BADHUM01,ScH6(C2O)6,96
TIVYAZ01,Co6H12C36O25,144
IFEPUG04,ZnH16C22(NO2)2,176
OGAGAF,Zn2P2H16C13(NO3)2,52
LALFEL,Cd2(CO2)7,28
SIRZUQ,CdH8C14(NO2)2,84
ja5063423_si_002,Zn4H6C12N6O7,24
SOHMUY,ZnH8C12(IN2)2,288
AFOQUI,Zn5H14C26(NO)12,52
MONWET,AgH4(C2N3)2,128
SOHMEI,ZnH8C12(IN2)2,288
LAXCUK,Zn4Cu3C158N12O17,632
BAFKUR,CoH18C25N7O4,50
acscombsci.5b00188_5013797,Zn4H76C65O22,65
TEMPAE,Zn4H48C54O13,216
UDOVUG_charged,ZnPH4C7O5,112
CODMUF,Zn3P4(HO3)4,0
MAVFEV01,Eu(CO2)4,16
ZOMPAU01,Eu(CO)6,24
GEYFIB,CuH15C24NO8,144
QISNIR,Cd2H3C9IO6,36
XAQTEO,CoPO4,0
WARFAY04,ZnH16C16NO4,128
ODIXAC_charged,Cd2SiH36C37N2O11,74
ICIKAH,Cd8C56S13,1792
VUGYIH,YbH27C30(NO2)3,60
ORIVUI,NiHC4O3,72
XUFYAA,MgH20(C9O2)4,432
ZEBMAW,CeSiH17(C7O2)4,112
KIVSUF,Cu2H10C10N5O7,40
UJUXOM,AgH15(C2N)3,48
EMIHAK_charged,In5H9C9(S4N)2,144
DIWMON,Sr3H31C45NO19,360
BIHRER,Cu2H52C55N13O23,220
GAPDUX,NaCu2H4(C3O4)2,24
WAGLEY,CdH18C18S(N3O2)2,36
ELOXIN,Sr2H16C10N2O9,40
UGOFED,CsFe2H24C48(NO2)4,192
j.inoche.2015.06.036_inc06102-mmc2,NdHC12N5O6,96
VOXYUE,Cd3C2S2(NCl3)2,8
IXISOZ02,EuH8C16ClO8,64
HUCWOT,SmH12C21(NO2)3,84
ETUXEW,Zn3P4(HO3)4,0
COKQOK,ZnHC4O3,72
BUFNEW_charged,CdH26C29O5,696
MIVPAJ,GdH3C8NO6,32
JUYJIY,CdH10(C11O4)2,176
VUSKAW,Zn4H12C24O13,48
IBABUL,Co2H20C30S2N5O12,120
PUWVAG,Zn2H21C33(N4O3)2,132
FUHMOM,CaZnH6C16O9,64
WAPSUE,Ce2AsP2H4W11C2O35,8
ILASUL,RbCo(CN)6,24
JUKKIL,NdH4C5O6,40
XALVOY,CuH12C20N6(OF)4,80
EGAGAW,EuH12C9(SO2)3,18
LABNAG,Zn12H95C144(IN2)24,288
AJAYIT,Er2Cu3H30C24(NO4)6,48
ELUJEC,Tb2ZnH12C32(NO4)4,128
POMMAH,In3Cu6H24C36I6N6O13,144
YARXEX,Cu5H12C48(NF4)12,288
HUFJAV,AgH8C9N4,162
WELTUD_charged,Cu3H15C14N21Cl5O,56
RAVVIU,CoH2(CO2)2,24
DUQCAU,Pr(CO2)3,12
YIJCEB,Ni2H15C22N7,88
GUPCAW,Cd2H14C15N8,120
HAWGIY,Ce3H48C124(N2O7)4,124
WOBBOG,EuH8C8(NO3)2,16
HOJNUR,ScH6(C2O)6,192
ja5b00450_si_003,Y18H135C177N6(O53F3)2,708
NIWPIU,MgH3(CO2)3,6
ETIXOW,Zn2H18C25O8,100
MOSGIM,Zn2H13C24N2O9,192
TAKHAR,EuCu4H24C36I4(NO2)3,72
GUPBIE,Zn12H88(C25O14)5,500
JAKBOP,Mn(C2N3)3,24
UMUBIP,CuH15C22O5,396
PACHUZ,Zn2H10C19N3(O2F3)2,304
KOMFUO,CuH8(C2N3)4,32
ADODOO,Eu2H40C52O19,52
ERAQAR,InH5(C4O3)2,64
LOMLOQ,GaPHO3F2,0
GOZNEQ,Mn3H24W2(C23N14)2,46
YUTGEZ,FeSn3(C5N2)3,60
YOYQUA,Mn2H39C63(N2O)6,126
KECRAL12,Cd3C7N5,28
BUBQOE,UP2(HO2)3,0
LUFQUZ02,FeNiH4(C4N3)2,8
HOWPEQ,AgH4(C2N3)2,32
SUNLET,CuH17C26O5,416
PEWXUL01,NiH24C26N7,52
TIQFIJ,Ga3P3CO14,2
LAJFAG,NiH53C29(N2O)4,232
YOFXEY,Mn2CuB2H42C44(N11O2)2,352
FUDQIF,ZnSiH8C8(N2F3)2,8
NEHZIK,ZnH10C12(NO)4,96
XAMLUS,CaNiH4(C3O4)2,24
ODEZAB,CuH8C14O5,252
GAWMAU,Cu3H20C17(N2O3)4,68
DOQHEX,PrPH3C3O8,12
KEHFUA,CuH18(C3N2)5,120
OFERUN06,ZnH4(C2N)4,48
RUGYOJ,Cd5H48C84(NO6)4,168
KONFIE,Ce2C12S3(NO2)6,24
IYOSUM,DyH12C24(NO2)3,192
VALZIU,CuH9C12N3O4,48
MAZJEC,Gd2H12(C4O5)3,24
AZILEC,CoH12C16(NO)4,128
KECRAL,Cd(CN)2,12
MAFJIO,Cu2H12C19O10,114
WIZKOH,CuH11C18(NO2)2,72
OZUKOK,Cu2P4H4C4S3NCl2,16
WEHHIC,Zn4H20C37O20,148
YODWOF,Zn7H30(C13O4)6,312
FAJYAS,Co3H36C60N6O19,240
WABWAY,NaCu2(CO3)4,24
TUKCOT,CdH12(C5N2)3,60
XAPCOJ,VH4C8O5,64
AXOCAT,Cs2HC(SO3)3,4
COWMEH,TbH9(C3O2)3,36
GUHPAC,SmH25C28(NO4)2,224
XOPJAO,CoH22C28(NO)4,56
PARKUQ01,CdH3(C3O2)3,36
WENKIL_manual,Eu2H30C45(SO8)3,90
COYTIU,CeH5C14(NO4)2,56
ABEXIQ,CeH2C7(NO3)2,56
ncomms7350-s2,Cu2H8C7N6,56
XOPMIA,CdH18C26N4O5,104
BADHIA,ScH6(C2O)6,192
ic5008457_si_002,Cu3H16(C12N13)2,48
ja512437u_si_004,CdH8C17(SO2)2,204
VABJIS,AgH8(C2N)4,32
NAJGAH,NdH21C14O9,28
FIHFAF,Co5H24C30(N2O)12,30
GIFKEL,CdNiH16(C5N3)2,10
MITSIS_charged,Cd3H24C33NO18,132
IYOBAA,Cu3H21WC27S3BrN7,108
INOMOP,CaH2C6SO4,24
OTAWIR,ZnH14C24(NO2)2,192
YEGTAG,Ag2H9(C2O)6,24
CITXUZ,Cu2H15C21N3O8,84
SAHYIL_charged,CdH36C48N12ClO4,192
HICZIE,GdH10(C9O4)2,144
VALXOY,Mg3H9C24N3O13,192
SOQJOZ,MgAl3(PO4)4,0
ERANES,Zr3H34C43O16,172
AFITEP,ZnH16C26(NO2)2,52
NIFZOT_charged,Gd3Co2H47C72N12ClO33,576
MAGVOG18,AgH8(CN)2,8
AMIZIG,NaZn2H21(C9O4)3,108
MAJJUF,CuB8H8(CO)4,64
c6ta07145g_c6ta07145g2,CoH13C12(NO2)2,384
NUDLAB,Zn2Fe2H40C52N4O13,208
JUSHEM,Mn3H20C28(NO7)2,56
SETQEP,FeH4C8O5,32
KOSJOT,CoHC4O3,24
LIPQIL,Cu3H18C21N12O,168
SACDUX,ZnH8C12(IN2)2,288
ALIBUT,Zn4MoC22(N3O)4,264
KIHTOL,NdH12(C5O3)3,60
VIYSUT,ZnPH7(C2O)7,112
XALCIX,Mn3H57C51N8O9,816
COQNIF,MnAl3(PO4)4,0
UHAXUW,CdH8C14S2N6O,56
LIHSIF,Cd6H21C21N31,42
YUMJAS,Ba2CaMo12P8(HO5)10,0
XADDAJ01,TbH7(C5O2)3,120
PEVQIS_clean_h,Zn4H12C24O13,192
YARYUL,Cd(CN)2,16
VABJUE,AgH16(C4N)4,64
KAVXAI,CoH12C29NO4,232
QAGDIO,Cu4H32C65(N3O4)4,260
EXOTOB,Ni2H19C32(N2O)4,384
RIBDAJ,NiH3(C3O2)3,36
XALTOV,Co2H3C9N9Cl2,36
TAMHUM,AgH8C9N4,162
BETGEO,Ni12H8C24N32Cl5O4,72
QUFKIN,Co2H9C15N5O9,60
CAKXET,SmH2C7(NO3)2,28
DINNIZ,MnH8(C3O2)2,96
LEVPAF,ZnH11C14NO3,252
WEYQAU05,MnH3(C3O2)3,72
MUVJAP,MnReH6C16N2(ClO5)2,64
cg200615s_si_002,KCuH8C11SN2ClO6,22
NIKYUC,FeH2(CO2)2,24
GETXAG,Co3H24C28(N10O)2,56
MAPCIP,Ga4P5O23,0
ic502643m_si_008,Zn4H20C40N2O17,160
VUCTUK,Mn2PHC3O10,6
ic500905z_si_002,Zn2H15C28N4O9,112
JIZWEW,AlC8O5,32
YUBFOR,ZnH6C4N3,24
TIZFUF,K3Cu4PH16W12C8N4(ClO25)2,32
WEMJII_charged,Ca2H25C21Br2(N3O7)2,84
OKIKEZ_charged,AgH12C22SN4(OF)3,88
magnetochemistry3010001_PF362NdCl,NdH7C8(NO3)2,16
HEZNUW,Zn4P5(HO5)4,0
PEJPAX_charged,Zn3H37C39(NO9)2,78
KEFWID,Gd2CoH8(C6O5)4,48
BEVWAB,Zn3Cu4H40C60(N4O7)2,120
ASUBIB,Eu2H9C24(NO4)3,48
CUTBEA,EuC17(NO2)3,136
TILHEC,NaCoH8(C2O)8,64
SORQAT,NdHC12N5O6,96
NUJCIE,CdNiC7N6,56
FAHQIQ,InH16(C7O2)4,896
AWUPAL,In2FeH52C100(NO4)4,200
LOFJAT,CuH9C19O5,228
LABMOT,Zn2H12C18I5N6,288
WIPLOY,EuH10(C11O4)2,88
ja5109535_si_002,CoH32C42(S2N5)2,252
VAMQOS,CoHC4O3,72
AMUFAR,Co2H12C17NO8,34
CAWDOU02,CuH16C24(N4O)2,96
LOMMOR,Y2H22C42N4O15,336
WODVOB,CdH12C21(NO3)3,84
LUBMAW,NdP2H22C30NO13,120
XAKVUB,Ga5(P2O9)2,0
QOYLOG,Ni3H8(C10O9)2,40
RIZNIY,Cu3H32C48(N3O4)2,192
LIDSEY,Ni2H24C34N2O9,136
XIHXAP,Mn2H13C24NO9,96
GUGNON,ZnH15(C9O2)3,108
GUJTOV,Cu2Mo2H8C11(NO3)2,44
RINSEM,ZnP2(HO3)2,0
IYUJAO,In3H24C43O18,129
j.inoche.2015.03.005_INC05902-mmc1,Co6H55C64(N6O11)2,128
SASKIH,V3P4(H2O7)2,0
FASVIH,Cu2H3(C4O3)2,32
IHIMAP01,LaH4(CO)6,24
TIDSEE,Ag16C26(O2F3)11,52
FEZTIP,CaH2C6SO4,48
MARKOF,Cd2H24C36N19O7,144
QIYCOS,Si2AgH32C27N4,216
ZILBAZ,CoH16C24(NO2)2,72
LEHTID,TbH2C8NO6,64
ASAMUE,Th3H24C24(N3O11)2,192
cm503311x_alf100K,AlC8O4F,32
TOVHAP,Fe10Co9H126(C32O11)6,1152
QUJFUX,Cd3H6C18(NO2)4,36
YUMKAU,Cd3H14C20(N3O2)2,80
FOSTUE,InH20(C9O2)4,1296
QALHAO,Cu3C6N9O,192
OGAGEJ,Zn2P2H16C13(NO3)2,52
AFOTOF,EuH12(C7O2)3,42
SINVAM,Fe4P4O17,0
GONNAA,Zn3H12C14(N8Cl)2,56
OPUDIN,Zn3P2H4(CO3)4,8
HUSJUC,LaH9(C7O2)3,84
SETQIT,FeH4C8O5,32
DEGPEL_charged,Cu3H6C6N9O,48
AKOBAF,CdH36C40(N2O)4,160
IYAYUE,CaCuH4C12(SO4)2,24
WOWGEU,AlPH2CO3F,4
XARPAK,CuH11C17(NO2)2,68
UZIZOU,NdH16(C5O)6,60
OCUREK,V3P2H7C3O8,24
PUWDAM,ZnH10(C4O)5,80
UDAMET,Ag8C8I7,64
ENITIF,Zn3Si2H32(C7O2)8,112
LEVNOQ,MgH6(C3O)4,72
LUBNAZ,ZnCo2H6C18O13,72
HAWVOS,ErH4C12(SO4)2,48
DUYREV,Pr3H9W12C21N3O44,168
NAYZOE,Cu3H24C42(NO6)2,168
PEQWAK,MnH6(C3O)4,48
DAXJET02,FeH18(C3N2)6,108
FUYCEJ,TiH6(C3O)6,144
PECBOQ,Cu2Mo6P2H32C35N6O17,140
UZIZUZ,CdH18C25N4,400
YEZKUL,NiMoH20C24(N2O)2,216
EQUNIP,In9H36(C54O25)2,324
BURHUS,Co3P4(HO3)4,0
JENKIX_SL,Zn2H28C45O7,720
WILNEL02,FeH42(C3N4)6,108
VIXTUT,ZnH16C16(NO2)2,64
PECLEP,CoH12C12(N2O)4,72
XEJWUG,CoH8C9NO5,36
OVADAR,LiMg2H8(C3O2)6,36
MUNDEG,Cu7H27C42I4(NO3)4,168
UJIZET,NdH8(C3O2)3,36
YATVUN,Co2H66C82(N2O)5,328
MIJYEK,La2C4NO12,16
ZARLOV,Zn9H34C78(NO4)9,312
PAPPAZ,CuC40(N2O)4,120
NETRIN,Al3Zn(PO4)4,0
DAFYAN,Mg3H12C24O25,48
OKABAE,Cu3H10C26(NO3)4,156
HUFJID,AgH8C9N4,180
SAHYAD02_charged,CdH36C48N12ClO4,192
MIHLEV,PrH14C25(NO3)2,50
ZISYAD,Cu2H32C45(IN2)2,90
YIVTII,NaCo2H22C36N4O9,144
XAMDUM01,CuH2(C3O2)2,72
YARGOP,ZnH16C25NO4,200
SIPCID,NaH3C3S3(OF)9,24
VECVUW,AgC4N3F8,72
GIKMOD01,Cu2H3C8SO8,32
VEMMOQ,CuH4(CN)8,32
QODHUO02,AgH12(C3N)6,288
AVAJUE,Cu3H48C78(NO6)2,1248
EVAKIV,CuH24(C3N)8,288
LIXWAR,MnH6(C3O)4,72
UKOXUO,Cd5H60(C5N7)6,60
NUNZUT,CuH48(C9N)4,72
ic402280p_si_002,Cu20H57C64S3N60O29,128
YAXBOP_SL,FeH5C8O5,32
RUYNEG,GdH6C21(NO4)7,168
UFISUY,Fe2C4Cl2O9,32
ZIJVAR,Co3H42C66(N4O3)4,132
QUPZAC,Sm2CuC28(NO4)4,56
SAJRAW,CdC4,32
ACUTOI,NaCdH9C11SNO7,88
TOTVUV,Cd9H12C18(N15O8)2,18
PEJFOA,Ga5P5(CO12)2,8
ADUWON,NiH24(C3O)12,432
IXEQIL,Cd2H26C17(NO2)6,68
RAVWAO,MgH7C11O3,66
XACQAT,Ga4(PO4)5,0
KASHUK,Np5(C6O11)2,48
SIHLUQ,AlPO4,0
IGUCET,ZnPO4,0
XOVPIH,CeH12(C3O2)3,18
TACQUK,K3V3Ga2P8(CO2)16,64
OKIKAV_charged,AgH12C21N4ClO4,84
MINVOU01,CrC8O5,32
RUHFOR,PrCu3(CO2)9,36
MUGHED,Zn3H8C14(NO)6,56
LIRVAK_charged,Cu2H59C60(NO)8,120
WUDZIG,Zn5H24C36(IN)12,288
WECSAZ,EuH6(C2O)6,24
DONKOI,NiH10(C2O)6,144
REXDOP,ZnH8C12(IN2)2,144
YINCIJ,Mn3H22(C21O8)2,84
SADLEQ,NdH3(C3O2)3,36
SUKMAO,CuH11C22(NO)4,396
ZEZPAX01,DyH6C12N3O7,24
QUPDEL,GdH2C5O6,20
TEBFUD,DyH3(C5O4)2,40
SUPLOF,ZnH12C18(NO3)2,144
IXUWOO,CoH20C30(N2O3)2,120
QONLEM,Cu3H16(C12N13)2,48
FELWEA,CaTbH12(C4O5)3,96
ATUZEW,CuH3C15O8,270
QIVQAP,K3Co2H78C72(SO3)6,576
LEZWUK,Lu3H9W12C21N3O43,126
CAHQAG,MnH17C23N2O5,46
ZARVIZ,Mn3Fe4Sb6H12(C6O11)4,96
JOGHEU,NiH9C11(NO)2,44
jacs.6b02030_ja6b02030_si_004,Zn3H2(C5O4)2,180
MEJZEI,La3P3H45C37N3O23,74
CUWYUQ,EuH11C19(NO2)3,152
UQEGII,V6Ni2Mo12PH48C40(N8O17)2,80
QUZVEO,Dy2H6(C6O5)3,72
KIYMEM,BaH6(C3O)4,48
GATHAL,ScH6(C2O)6,48
MOXPOF_charged,CuBH40C49N4(OF)4,98
SETXIA,CuH8(C4N3)2,192
ja101440z_si_001,CaZn2H6(C9O7)2,36
IBITEU,MnH30C42(NF)12,168
ja512311a_si_003_auto,Zn4H42C60O19,480
CAVTAW,LaP4C10(NO6)2,20
JOQSIT,Cu2H9C11N4,88
VIXPUP01,CuH4C9NO5,216
HAZGOF03_clean_h,ScH6(C2O)6,48
PIZHEN,V7SiAg6H4W5C8(N3O7)4,32
AZAWAB,Cu6H50C96O25,192
IGAHED02,CoHC5O4,10
WAYMOA_manual,AlH5C8O5,32
APAZAU,EuH15(C9O2)3,216
VURNED04,ZnH16C14NO4,56
SUSZIQ,AlPO4,0
UDICER,Bi(C3O2)3,36
AMUFOF,Co2H11C15(NO4)2,30
IGINIX,ZnH3C7NO4,56
UMOYOM02,CuH10C26O5,468
HOLQIK,Zn4H24C45N3O16,360
KEXKAB,ZnH6C8NO4,64
IXUQOJ,Zn4H18C36O13,288
ESURER,Co3H8C14(NO)6,56
YABPAU,MgH2C6SO4,72
UNABUH,CuH8C14N2O5,56
PEKDEQ,Mn4H40C52O19,208
BAKGIF_manual,NiH10(CN)12,24
URONOG,Tb6Ge7H34C27NO31,108
GANBIH,Mn2H55C33N23,132
MICNES,CdH24C36(NF2)4,72
HICZEA,PrH10(C9O4)2,144
DIBXOD,DyCuH8C16N5O8,32
OGUPIQ,Co5H22C32(N2O9)2,128
QOPZIF,Zn4H18C27O13,108
LEVNOQ01,MgH6(C3O)4,72
ARAHIM,NbNiH8C8N4OF5,32
GATJIV_charged,CdH56C68N4(Cl3O7)2,204
HEDCEA,ZnH12C19NO5,152
LONVAN,MnHC3N3Cl,54
XALCAP,Mn3H39C42N8O9,336
FUVGAG02,ZnH12C18(NO2)2,144
HUFHOH,AgH8C9N4,162
BEXQOL,Co(C2N3)3,48
BOCTOE05,MnN9,0
XUFWOL,Cu4H12C99O20,198
XEXMAQ,ZnH8C19(NO3)2,76
OTOLIU,TiH3(C4O3)3,192
TURFET,CoH19C23(NO)3,92
TIYZIK,Cu2Ag2H8C10N7,40
IZEBEV,Cd3H18(C16O7)2,64
CECVIQ,PrH2C8NO6,32
MAGVOG13,AgH8(CN)2,32
VUKSAX,NiH12C15NO4,60
DAHNOQ,Nd(CO2)4,32
HIDDAB,TbH10(C9O4)2,144
TUBLIN,CdH24C32(NO3)2,64
ITONAI,Zr3C11N2O13,44
GEDPAH,Na3P2H27C8N2O17,16
PUGHUW,Mn3H27C44S3NO18,176
XEXLAP,MnH8C19(NO3)2,76
MANLAP_ion_b,AgH34(C19N2)2,76
LAFQUG,CoH16C26(SN5)2,1248
VAMYUG,Cu4Ni2H56C85N9O20,340
ic501898x_si_004,CoH8C17(O2F3)2,136
KEDJAG18,Cu(CO2)3,24
NOQNOY,Ca3Ce2H22C42(N3O13)2,84
MAWFIC,Zn2Mo6H4C6NO14,96
LORROB,Eu3H45C73(N3O8)2,292
ICODIP01,ZnH8C18(NO2)4,432
RAZXIA03,KCo3H8(C2O3)6,96
UVUFIC,Mn2H6(C3O)11,594
ACIBOE,Zn3H6C18O13,72
BUGSIG,GdPH11C7NO5,28
NATKIF,Cu2H36C61(N3O2)4,244
SOPLOA,ZnH18C25N4O5,100
DIHYUP,GdCu2H56C60(NO3)8,240
TANBIV_charged,Eu2CoH30C36(NO3)9,72
URUVUA,Cu2H6PdC14N2(ClO2)4,126
ZEXSOM,Er4Si3H32(C25O8)4,400
ja512437u_si_003,CoH8C17(SO2)2,204
ECUFEP_charged,U3AgP4H8C4O25,8
EBEXEQ01,GdH3(C3O2)3,36
YACHOB,Dy2CoH32C56(N2O5)4,56
UCOJED,ZnH8C12(IN2)2,288
KIYQOA,ZnH3C7NO4,56
COJMIZ,Zn2H24C45N3O10,180
EVUMUE,LaZn2H2C11(N2O5)2,44
REBRIA,Al3(PO4)4,0
IKUBUL,Zn3P4(HO3)4,0
OQESEJ,CdH24PdC48(NO2)4,96
DUKDOD01,HoAgH11C14(NO3)2,56
DADNII,Eu2FeH2C4(S2O11)2,16
OGECOU,Ni2H22C19(NO4)2,57
RAKPEZ,LaP3H21C9(NO3)3,72
JOQSOZ,Cu3H18(C11N4)2,88
KUZPEC,AgH24(C6N)4,384
ja406030p_si_006_manual,Zn6Cr3H54C84N12O37,168
LELMIA01,SrH2C6SO4,24
YOZSAJ,CoH4C6(NO2)2,24
ZEDRAD,BaHC3SO4,12
SIWZOP01,MgH3(CO2)3,12
QODQEH,AgH12(C3N)6,288
VUKTEC,Eu2H24(C14O5)3,168
GEGGEG01,Co2H6C16O9,64
KEXPOU,ZnH8C9NO4,36
FIDRIV,NaDyH32(C19O5)2,152
BONNIC,CdH17C20N3O4,40
WIHDUN,NiH2(C5O4)2,40
KEVBIY,Ni3H80C108N6O13,648
OBAFEF,TbCu4H12C18I4(NO2)3,72
WIVRIE,Cd2H24(C11O4)3,528
LABPUB,Sm2P3H30C27(NO5)3,108
UVARIT,ZnH20C28(NO2)2,56
ENIHUG01,Cu2H13C27NO8,243
MACHIJ,Zn5H24(C9O4)4,432
DAHWAM,EuH12(C5O2)3,120
CUNRAG,GaP2H2CO10,8
RUGJAG,YbH3(CO2)3,6
ASUKEE,CuH12(C5N)3,480
REGQUR,Zn3H5C15O11,90
KEFFEI01,DyH4(CO2)4,16
ICEGED,CdH4(CN)8,24
VUKHOZ,Ag2H8C17(O2F3)2,136
JIWKUW,Na4Tb4H68C68N8O39,136
VIDJID,Co3H30C39N9O7,78
YEGCUJ,H6PdC8(N2O)2,96
LARZEL_SL_part,CdH3C6(NO2)2,48
DAWDAI,Cd3H34C54(NO6)2,108
CUVGIK,MnH12(C3N)6,18
FEHCIG_manual,ZnH10C12(NO)2,96
KEJXUU,Pr4Cu4H38C78N13ClO27,312
LAXGOH01,Gd(CO)6,24
GADNUX,Cu6H22C54(N3O8)3,432
LAGVEX,Zn3H40C58N12O11,116
IFAREN_charged,Co3Mo10P4H44C54(N4O15)3,216
COQJOJ,Mn3H74RhC83(NO)12,166
YOZROW,Co3H12C20N8(ClO4)2,80
HARNAR,Ag2H12C17N3O4,136
KEDJAG01,Cu(CO2)3,24
UCALIW,CdH22C24(N2O)2,96
NARNAY,Sm2H5C14(NO4)3,56
UMUBOV,CuH15C22O5,396
NIGFUF,DyH3(C3O2)3,36
UMODEH04,CuH15C22O5,396
ZEGSUB,Ca6H56(C7O3)7,196
DOKHIV,Cu2H7C14NO7,56
OWIZAW,Cu2H32C61O8,244
PUSSEC,Ag16H28C69N10(O11F9)2,276
XALTEK,Cu2H12AuC6(N2O)2,24
GACQAE,Zn2H12C20O7,80
FUYCAE,Co4H38C56S(N2O7)2,224
CIXCAO,ZnH8C12(IN2)2,288
MAXHIE,PrP2H4C2O7,8
DEBNUU,Al3P2C6O13,12
IXOFOR,VH4C8O5,32
BEPBAB,CaH8C18N6O,36
QALNEW,EuH4(C2O3)2,16
QUQGAL,Li2H3C7NO4,56
XOVPUU,CuH9(C10O3)2,160
ERALEQ,Zr3H48(C13O5)4,208
VEHLAW,Zn3P4(HO3)4,0
XIPBOO,Gd2Co3H18C42(NO4)6,84
UMOVEZ02,CuH13C21O5,378
KULMEK,Zn4H12C42O13,252
OHOMIH,Cu2H3C9O7,18
REZXIE01,Fe3C12O13,24
NAPZUB,CdH6C9O4,36
JOSNAG01,LaH12(C3O2)3,18
OCACUR,CoHC5O4,20
c6cp03028a_c6cp03028a3,YH4(CO2)4,32
LULJAE,CoH4(C3O2)2,12
WAWGOQ,ZnH13C24(NO2)2,192
ADATAC,ZnH10C17N2O5,408
SAMYIR,Tb4H72(C19O8)3,228
WEMNAF,Zn3H26C28S2(N3O2)6,28
PAPVAF,PrH8C13O5,156
ORIWAP,CoHC4O3,72
INIGET,NiMo2H14C22N3O5,88
GIQYEL,LaP4H8Ru2(C2O7)2,8
NEDVOJ_charged,Mn3H60C70(NO12)2,70
JOKYIR10,CdNiC7N6,56
WONRUM02,Co7(PO4)6,0
SISQIW,Nd4H14C36S6O25,72
KIYMAI01,SrH6(C3O)4,48
RUYQIN01,LaH12C21NO6,189
BOWSUC,V3P4H4(O6F)2,0
UHASED,CuH2C7O6,28
MOXPIZ_charged,CuH40C49(N3O5)2,196
WODFOL,CoH9C9(NO2)2,36
FUBDEM,ZnH8C12(IN2)2,288
HOQMIL02,MgH8C13NO5,104
IKETOI,GdH2C7(NO3)2,14
ja3082523_si_004,Zn16H215(C171O37)4,1368
ISIYUF01,ErH4(CO2)4,64
HUQHIM,Zn3H57C89N5O13,356
FIQZAH,ZnH2(CO2)2,24
HUHJOL,Na7Mn12H125(C7O5)10,140
RUBTAK01_SL,Zr3H14(C3O2)8,48
RORTOJ,Co3H30C34(NO7)2,136
XEVHEN,Gd2Cd3H48(C6O5)6,72
EBATUZ,CuH6(C7O2)2,252
MIVWEU_manual,AgH6C5N2,1200
ESIGES01,ZnPH3(C2O3)2,32
SUNLAP,CuH12C28O5,448
BEKYUM,K2Cr2Ag11(CO2)12,48
LIVTIT,Cu(C5N2)2,80
MIFPUO,Ni2H39C63(N2O)6,126
PUGSOB,Zn4H18C38O15,152
HATZOS02,AgH8C11N2O,88
LIXXEW,GdH17C20(N2O3)3,40
SIVWUR,CdH11C19NO4,76
ZILBIH,CoH16C24(NO2)2,192
WEHQAC_charged,AgBH16C32N4OF4,128
MICNOC,CdH24C36(NF2)4,72
SAXRIS,Na14Mo24P17O104,0
TACPAP,ZnH6(C3O4)2,48
CETJAN_clean_h,CoH20C31S2(N3O4)2,124
POXHUG,EuAgH8C14(NO4)2,56
ILOSOS,CuH16C9(SN4)2,72
ZEVXAB,CuH24(C8N)6,768
AQIXUV,Ni3H142C168(NO6)6,168
XAMDUM06,CuH2(C3O2)2,72
ja0660047si20060818_060256,ZnH16(C13N3)2,208
DOLPIF,EuH8(C2O)8,64
FIJFOU,CdH12C19O4,76
MOKVOZ,CuH3(C5O)4,360
ESUMOU,MnH4C4O5,16
FOQNUW,Cu3H14C28(NO6)4,112
RUVKAV,CuH3(C5O2)2,60
TAGSEB,V2CuH14C13N2O3,156
FUSNAJ,AgH8C11N2O,198
XADCEM,CuH4(C3N2)4,48
UFITEJ,Fe2HC4Cl2O9,16
FUDHET,Co2H6C16O9,128
DUKDIX,ErAgH14C15(NO3)2,60
BUFPIC,CuH31C39O4,702
ESUSOC01,Co3H8C14(NO)6,28
RONZID,Cd(CN)2,8
ELUQIM01,ZnH3(CO2)3,6
BAKJEE,CoH7C13NO4,104
VIWMEV,Sm2Cu2H5(C5O4)5,100
CUWYAW,EuH8C16NO6,128
HAXNOJ,Cd2(C2N)3,48
LEWZET,FeC13N8,52
CEJVET,Ce(SO4)2,0
NIGGIU,YbH3(C3O2)3,36
acscombsci.5b00188_3001288,Cu8H48C74N8O59,74
CENKAJ,Cu3H14C13N6O5,78
AWEJES,Zn7H35C63N2O23,252
DOMKEX,Na4H21C28N2O9,56
IWELIG,Co3H6C10(N4O3)2,40
NUCPIM,Zn2H9C23O12,184
EBAVAH_auto,Cu2H8C26S(NO4)2,234
IXIPEK,Co3Re12C12(Se4N3)4,48
NETHOJ_clean_h,Dy4H11(CO)24,24
ZIDNEH,InH20C36(NO2)2,576
ZAXQOG,CuH10(C7N3)2,112
FIJDIM04,MnH4(C2O)4,48
UVIPOF,Cu(C3O2)2,288
VANNIK,U4H48(C29O8)3,348
ALUKOI,SmH12C21(NO2)3,84
XUMNIE,ZnH28C43N3O5,344
VEMMEG,MnH4(CN)8,24
WIFBAQ,CdH18C18(NO)4,72
QARLUT,Zn4H24C36(Br3N4)3,288
CUSYIA,CuH4(C3N)4,96
OPOCUS,Ag6H55C35N16O3,140
INIRII,Tb5Ge7H33C26N2O31,104
REXFUX,ZnH8C12(IN2)2,144
GINNUO,Co3H48C66S4(N4O7)3,264
ABEYIR,GdH2C7(NO3)2,56
TIGVUC,ZnH24C22(N2O3)2,176
BIGZUO,Cr3Ag3H24C36N6O13,216
NEYZAU,MgH6C8S2(NO)4,32
COWRIR,CoH8C14SO6,168
MICDEJ,Mn3H22(C21O8)2,84
VALWUD,Co3H9C24N3O13,192
JIVSIQ,ZrP2HO8,0
VIWHUG,Zn3H30C50(N2O7)2,100
LEQBUG,Zn2H22C37O8,296
IFEPIT,GdRe6Te8(CN)6,12
RIPWIY,K4Na2Sm4P5W30(CO50)2,8
TEQPAI,Zn4H18C30S6O13,120
LECFEG,Cu9H32C60Se2(N9O17)2,120
VABKAN,Cu2H40C65NO8,520
VOCPEK,Eu2Zn19H54C54N72(Cl2O9)4,108
YASLOW,Zn2H12C21N2O15,336
NOBVOR,Co3H24C38(N3O2)4,38
CETVAA,CuH24C33(N2Cl)2,66
TANBOZ,Cu2(CN)3,12
SANGIA,PrH9C13(NO3)2,104
VOLRAQ01,Zn8C48O25,384
XUJPOI,Ni3H12(C11O8)2,88
LAVTOT,ErH3(C3O2)3,36
CUTGEE,CoP2(HO3)2,0
YAHWAI,ZnH6C9I2N3,288
KOMGID,Cd3H32(C2N3)16,64
XEGKEB,GdH6C21(NO3)6,84
OFODAP,CdH3C8NO4,64
WISVEB,CdH3C8NO4,64
DOQHAT,CePH3C3O8,12
XAHPAZ,CuH4C14O5,112
YOZKOP,CuH16C20(N3O2)2,120
acs.inorgchem.6b00276_ic6b00276_si_006,Zn2Co3B3H117C99N9O20,1188
SERWAP,ZnSiH48C44N4(O4F3)2,176
QUXRIM,CaH8C14SO6,56
OKILEA,Mn3H10C22(NO2)4,66
MOGYAI,Ag15C28(OF)24,56
ROPVIB,AgH4(CN)4,96
cm503311x_alf275K,AlC8O4F,32
IBABOF,Co2H20C30S2N5O12,120
YOYTUD,FeAg2H8(C2N)8,144
NIKJOH,SmH19C36(NO2)3,288
POKTUG,Ho2CuH16C24(N2O5)4,48
NUGROX,Cu6H32WC40S4(BrN4)4,240
ZOYKAB,MnH4(C2O)4,64
YAQZUN,UHC5O4,40
HIDCUU,EuH10(C9O4)2,144
QODHUO13,AgH12(C3N)6,288
FOQPAE02,Cu3H14C28N5O26,112
SIQFED,Zr2P3HO12F,0
IXIPAG,Mn3Re12C12(Se4N3)4,48
YILKAH,Cd3H32(C14O5)4,112
JUGLAA,Cd2B2H48C55N6(O2F)4,220
ISIYUF05,Er2H9(C2O5)4,32
KIPZEQ,Co5H38C48(N3O7)2,48
RAVXAP,MgH33C32O3,192
EVADIO,Yb7H56(C23O8)4,368
UCEXOQ,ErH6(C2O)6,72
REXDEF,ZnH8C12(IN2)2,144
GATBUZ_charged,Zn3H40C40(NO8)2,80
OVEJIJ,V9(P2O9)4,0
AGAYOW,Cu3H14C36Br6(NO7)2,288
EMAFII_charged,AgPH36C33(NF)6,264
GIWCAR_ion_b,GaAgPH30C42N9F4,168
ICAVEP,EuZnH22C19O9,152
TOKLEM,SiAg3H15C30N3O8F15,60
GANBAZ02,Mn(C5N7)2,80
SABKIS,BaCdH4C12(SO4)2,96
QARTAG,Cd3H46C56(N5O7)2,112
APUPEH,CuH4(C9O4)2,216
PIGXAF,Cd3(CO2)8,48
VAJVEJ,CdH22C30S2(NO)4,240
TAJXIO06,AgH4C6NO2,384
XUZXUN,NpH4C8O5,64
SOGXAP,CeH6(C2O3)3,12
RIVDIL,CoH16C26(SN5)2,4992
GACPUX,Zn2H14C22O7,88
OJIDAN,Sc3H30C54O13,324
GOMREG,MnAl2(PO4)3,0
EVEGUH,CuC8(N2O)2,96
VEQBUP_charged,Ba2TbH18C30S6N6ClO30,120
VAKBIU,MnH14C15N3O4,120
CUPHUS,CuH16(C5N)4,320
OKOQOW,U3H22C14O11,112
XEWRUO,Cd(CN5)2,8
CEZFIY,ZnH20C34(NO2)4,272
FECYUJ,Zn4H18C36O13,144
SUSMIE01,Ni3P4H38C38(N4O7)2,38
ELELEN,CuH32(C5N3)4,40
ja5b02999_si_004,Cd3H13C24N10Cl,192
BEXRUT,Ni3H16C30(NO7)2,60
LIJNOJ01,MnH16C24(NO2)2,192
LIPQOR,Cu3H24C28(N8Cl)2,252
BEFMOQ,Al2Co3(PO4)5,0
ic401474f_si_002,K4ZrH12(C4O3)6,192
LAWHID,Tb3Zn6H40C62(N9O14)2,248
NIWZIE10,MgH3(CO2)3,18
ETEJOD,NdH6(C6O5)2,24
HUHBUJ,Ti2Cd4H120C104Br4N12O13,416
SEHVOQ,V5B2(PO5)4,0
VAPRIQ,ZnH48C52(N3O4)2,104
GUBBAG,Cd7(C5N4)4,40
DUQSEO,LaH3C7(N5O)2,14
JITPOS_SL,Zn3H18C23SN3O10,184
AMAFOK,CuH6C10(NO)4,30
DULCAQ,Zn3H64C64(N2O)8,128
UKAZEM,MnCu3C9ClO18,36
VEZMIY,KCdH8(C2O)8,288
HULCOI,Cu3H20C33N6O17,528
HUZFIS_charged,CdH42C60N12(ClO4)2,120
CISXEJ,Na2P6H114Pb(C29O3)6,348
OQERUY,CdH24PdC48(NO2)4,192
XIGHIF,ZnH8C12(IN2)2,144
IWAYAG,KCaC2O7,24
YUKXAF,HoZnH6C15(NO5)2,30
KEDQAN,Zn2H25C39NO7,156
VUKSOL,Zn3H8(C6O5)4,48
FIBFUS,NiH54(C11N3)6,132
RANCEQ,Zn4H57C86(N2O5)3,344
PAKFEP,MnAgH4C8N3O2,64
OFUCEZ,CeH3(CO)6,12
INIRAY01,Co2Ni3H50(C10N7)3,60
YUSGID,Zn2H20C28S(NO4)2,56
XUGSID,CoH13C18(NO)4,144
IXUWII,CoH22C32(N2O3)2,128
OYOSAX,MnH6(C3O)4,48
SANHOH,DyH4C12(NO3)2,96
KAGVUL,U6(SO4)7,0
AGESIP,Cu3H2(C4O5)2,16
YUXQIS,CdH13C18N3O4,108
LAWGEW,Zn4H12C24O13,48
XOVXEM,Cd5H14C28(N2O11)2,56
KEDJAG,Cu(CO2)3,24
LAMFIO,CdNi(CN)6,48
SUFJOU,ZnH5C6(N2O)2,96
MIJFIU,CuH28(C13N2)2,416
UDALUI,Zn4H23C51O13,306
ULASAD,Cr2Co3H10(C12N7)2,48
AVIMUO,MnH9(C3O)5,120
LERNAY,Co2H7C10NO7,40
GIMSIG,Cd2H8C12S(NO4)2,24
MODNUO_ion_b,Cd3H7C13N8,104
JOJLOK,ThH6C14(NO4)2,56
HIJMEU,Mn3Mo4(PO7)4,0
GUCHUJ,Cu3H4(C5O4)4,20
MIVWAR,CuH24C36(NO2)4,216
TUPGIU,NaC12(NO2)2,24
TOWNUQ,Fe3H48C66O13,264
OLOPEM,ZnH15C21N2O5,168
GIRXUC,Zn2H3(C3O2)3,36
OXUPUT,UP2H2(CO)6,48
jz4002345_si_002,Zr3H14(C3O2)8,48
NEYYIZ,RbCr(CN)6,18
OMICOD,ZnH20C17N8,136
NEXVUI,Cd3H20C42(NO8)2,336
FIJYED,Al4P4O17,0
PUQYAC,ZnH8C17(O2F3)2,102
NOMPOW,Co5H48C80(N2O9)2,320
FIFGIM,Zn2In3H36C60N3O19,120
ROQFUA01,KFeN18,0
UGEPEB,CuH5C6NO3,24
CIPRID_charged,LaNi2H32C20S2(N3O8)2,80
DUWFAE,CdH13C21S2(NO2)3,84
NENHEU,ZnH12(C13O2)2,312
KEWZET,MnH6(C9O4)2,72
DUWGEJ,Cd3H16(C8O7)4,64
PIJJEZ,Cd3H24(C7O2)8,1008
XALDEU,Mn3H57C51N8O9,408
VEJYUF01,ZnH6(C3N2)2,96
BEKZEX,Cs2Cr2Ag9(C6O13)2,48
FIPKOG01,CdH12C24(NO5)2,48
YATWAU,Ni2H66C82(N2O)5,328
CADQAB,PrH6(C4O3)3,24
NIZZEC,ZnH8C12(IN2)2,288
TORJUH,EuH16C24NO8,96
SARGID,FeHC4O3,72
ERUNIQ,Co8H36C48N8O21,96
ja073612tsi20070723_060520,Mn3Mo2(CN)14,28
JOKYEN,CdNiC7N6,56
ESUVAR,Co3H8C14(NO)6,28
JORLEJ,Cd2H48C70N6O5,280
ABEXEN,InH10C20SO8,240
WEMFEB,Tb(CO2)4,16
VULFIT,Co2H7C16O9,64
GAFROX,Zn2H11C22NO8,132
VEYREX,CoH8C10N7,80
YIXFIW,SmH9C16ClO8,64
jacs.5b12516_ja5b12516_si_004,Cu3H18C16(IN2)2,192
RUFZID,Cu5H31C36N9O13,144
TULLIW,Cd4H13C19(N2O3)4,38
ja5111317_ja5111317_si_002_auto,Zr6Ni3H124C216(N3O8)4,216
PARPII,AlC12O5,48
YOYVAL,FeAg2H8(C2N)8,144
WIYFAM,Zn4H28C28N8O5,56
ESURER04,Co3H8C14(NO)6,56
BIHBEB,Cr6Cd3H96C120(N6O13)2,120
COKMEW,FeHC4O3,72
ATEXII,Zn2H16C21N7O4,84
CUGXAF,Co3H32C54(NO3)4,972
SOHNIN,ZnH8C12(IN2)2,288
VAGTAA01,MgH4(CO)8,32
DAMZEZ,CdH14C17N3O4,136
BUSNAF,CoH20(C13N5)2,78
XOTKIA_charged,Ba2EuH26C30S6N6ClO30,120
RUGJIO,SmH4(CO2)4,16
ZACHET,Zn20H108C192S3(N2O17)4,1152
YARBAW,NiH26C35(NO3)2,140
OZUKUR01,MnC4O3,72
SOKWUM,U2NiH12C12(NO6)2,48
TUMGOX,Ce(CO)6,24
GUPJEG,MnH6C12(NO2)2,24
EREGOY,Cd2H24(C11O4)3,132
FIRNAX01,NiH14C26N6(O2F)2,78
LUSQIB,Cu3H78C46(NO2)4,184
WIKNOU,Na2Mn6H54C30N17O19,120
KIGCEK,ZnH13C10N2O3,60
FUFQUT,Cu2H35C41N15Cl,82
FESTUT,Zn3P4(HO3)4,0
WUSSEK,CuH18C26(N2O3)2,104
KAVKIC,DyHC5(NO2)2,80
UKAQED,EuPH12(C3O)7,42
LADQOZ,Sm2H36(C17O4)3,102
NIKZAJ02,FeH2(CO2)2,24
ENEQUL,Cu2H46C55(NO)11,110
TEJLOL,Cd2H12C16N11O2,64
WEXSEZ,ZnH3C14N2O5,252
DUKMON,CoH23C25N4O5,100
QUXRAE,CaH8C14SO6,56
ECOKAJ,Zn3H24C54(N7O6)2,216
DAWWEF,Co3H8C16(N5O4)2,64
SERLEI,CuH3C12NO4,216
TARVOX,CoH(C2N3)3,24
FERVOP,FeAg2H8(C2N)8,48
DIPMAS,Ce3P4(CO3)8,16
CURQEN,CuSnH24(C5N)8,160
VOGPEO,Cu6H29C73O32,292
XOKHAH,Zn2H13C24N2O9,192
FIPXAF,ZnH12C9N4O3,18
ja203898s_si_006,CuH13C20N3O5,120
EMIGOX,In5H5C7(S4N)2,112
ELOHOE,CdH20C28(NO2)2,168
AVUDAX,CuH20(C5N3)4,120
MOBBIO,YC12(ClO2)4,24
MUZKEZ,Al3H45C75O13,600
ENCDBZ,Cd(CN)4,16
HELDOT,CoH10(C9O2)2,162
OQUCOU,Cd3H28(C11O7)4,88
LUZJAT,Zn5H8(C9O7)2,144
VOZVAJ01,ZnH8C12(IN2)2,288
MAXFIA_charged,AgBH6C8(NF)4,32
OREZAO,CaCu6H48C36S6(N2O7)3,72
GISNED,Zn8H72C99O38,594
NAHNES,Cu3H26C46(NO6)2,368
SUNHEP,YbH8(C2O)8,32
RAYMAG,CoH14C18(NO2)2,54
HOGSIG,NiH6C9(NO)3,36
FUTYUQ,Zn3H10C21(NO6)2,84
SARMOO,Eu2H22C41NO12,164
MICNIW,CdH24C36(NF2)4,72
CIMTEZ_charged,Nd4B4H158C139N2O31,556
QADVUN,Zn3P3HO12,0
COWXOC,Cd2H38C38N5O8,152
ZOQTAC,ZnH4C6(IN)2,288
XUGHAK,Ni2H31C39N5O4,78
PEMREG,CdH20C20(NO2)2,160
QIDDAI02,CdH24C36(NF2)4,72
CADQOP,CeH4(C4O3)3,24
POFGUO,Li2H3(C3O2)3,216
FIVQOR,Ga5P4C2(O10F)2,2
XAPGAZ,Zn4Mo12PH3C9O34,72
JAKBIJ,Mn(C2N3)3,24
HACDUN,ZnH13C20(NO3)3,360
WAPTEP,Sm2AsP2H4W11C2O37,8
ETIPII,Zn2H21C31(NO4)2,124
DACFAR,CuH26C34(N2O)2,136
NOFQII,LaEuH12(C4O5)3,24
ic300665a_si_002,CdH20C26(NO3)2,208
OQOBUT,AlC8O5,128
POBVIN,MnZn4H20C52N4(ClO8)2,832
SIWPUL11,MnH3(CO2)3,24
SETQOZ_SL,FeH5C8O5,32
LAZXIV,Cu5H28(C2O)20,160
MOSBIG,Eu2H9C21(NO4)3,84
YAJXIT,UCuH12C24(NO2)4,192
GULCAS,Fe3P4H4(O6F)2,0
HIFZAY_charged,CuB2H12C16(NF)8,96
NIKHAS,Zn2H49C52N2(ClO5)2,208
ic502042h_si_002,Na2Dy6H22C32S4O37,64
DIKPOD,LaH4C4O5,16
XEGJOK,GdH6C21(NO3)6,84
JUVROJ,Cd3H20(C9O5)4,36
DADPAC,Sm2FeH2C4(S2O11)2,16
EXOGAB,CuH7C14O5,1008
CUVHEH,NdC9I3NO6,162
ROTQIC,ZnH8C16(NO4)2,64
DUQYEU,Dy(CO2)4,16
TORJIV,TbH16C24NO8,96
XUJQAV,Ni3H12(C11O8)2,88
FOFTIF,Cd3H38C64(NO6)2,128
TETZID,CdH16C24S(N2O3)2,192
OGURAK_charged,Cu4H16C32N16ClO8,32
YOZBAS,AgH24(C3N)4,1632
LUDKUS,CuH8C11O6,66
ULOLAK,Zn3H24C36I7N12,288
DEPXIG,Mn3H11C23NO12,92
SEMFIB_charged,CdP2H21C21N10ClO6,84
NABSEP,Fe2P2O8F,0
XIPGUA,K5Cu5Ge2H14W18C7NO65,7
PEVQOY_clean_h,Zn4H12C24O13,192
QOFDEW,AgH12(C3N)6,288
WEGGAS,TbH8C12(NO3)3,48
MEFJUE,Zn6Cu3H18(C27O19)2,108
WOZGUP,CoH48(C3N)18,216
ja5b02777_si_002,Li2Zr(CO2)8,32
PEGPUO,PrHC5(NO2)2,80
ja994186h,CoRe3C3S4N3O,12
POYPAW,CdNi2H58C80(N10Cl)2,320
DORYUG,CuH15C23N3O4,184
SISQAO,Eu4H14C36S6O25,72
BELJIL,CuH15C13(NO2)2,78
AXOHIE,CdH20C29N3O4,464
ASOSUY,Cu2SiH12(C9O4)2,108
CUGYUA,Ag3H12(C2N5)2,16
IWAYOU,NaCo2(CO3)4,192
SUHMEP,Co5P3H9C18ClO18,72
LIHRIE,Zn2H3C2N3O,8
FERVIJ,FeH8Au2(C2N)8,48
FARFIO,ZnH8C12(IN2)2,144
PUWCEP_charged,CdH12(C7O9)2,56
LUSZOP01,Cu2H3C8SO8,32
CEFLEF,Dy2Mn3H18C42(NO4)6,84
UMOYOM14,CuH10(C5O)5,450
ECIWUJ,ZnH8C13NO4,26
VAPBIZ,EuH66C48(N2O3)4,96
cg5b00056_si_004,MnH30C26(N2O)4,156
FERWAC,FeAg2H8(C2N)8,48
SEHSUU,ErH3(C3O2)3,36
WAQFAX,In6H48C85O28,340
FOHRUR,Mn3H34C54(N2O3)4,54
RUWWUC,LaH9C15O8,30
VIWQUP,Zn4Ir6C199(N7O10)2,796
RUDPOW,Ag11H3C21N(OF3)12,84
BOJDAG,Zr3P5H2O17F2,0
UZIJUJ,CeH18C30(NO3)3,120
VUKYUX,Zn11H48C72(N12Cl11)2,288
YORSOP,MoH19C22(NO)3,132
EWUKIS,Zn3H5C15O11,90
CUGLTM01,CuH7C5NO4,20
QUTVIM01,KFe(CN)24,96
HIWKII,Mn2NbH4C12(N5O)2,24
XUKHUI,ZnH8C12NO4,96
VULFOZ,Co2H8C16O9,64
BOCTOE,MnN9,0
QOSKAM,Tb2Cu3H21C42(N3O13)2,168
UMOBEF07,CuH13C21O5,378
IBOWIH_charged,ZnH39C36Br2(N2O)3,216
KUVMUL,Cu2SiH38C56(NO)4,224
HENYUV,ZnH2C7NO4,28
NASMIF,Gd2MnH32C56(N2O5)4,56
CEZNAY,NaU2H6(C6O5)3,36
WIXRUQ,Mn2Ga5(PO4)8,0
ja512311a_si_007_auto,Zn4H30C54O13F12,432
XIDMED,Fe3C36O13F24,72
ILUFOL,Dy2Co3H18C42(NO4)6,84
HOVQAM,CoH30(C7N)6,168
FUDHAP,Co2H6C16O9,64
CUFQUR,DyU4H18(C16O9)3,384
REZXIE,Fe3C12O13,24
SAJDIT,TbH27(C11O3)3,264
EDORIY_charged,Cu3PH46W12C54(N3O10)4,216
FORPOS,CeH3C7NO4,112
AQETUM,Mn2Nb(CN)8,32
POSFIO,CuH14C20(NO)4,120
UMODEH12,CuH15C22O5,396
IRAJER,Ga4P5H2(CO12)2,8
ic200054b_si_002,Zn8H36C72O29,144
YIZWIN,CdNiC7N6,56
UTACOJ,BaCu6H27C24(N2O7)3,48
PULDOQ,Na6Cu3H8W12C4(NO22)2,4
POXHOA,DyAgH8C14(NO4)2,56
c5ce01790d_c5ce01790d1,Eu4H106C87(S15O17)2,174
acs.inorgchem.6b01740_ic6b01740_si_002,CoH16C26(SN5)2,624
HORHIG,CdH33(C11N4)3,198
PEJNUP,ZnH3(C3O2)3,54
AFIPAH,LaH2C5O6,20
HUQHOS,Zn3H56C88(NO3)4,176
AXIPEE01,FeH10Au2(C9N4)2,144
cm501138g_si_006,CuH2(C3O2)2,72
UKIQUB,Fe3Cu6H66C114O37,228
UNIFII,CoH32C42(SN5)2,756
OGIYUZ,EuH32C52S4(NO4)4,208
HIXDOH01_manual,CuH7WC8(N2O)2,16
LAXGOH03,Gd(CO)6,24
MACKAE,U3(C3O5)2,24
SUXGUP,Zn6H180C162S3I22(N2O)12,648
BETZOR,Mn3P2H24(C14O5)3,168
COZMUA,Co2H16C29O10,116
HURFOR,Zn5H35C36N9O16,144
REHVAD,CoH17C25N3O4,200
NOHKUS,NaEuC8(NO4)2,32
LUFQUZ01,FeNiH4(C4N3)2,8
KEGZOL,ZnCu(CN)4,16
LAGWEX_clean_h,CdH4(C2O)4,48
PIBPAS01,Zn3H24C50(N2O5)3,200
OFUSEP,Ag2PH12C6SN3,24
HAYTEI,Ca3Eu2H18C42(NO4)6,84
ACOLEL,MnH19C26N5O4,260
ROLCEC18,CuH3(CO2)3,18
EMUYAM01,FeAg2H16(C7N3)4,84
KIBXUP_charged,AgH17C17S2N2ClO4,68
REFMEW,ZnH10C17(NO3)2,136
EGELUY01_manual,AlH5C8O5,32
BEPNER,ZnH32C22(NO)4,88
cg500121f_si_004,CoH7C9(N2O)2,36
LIZWEX_charged,Cu6H9C27N13O28,216
TIQHEH,Na6TbH24C40S8N8ClO36,40
FIMZAE,Cu2H9C13N2O7,312
RAVFIF,YbH8C17O8,136
GIXNAE,NiH12C14N2O5,56
GAWMOI,TbH6(C3O4)3,18
XITYOP,CuH7C15O4,180
ROQMER04,NaCrN96,0
FOQPAE,Cu3H14C28(NO5)4,112
JOQZUM,Mn2Mo(CN)8,32
FIJDIM12,MnH4(C2O)4,48
UJIPAG,ErSO5,0
VUHNET,ZnH8C12(IN2)2,288
NEDLOZ,InH22(C5O2)8,80
DANZAV_charged,Cd7H64C104N8Cl5O28,208
BICPUA,Yb3H36C66O13,132
MUZKAV,Al3H51C87O13,696
ALOLIX_charged,CsIn3H31C66(NO8)3,396
cg5008236_si_002,Fe6H230C117(N3O13)2,936
HOGLEV,Cu2H8C17O8,408
PIDMEV01,Zn3H24C42(NO6)2,84
PUBSIP,CuH3C13(OF)4,234
YORLEY,Ag6P6H90Au6C103N12,927
SUXSEL,Cd3H50C72(N7O6)2,144
NOKPEJ,Cd2H10C9(N3O2)2,18
PEMRIK,Zn2H17C28N5O8,112
ja512973b_si_004_auto,Zr3H59(C57O8)2,228
BEZDUH,MnAg3H5C9N8,18
LATCEO,CdC4,40
XOVVOU,Zn4H11C16N13O6,32
DOYBAV,CdH13C14(NO)3,168
PUNCIL,CdH20C17N8,68
WUSXEP,Co4H20C37O20,148
MUFHUR,NdH2C6(NO3)2,24
AVIVAC,AgH16C24SN4,384
CAXTAY,Al(C3O2)2,216
TEYHIP_charged,CdH36C48(N2O)6,192
UXUYUI,LiH4C5NO,40
ZOZSEO,NiH18C28(N2O)4,112
XOVQEF_SL,Zn6H68C120O31,480
XAHPIH,CuH8C16O5,128
WANHUR,CuH13C15O4,270
ULOKOX,Zn3H24C36I7N12,288
cg901114e_si_002,NaCe2H16(C8O9)2,32
XAFBEN,BiH8(C2O)8,64
POCRAB,Zn2H26C40N6O11,80
LAPMIB,InH20C24(NO2)4,384
HUCXAG,GdH12C21(NO2)3,84
LAZJIH,ZnH2(C5O4)2,160
KINMUR,CuC16(NF2)4,32
TEVZUQ,ZnH2(CO2)2,24
EKIDEH,RbGa6P6(O6F)4,0
FOSTOY,In2H23C90O17,1620
TUTHOG,MnH10C14(NO2)2,56
WEMCEY,SmHC5(NO2)2,80
SOZPUU,KH12C22N9,176
ZUXPOZ,UH4(C2O)4,32
c5ta05481h_c5ta05481h2,CuH13C24(NO2)2,432
INARUM,Zn5H12C26(N7O8)2,52
ZAVRAR,HoH6C15NO9,120
IVOCON,Zn3P4(HO3)4,0
UXEFAF,ErH4(CO2)4,8
QOMFEE,ZnH9C11NO5,88
c5ce00677e_c5ce00677e2,Cu2H13C16N2ClO9,64
QOZDOY,ZnH12C16(NO2)2,64
PUFXIZ,CdH10C16(NO)4,64
YADMIB,Er2CoH32C56(N2O5)4,56
MUKQUG,CuH9C15O4,270
KEFWAV,Co3H8(C6O5)4,48
MODMIB,Cd5(C7N5)2,56
LIBHAH,Fe3H12C36S12O13,1728
LETQEI,Zn7GaP10H10O30F,0
HAWWOU,CuH43C32(N4O3)2,256
CIWZIT,Ni2H44W(C19N8)2,304
UXEDUX,ErH4(CO2)4,16
BAZFUF01,CuH10(C9O2)2,216
KOLTUC,TmCdH12(C4O5)3,384
WEYMIY,Co2MoH2C8(N4O)2,16
UMODEH06,CuH15C22O5,396
FUVDEH,ZnH16C22(NO2)2,176
QIWGOU,Sr4H36Ru2C72N12O25,288
VEPDEB_charged,Fe3H72Au4(C2N)32,128
HIYMAF,KDyC8(NO4)2,160
QOQDAD,Co3H34C36(N5O9)2,36
AJAMEF,CoH16C19N3O2,152
GEDSAL,NdH8C16NO6,64
NAWWOA,Ni3H46C64(NO2)6,128
XAMDUM05,CuH2(C3O2)2,72
NUYQUU,CdHC2SN3,16
WONZOP,ZnSiH16C24(N2F3)2,48
GAWCUF,Co2H24C27(NO2)4,108
OPENON,CuH10C17N5O4,34
BUVYIB01,FeH16(C12N5)2,72
GOLYUD,Co3H46C74S3N4O19,148
PIZSAU,Cu2H23C19(NO)6,76
GAMTOE,La2H18C24O13,48
BUFNOG_charged,CdH26C28O5,672
SOCWIS,Fe4P4H5(O4F)4,0
MUNNUF,ZnH12C24(NO3)2,96
IPEBEM,Cu2H44C57(IN2)2,228
NESVAK_charged,Cd3H10C24N3O13,144
BADJAU,ScH6(C2O)6,576
UHIYOB,CoH20C18(NO)4,72
AHUFIU,Ag2Mo4P4H45C58(N2O5)2,232
MAGVOG31,AgH8(CN)2,8
BAKFAV,Zn3P4(HO3)4,0
QONLIQ,Cu3H16(C12N13)2,48
MIFTIG,Eu2CoH24C48(NO2)8,384
SALLAT,CdH4C8(N3O)2,16
NOSTUM,MgH4(C4O3)2,32
LUSZOP,Cu2H3C8SO8,32
HUXDOT,Ag2H9(C4N3)3,96
IGETUL,EuH15(C9O2)3,162
QUSSII,Zn3H21C33N2O11,132
UCUTIW,ZnH6(C3O)4,48
ICITIY,Zn3C26Br7O11,208
SAHYAD03_charged,CdH36C48N12ClO4,192
XALCOD,Mn3H57C51N8O9,816
COGNAO,Zn3P2H25(C14O5)3,336
VESBAY,MgH3(CO2)3,12
VEJYOZ,ZnH6(C3N2)2,96
SUKNOC_charged,KCd3H60C78(N3O2)6,156
ILUHIH,Ho2Fe3H18C42(NO4)6,84
IJENIV,Eu4Ag3H91C63S27Cl3O25,126
WAFKEU06,ZnH20C16NO8,32
QUPDEL01,GdH2C5O6,80
WISTID,ZnH3(C2O)4,32
DUHXIP,Zn3H42C59(N6O5)2,236
UJIPEK,HoSO5,0
EJONOH,Co3H8C20(N3O2)4,20
BUBDIL,K2MnH30(C7O)6,84
KINDOC,TmH18(C3O)6,36
KINDIW,ErH14C24(NO3)2,48
SOMFIK,InH4C12(SO4)2,48
XEBHOC,CuH10C17NO4,68
LAQNOJ,Cu2H23C39O8,312
SIBLAQ,Al2(PO4)3,0
CANZOH,Sc4(PO4)7,0
ATOWIQ,Zn2H16C20N3O8,40
XOPLUL,Cd3H8(C6O5)4,24
UVUCIZ,Co6H62C59O32,236
PIKBUH,Rb3H13C14(SO7)2,56
ETAXIH,Zn9H42C48(N6O13)2,96
ja507269n_si_003,Fe6Co3H72C144(N6O13)2,144
JISVAJ,EuH9C18(NO2)3,36
BEPRIZ,Co3H33C57N3O13,114
KUDLUR,Dy2Cu3H30C24(NO4)6,48
PUGGOP,MnH8C14SO6,112
QIXSOG01,MnCu(C2N3)4,32
KOXGIP,AgH30C36(NO)4,144
OWIJIP,InH4C8O5,64
OCUSOV,V2P2H7C3O7,24
UVUGAV,Zn2H8(C5O2)5,450
WARFAZ,CdH20C30(NO2)4,240
ZOMNUM,ZnCrH18C14(N2O)2,28
FOKYIP,NdH7(C5O2)3,120
IBASEL,La2Cu3H30C24(NO4)6,48
JABMEF,Zn2P3(HO3)4,0
ZEZFIV,Na2ZnH13C27(N2O5)3,216
OJIWIO,ZnH10C20(NO3)2,80
YARBIE,ZnH30C37(NO3)2,148
WEYQAU10,Mn(C3O2)3,72
ECIWIW,Cd6H96C143(N6O11)2,572
LAWHOJ,CdH2C8S(NO2)2,144
EKOKIA,Cd2H11C16(N5O2)2,64
CEGDUO,AgH5(C2N)2,64
YOYTOX,FeAg2H8(C2N)8,144
JAHXUM,GdH7(C2O)7,112
ZEKRIS,Li2H3C8NO4,32
RABNOX,Zr2P3C14N2(O5F)2,28
PUMZAZ,Gd3PH13C14NO19,56
TATSIS01,CoH8C12(NO2)2,48
ISENIF,Zr3H96C114(Cl12O5)4,912
VOCKUT,Co2H18C24N4O9,48
ATIBOU01,MnH2(CO2)2,24
GOQTIR,CdH5C11O4,44
MALRUP,FeH3C7O3,42
UNACIW,CuH8C14N2O5,56
c6ra28728j_c6ra28728j2,CdH17C29N3O5,116
DUYRIZ,CeH3W4C7NO15,168
BUCWAZ,Cd5H26(C25O12)2,100
FIKTOK,Cd3H24C38(N2O7)2,76
RULVUP,CuH19C25N4,50
MICNUI,CdH24C36(NF2)4,72
IGUCEU,GdH12C13N8,208
UMOYOM13,CuH10(C5O)5,450
XANMUX02,CuH12C14BrN6,56
MAFZOK,Zn5P2H8(CO)16,16
QUXRUY,CaH8C14SO6,56
BETFEN,PrH8C16NO6,64
UMODEH19,CuH12C21O5,378
DIDDOK,ZnH13C20NO5,80
CAVPEW_manual,CoH14C23NO4,276
EBEWUG,Zn3P4(H2O7)2,0
BEWVEG,Mn3Cr2H22C31(NO14)2,62
ROQNES04,KCrN18,0
VAHJEW,Co3H36C48(N5O4)2,48
NEVVAM01,Co3H8C14(NO5)2,56
ERAHOV,CoH16AuC22(BrN3)2,44
HAPBAE,Ti6Cu2P2H43C36I2(NO9)2,144
ISUFOS,CdH54(C9N2)6,54
NORJEL,Cd2H43C64(NO4)3,128
MAKRIC,K2NiH34C52(NO3)4,52
XAMDUM07,CuH2(C3O2)2,72
HAJPEQ,CuH44(C27N2)2,216
ENIXUV,Mn3H36C60N12Cl5,240
TUKDAG,CdH18C24(N3O2)2,96
NICCAE,Al4(PO4)5,0
PIZHOX,Cu3H16(C12N13)2,48
PIZPAP_clean_h,TbH3(CO)6,24
GOWHOR,MgH10C18(NO2)2,72
HUXHUF,Cd3H48C65(N4O7)2,130
SISPUH,Gd4H14C36S6O25,72
WENLEI,Ho2H30C45(SO8)3,90
HIWLUW,Zn3P4(HO3)4,0
XUNSEG,LiH4C6NO2,24
FIDMIP,Zn28H78C9(N3O14)3,18
ja403810k_si_002,Zn4H26C46N10O13,1104
DIYTEM,Cd2H18C31(N3O4)2,124
IMIDZB10,ZnH6(C3N2)2,36
BINRUN,ZnH14(C13O2)2,624
PUPJER,CuH4C13(O2F3)2,234
REGRAY,Zn5H9C27O19,108
NERVAJ,ZnH18(C11O3)2,792
UBUROY,ZnCu4(CN)6,12
LAJDUV03_charged,TiH4C4NO8,12
SOKKUZ,InH4C12(SO4)2,48
HEBTAL,CoH6(C3O)4,48
HICGEG,Zn5H36(C9N5)4,288
QAVPIO,Al4(PO4)5,0
LUMYUP,Cu2H(C2N3)3,48
LOPZAS,Rb3Co2H186(C25O4)6,600
VITZAB,TbH6(C2O)8,48
VEJHID,Cd7H30C78(NO4)6,156
CAVPUM_manual,ZnH14C23NO4,276
LUDLIH,CuH2(C3O2)2,288
ABUWOJ,Zn2H7C12O7,96
ic3019502_si_002,MnZn2H24C50(NO3)4,50
KUFVEO,MnH7C13NO4,104
HUZXIL,ZnH20C28NO6,448
QAHQOH,YH16C12N5O6,24
SOZSAD,EuH15C24(NO)6,192
NOSHIO,UP2H4C6O8F,24
YUTDUO,Al8Si3(P2O11)3,0
WUYXEV,EuCd5H120(C11O3)16,176
RUGGOR,EuH3(CO2)3,6
HAJMIQ,CuH2(C3O2)2,288
TAJVOS01,ScH8(C7O3)2,224
KOYRAT_charged,Zn2H48RuC60(NO8)2,240
HIWXER,Zn5H4C4(N9O2)2,8
AQMAND01,Nd2H5(C3O4)3,18
EGATIQ,Zn2NiH35C59NO13,236
ROCZEQ,Cd3H16C24(N5O4)2,48
DEYNIG,Cu3H6C10I2(NO)4,80
IGAHAB,Cr3Cu3H36C42N6Cl7O13,84
TUVDUJ,Er2Mn3H18C42(NO4)6,84
QULMIU,InH6C8NO5,48
YUZXAT,Zn2H32C41(NO3)4,82
ONESUX,K17Ni17H68(C2O3)36,288
XOVPON,CeH12(C3O2)3,18
TEJGAS,Eu2H7C14(NO3)4,56
NAPZOV,CdH6C9O4,36
IKOSUW_charged,CuH24C29N5O11,116
MAYPIM,Ag2H14C17(SO3)2,68
CAKYAQ,DyH2C7(NO3)2,28
cg300979c_si_002,Ni5H104C86(N8O9)2,172
KEWNUX,Cu6P2H36W18C48N12O47,144
TONWUO,ZnH40C24(NO2)4,192
BODPAN,CuH2(C3O2)2,2304
OTUDIS,KNaMn3H21(C11O7)3,66
LADKEJ,Cd2H8C18NO13,36
EFOSUO,MnRe3C3S4N3,24
EYIYES,Dy2H9(C5O2)6,240
BOLPAU,Zn2SiH16(C7O2)4,448
NUHQIS,TbEu7H56(C5O2)24,120
IBUBAL,Cd4H19C28(N3O4)3,224
LEMHAM,CoPO4,0
OQIRAI_charged,Cu6H168C144I11N72,144
YUZJOU,CuH16(C5N)4,160
TAWYUO,ZnH33(C4O)9,144
ADASAB_charged,Cu6H33C63(N6O11)2,504
DIBWUI,TbCuH8C16N5O8,32
cm503311x_alf290K,AlC8O4F,32
KUHNIM,ZnHC5O4,80
XEPBAX,LiVH6C18O13,72
GOYXUP,DyAgH8C14(NO4)2,56
FALRIV01,ZnH24(C13N4)2,104
ic501898x_si_005,MnH8C17(O2F3)2,136
FIFMUD,FeAgH30(C14N3)3,336
TOXMUQ,AlH4C8O5,64
BAQWOI,Ag13H56(C2N)32,256
EPECIN,Zn4H36C66O13,264
HOWPIU,AgH4(C2N3)2,32
ECUDEM,SmH9(C2O)6,24
KAKCEH02,BaH15(C9O2)3,108
IWOKUC,FeH68C66S6(N3O2)2,264
AXINAX,Co11H114(C95O23)2,380
VOCQEJ,Ni2H25C32N4O9,128
BADJIC,ScH8(C7O3)2,112
COYVAO,Dy2H6C21(NO4)3,84
VOPPAT,Cd3H52C76N4(O3F)4,304
OBENAL02,Co5H36(C7O10)2,56
ISACIP,Cd3H22C38(NO3)4,76
WEZCIO,La2Co3H24(C4O5)6,48
PUNFIO,Cd7H48C64(N8O13)2,64
OFEZEF,Al3(PO4)4,0
BAXREY,Cu10H140W3C84(N17O15)2,336
LORKEK,BaCdH8(C2O)8,64
XIDSUZ,CuH24C32(N2O)4,384
PUZLUS,CoH16C26(SN5)2,312
ATEZEG,Yb3H52(C11O2)8,352
HACRAH,CoH11C20(NO2)3,360
UXUPIN,CuH16(C5N)4,160
ENUCOG,CdNiH4(C3O4)2,36
ic402692p_si_003,Zn5H16(C3O2)18,108
VAQSEO,Cd3H52C78N8O13,312
MOBFIT,Cs6Co13H32(C12O17)4,48
EJOQUR,Cu5H12C32O19,256
NEDVUP,MnCu3H48(C11O4)6,66
cg500192d_si_003,CdH11(C7O2)3,84
WIJXIY,Zn5H30C56(N2O9)2,224
KPACCE10,K2CeC8O11,32
MABLAD,CoH16C24(NO2)2,96
VEZWEE,Mn4H64C64N11O16,256
BAHGUN04,CuH8C12(NO2)2,24
QISVAQ,Cu3H12C40N3(Cl3O4)3,160
VOBKAA,Cd3H16(CO)28,56
XACSIG,MnH15C23O8,184
OYEWEW,Al6H47C84(N2O13)2,336
CAVVUS,ZnPH4C7O5,56
AHUTIH,LaH2C5O8,20
WOVDES,Ni2H54C66N12O11,132
ROQFUA02,KFeN18,0
CDLGLU12,CdH7C5NO4,20
VUZNOV,CoH24(C5N3)6,180
GEVKID,CdH10(C2O)4,64
QIYDIN,CuH10(C11O2)2,264
XOTHAP,Nd(CO2)4,8
MALYIJ_charged,CeH70C58(NO2)5,232
EJAXIW,CoH18C18SN3O4,72
LEDCAA,CdH5C9N7,144
FEVSAC,Rb3H3C31(N8O)2,124
YEGHEZ,CoC13N8,52
XEHTUB,Cd2H5C10N5O6,20
FOVPUD,CdH11C18(NO2)3,144
c5ta10401g_c5ta10401g2,Hf3H76C90(N15O8)2,720
TANMIH,CoH7C13(NO3)2,104
KEDJAG02,Cu(CO2)3,24
EGIFUV,Cd2H24C31S3N2,248
ECODOQ,Ga3P4H4(O3F)4,0
TUBJAD,CuH14C20N3O5,80
BAPDAA,CdHC4O3,72
RAZYIC,CuH9C10IN2,80
IXAMEA,FePO4,0
ZIHFUR,AgH16(C7N)4,112
TEVZEA,ZnH2(CO2)2,24
GITZAM,CdH28C29(NO)4,116
ZUTBIB,Ga3P3O12F,0
UKUDEL,Zr3(C3O2)8,192
PEQFAT,La2Cu3H22C23(NO3)6,368
RUKHAI,Cu6H27C50(N2O13)2,400
NOHKIG,NaTbC8(NO4)2,32
BANMAG,Nd2Co3H24(C4O5)6,48
TOWMOJ,Fe3Co3H24(C6O7)4,48
FELWIE,CaTmH12(C4O5)3,96
WULQUR,ZnH3(C3O2)3,36
ICIVAS,Na4Ni2H3C15(N3O7)2,60
QAMHAQ,Zn2H22C36N7O10,72
ja500330a_si_007_auto,Zr3H11C9O16,288
EBINUA01,CuH24(C4N3)4,128
OZUMAZ,CuHC4O3,72
FOQNOQ01,Cu3H14C28(NO6)4,112
UMEKEE,Zn2H12C15N15O4,60
GAZZIS04_charged,InH30C42NO8,168
TEJBOB,AgH12(C3N)6,216
ATEYUV,Ho3H44(C5O)16,640
LAJJAK,ZnH4C6N3O2,48
MOYYIJ,CuH8(C7O2)2,84
KIQKOK,Cu2Mo2H9C10(NO2)3,40
FIQYOU,FeH2(CO2)2,24
KUXSAZ,Fe3H48C54N4O13,108
CUKXUC,Eu2H12C15(NO2)6,30
XANZAQ08,CuH12(C7N3)2,56
UCEXAC,TbH6(C2O)6,72
IQOHON,CoH27C37(NO)4,296
QOZPEC,CdH11C17N12O7,68
XOVVEK,Zn7H28C44(N9O8)2,44
MEJQEZ,ZnH8C11(N3O)2,44
BEFNUX,GaCo3P4O17,0
WOBHEB,ZnHC4O3,24
WITJOA,Mn3H25C42S3O19,168
BEXREC,Co(C2N3)3,48
WAHFUJ01,CuH11C18N5O6,72
JADMAF,Co2H40C53(N2O7)2,424
ZIGFIG,CrH2(C3O2)2,288
ASIVEF,Cu6H56C92N8O29,368
CUKYAJ,Dy2H12C15(NO2)6,30
REBRUM,Mg2Ga(PO4)4,0
CECVOW,NdH2C8NO6,32
EMIGIR_charged,In10H7C7(S4N)4,56
PALTON,CuH18C24(NO)4,144
YAVZUT,ZnH13(C3O)5,270
ZUBFIN,Zn3H32C54(NO)12,864
XOMDOU,Ag3H40C44(N3O)4,264
DALVIY,Gd3H13C37(N2O9)2,592
RODBAP,Cd3H16(C12N13)2,48
ODAJAG,NdH4C5O8,20
BIYYAL_charged,Ho3H96C121SN24(O9F)3,242
RESWUI,ErH6(C2O)6,24
ELUQIM13,ZnH3(CO2)3,6
LUFNAC04,MnH10C14(NO2)2,56
FIFPOA,EuC3O5,12
DACYUE,MgH6C16(NO4)2,64
QIYDEJ,Cu3H34C71NO12,284
ZAXTAV,CdH31C60(NO)8,240
AMIXEA,Ho2H3(C5O4)3,60
WASMIP,FeH8C17S2N9,68
CUVGOQ,MnH14(C10N3)2,20
DEXZIR,EuH16C22(I2O5)2,88
PARVUB,Co3H78C88S2(N8O7)2,176
RAKDAJ,ZnH8C12(IN2)2,288
JUXFOZ,ZnH9C13O4,104
TILPUA,Al14P24H198C36N6O77,72
EDECOG,NiAu3(CN)6,96
GEDREO,NdH11C19(NO2)3,76
OKIJUO_charged,AgBH12C21(NF)4,84
GARLIX,NdH15C24NO8,96
HIFTOG02,Zn4H12C24O13,96
EXALAR,NiH24(C4N3)4,64
LEJCAE,CdC4,96
QOFDOG,AgH12(C3N)6,288
MABCUQ,FeHgC4(SN)4,16
IQOZUJ,CoH5(C3N2)2,24
ROJNEJ,VHC4O5,16
WEXQOF01,Co2(PO4)3,0
POLYEW,ZnH20C26NO4,104
FAKLIO,MnH6(C3N)6,36
BEFNOR,Al4P4O17,0
XEKMIL,EuH4C7(NO3)2,56
ZEHCAQ01,Zn2P2HO8,0
CUGFOB,CdBH12C13(N4O)2,26
VOBQEK,MnH4(C2O)4,24
VAYDOQ,Li2H3C3SO5,24
NUTYEI,EuH8C16NO7,512
MAMVED_charged,Rb5H232(C6O5)24,576
FOQNOQ02,Cu3H14C28(NO6)4,112
jacs.6b08724_ja6b08724_si_013,Co3Ni3H36C72N6O13,144
TEQLIM,Zn4H28C48O17,192
EBOTOF,Al2P2C3(O3F)2,12
JOKYAJ,CdNiC7N6,56
VALXIS,Ni3H9C24N3O13,192
GOYYAW,HoAgH8C14(NO4)2,56
c6ce00407e_c6ce00407e5,Zn4H68C132O13,2376
XAJGOH,CoH29C41(N3O2)2,328
ICIKEL,Cd8C53S13,1696
WAMRIN02,Mg3H26C32(N2O9)2,64
NABMUA01,MgH3C7NO4,42
KIDXUR,Na2Zn5H20C40S4(N3O7)4,40
NUTYIM,TbH8C16NO7,512
SAKRAZ,Zn2H8C11O7,44
OMUSAS,Zn4C60O7,480
GEDQIR,NdH8C16NO6,64
MODNOI_ion_b,Cd3H7C13N8,104
FIFMIS01,Co2H19C25N3O8,150
FASGIS,Tb3CoH24C44S5N4O15,88
PURJIW,Zn2H24(C11O4)3,132
AWEGEP,CsUPH4C7O6,84
MOXDOT_charged,Co3H48C60(NO8)2,240
QAPQEE,AgH10(C2N)6,96
OCUSUB,V2P2H6C3O7,24
ja5131269_si_003,Zn4H25C42O13,84
ZIZTEJ,U2P3H10C3NO9F,24
IFEPUG_SL,ZnH12C18N2O3,144
ZISXOQ,Cu2H64C77(IN2)2,308
HAPGIR,Mn3H8C15N6O7,60
DUVNIS_charged,Co5H19C43(NO14)2,344
KUGCOF,CdCu4(SO3)4,0
ZEDZAL01,PrH15(C9O2)3,162
WIRMOB,Zn4H96C150O19,300
UJEFOE,YbH9(C3O)6,72
OXOLAP_SL,Zr3H38(C9O2)8,288
FUBDAI,ZnH8C12(IN2)2,288
LECGAD,CuH8C15(NO)4,30
FOKWIN,Co2H24C25(N4O)4,100
KALGAH,Ni2H28C40N4O9,80
YEGYIU,Ag2H12C19(NO)4,38
LUDVOV,Zn3H24C36I7N12,288
HUNCIE,CuH11C25O6,400
c5cc09432a_c5cc09432a2,Co3H32C58N2O13,232
REZXOK,Fe3C36O13,72
DUBBEI,Er3P2H4C11O30,44
RIDKOE_charged,Cu4B3H32C32N16F13,64
USAWIW,CdH15C23N2O3,184
WUXYUL,Na4H22C26N2O11,52
KOMJED,DyCdH12(C4O5)3,384
HEGNIR,MnGa3P4H26C8(N3O8)2,72
IFUDES_charged,ZrCdH10C10(NO8)2,30
OYEJOS,Cu3H64C78(BrN12)2,156
MISQIQ04,Al2PH2(O3F)2,0
TAJQEC,V2P2H5C6(O2F)3,24
ULOKAJ,ZnH8C12(IN2)2,288
VUVZAP,In2CoH6C18(BrO7)2,36
ADUROI,ZnH13C21(NO2)3,1008
ic062019u-file003,EuH16C11O6,88
GAZZIS05_charged,InH30C42NO8,168
SOKXOH,CoCu2B18H26(C3O)8,288
WEYQAU14,MnH3(C3O2)3,72
QOYYOU,Zn8H21(C28O15)2,2688
ZISNEW,CuH7C21O4,252
GOVWOF,Mn3H15(C15O8)2,180
AMIXAW,Dy2H3(C5O4)3,60
BELTUJ,Co3P2H24(C3O)14,336
EDUVUU,Zn8C96O25,192
YUZBIG,ZnH6C5N8,30
VEGXUC,Ni3H18C34(O5F6)2,136
JENKET_SL,Zn2H33C50NO7,400
AVILEY,Hf12H72Ir3C144N12(Cl3O20)2,576
AQIQAU,CdH14C24(NO2)2,192
MUDTAH,ZnH4(C3O)4,288
YOGKIQ,Zn3H21C61(NO5)3,732
HIVSAI,ZnH20C16NO4,128
LENGAO,CdPH8C14NO6,168
MIMKIE,CaH2C6O5,24
NUDMAC,Mg3H8C14(NO5)2,56
IBICON,ZnH15C11Br(NO)2,66
RUBTAK04,Zr3H16(C3O4)8,192
MINCUJ,TbH9(C7O2)3,84
LAVTUZ,YbH3(C3O2)3,36
EKIDIL,CsGa6P6(O13F2)2,0
ic403134c_si_002,LiH4C6NO2,24
TOWNAW,Fe3H24C42N6O13,252
GIFFAE,SmC4N3O4,32
IJAPOA,CuH9C13(NO2)2,234
WELTIR,Cu3H7C6N9Cl3O,384
UNOJUD,Sr2H8C12SN2O9,24
IMUTUG_ion_b,In9H24(C36O25)2,144
AQUDAS,Cu6H15C25(NO)10,50
JEXWUF,CoH3(CO2)3,6
ADOBUR_charged,V16Ni2H32C40N8O38F,80
HOXJIO_charged,Ag3H50C62S8O7F6,124
TUYJED,NdH3C7NO4,112
COXHON,Fe(CO2)3,24
UHUPET,Zn16C311O76,622
ic070274o-file006,NiH24C30(NO)6,120
TACJIS,Cd2H24(C11O4)3,66
EGELUY_SL,AlH5C8O5,32
ja500618z_si_007,MnH3(CO2)3,12
CAYQIE,Cu4H12C87O20,174
DUXSIA,Co2H22C37(N3O4)2,74
NAQQUT,LaH3C7NO4,112
NIRGAY,MnH18(C11O3)2,132
c5ce01948f_c5ce01948f2,Ag2H15C16(NO2)3,96
VOVQEE,Cu5Ag2(CN)10,40
VAZLEP,EuH2(CO)7,28
XINJAH,LaH9(C3O)6,72
CUWXAV,EuH14C19(NO4)2,152
PENYIR,V7P8H18C8(O7F)4,8
WAKSOT,Cd3H22C28(N5O6)2,56
DIBXAO,CoC3N3O,96
PAPROO,Tb2Cu3H30C24(NO4)6,48
XANNAB,AgH15(C7S)3,336
HUYXOP,Ni2H31C39(N4O3)2,156
WORSUT,Zn2B2H48C55N6(O2F)4,110
HIQNIG,ZnH18C24N3O4,96
OWIHIN,InH4C8O5,64
PEFRUP01,GdH9C18(NO2)3,144
COCNAL,Cd2SiH16(C7N4)4,336
ICISAP,Sc3H12C24O25,48
ja4012707_si_004,ZnC4,16
cm503311x_F-mil-53-Al-lp-ortho,AlH4C8O4F,64
EKUPEG,Cu13H138C144S9(NO4)12,288
SIZGEO,Cd2H3C9(ClO3)2,18
KIPKAX,Yb4H18C57(O4F3)6,114
WEMFOL,Ho(CO2)4,16
UMOVOJ,CuH13C21O5,378
UMODEH25,CuH15C22O5,396
POKSUF,Sm2CuH8C24(NO2)8,48
TASZAQ_charged,Zn5H96C132(N23O21)2,264
EQIWAD,CdAs2H18C16(NO5)2,32
UDIDAO,Co8H9C27N18O17,108
COSWEO,BaH2(CO)6,72
KAKCAD,Sr5H68(C27O7)4,432
RAZXIA02,KCo3H8(C6O7)2,96
FOLLEZ,MgCdH5C10O11,40
VUHMOC,Zn5H24C36(IN)12,288
KOGYIP,Cu2H16C20N4Cl,40
DAHPAE,Yb(CO2)4,16
XADDIR_manual,CuH2(C3O2)2,72
GONMUT,Cd4H52C30N22Cl7O4,480
QOBWEJ,ZnPO4,0
XOLYUS,Co2H14C14N2O9,56
PEJMOI,KCd4C16(N3O4)4,64
WUZGAB,Ca2CdH60(C11O3)8,176
UVUPOR,ZnH12C20N3O4,120
ja903726m_si_002,Ti2H6(C4O3)3,48
KESBOA,FeCoAg2H60(C14N3)6,336
VOCNOQ,Ni2H16C24N4O9,192
PERSEM,UZnH2(CO)12,12
QADKAH01,V3P2H6(CO3)3,24
KAHZAW,Eu2H6C14N2O11,112
PUWDEQ_charged,ZnH25C24NO6,48
EBIJAC,Cd2H35C43N3O11,344
LEMNOH,Fe(C8N5)2,64
CAVMIW,Fe2HC4Cl2O9,16
HORCOH,YbHC7(NO3)2,28
OKUTAR,CuH10C20NO4,960
BIQFOW,Ga3P3O12F,0
IHAJEH,Mn3Zn2P6(HO5)4,0
DANVEU,LaH3C7NO4,168
HOZFIN,Li13H24C54O37,108
LOBHAM,Ni3H26C30(N6O7)2,60
DUNXUH,ZnH3C8SO7,32
FIJDIM10,MnH4(C2O)4,48
FAKGOP,NiH5C9O5,72
AWAREV,ZnH6C2N5F,36
cm501138g_si_005,CuH2(C3O2)2,72
KAXZUG,Cd2H45C45N18ClO6,90
JOJKUQ,ZnCu4H16C40(NO)18,320
VIZTIJ,ZnH8C12(IN2)2,288
WOPDEL,MnH22C24(NO2)2,96
QIYCIM,Si2AgH34(C7N)4,224
QOQWOK,MnH16C24(NO2)2,96
DOTWAL,La2H12(C4O5)3,24
KUKMUA,Cu2H3C8SO8,256
VONSAU,SmH5C12(NO4)3,96
VARJEF,FeH12(C11N3)2,176
TIRHIL,CrAg(CO2)6,24
LECGEH,CoH8C15(NO)4,30
NOCKUM,CaH4(C2O)4,48
ITIXAM,MnH10(C3O)6,216
MUNDOQ,Cu7H21C39I4(NO4)3,156
AWEBIO_charged,U2H41C29N13O16,116
YAQCAW,In4P7H9O28,0
QOQWOK01,MnH16C24(NO2)2,96
LATCIS,CdC4,48
DOZCEC,Mn6H48C96(N8Cl)5,96
cm503311x_alf350K,AlC8O4F,32
FUXXIH,Ni3H29C35NO13,140
AFOYIE,CuH8(C5N3)2,40
HAPPAS,LuH6C14(NO3)2,112
YEZSEC01,GdMnH12(C4O5)3,384
NEYYUN,NiH6C8S2(NO)4,32
MIHLOF,SmH24C48(NO2)4,96
ILOJOJ,CuH17C23(N3O2)2,92
ja907023c_si_001,CoH24C30(NO)6,120
CAYDUD,CuH8C6N8O,24
KEFBII,ZnH3C9O4,144
VAJGAR,Cu2H40C46N6Cl,184
ZUHSEC,Ba2CuH8C12(N2O5)2,48
JIVSIR01,Nd2CuH32C50(NO8)2,100
NAKNUK,NaTbH24C28(NO2)4,112
ELILIV,TmH7C15O7,30
GOLQII,NdAgH8C14(NO4)2,56
FAQLUH,VH4C8O5,64
MIMDAP,NiMo4H20C15N15O8,30
SOKWAS01,UH2C6SO4,24
QUBZAP,Ag2H8C8N5O2,144
GUXZIJ,U3P4H8(CO)12,24
SIZPAT_charged,PrNi2H32C20S2(N3O8)2,80
LAZJAZ_SL,Zn2H32C41(N2O7)2,41
UZAFAD,Ni3H50C46(N8O7)2,46
TONMAM,Ba2H17C32O19,64
KUNMUD,CdH36(C4N)12,192
RAVDEZ,EuH8C17O8,68
XULGUI,DyH17C30(NO3)2,60
HOJNIF,ScH6(C2O)6,192
YOYWEQ01,FeH8Au2(C2N)8,144
JOHFIW_manual,YH3(C3O2)3,36
XAVKIR,Cu2H27C45N5O12,1080
SOZSUX,ErH15C24(NO)6,192
ja302380x_si_003,Cd3CuH46C50(N2O7)2,200
FEVNIE_charged,YbH60C74S8N12Cl(O5F4)6,148
OPAPEB,SmH18C15S3(N2O)6,30
GELVEZ01,MnH4C7O5,42
GUFXEM,Zn3H14(C2O)16,128
RARYOZ,Gd2Co2H15C35(NO4)5,140
TOLGOR,Cd2H32C37(N2O3)3,148
WOPHIU,ZnH12C18N3O5,288
ONEYIQ,ZnH38C40(N3O7)2,1920
YAGHAS,K2H58Pb2C61O28,244
MAHCIK,Zn11H60C126(N3O22)2,504
ORAKAU,KTbRe4C12(SN3)4,96
SETSOB,Zn3Cr3H45C69N9O25,69
FEVNEA_charged,SmH58C75S9N12Cl2O34F27,150
PASMUT,ZnH2(CO)4,48
COTXOA,CdH36(C4N)12,192
KOHKIC,Na2Zn19H192(C81O20)4,648
LUFQUZ,FeNiH4(C4N3)2,8
ASUWUI,Zn2H23C38(NO)6,152
LABRUE,Co3H40C66N2O13,528
QIXSOG,MnCu(C2N3)4,32
XEDPIH,ZnH3C5BrN4,40
SETPEO,InH8C12N4Cl3,72
OWUWOU,CdFeH38C42(NO6)2,168
JOKWOV,Zn2P2HO8,0
RAGREY_charged,CuH16(C5N)4,80
FASFUD,SmH24C44S4(NO3)4,88
PANYEL,CuH11C18SN5O4,144
COYTUG,Tb2H6C21(NO4)3,84
WUSCUJ,CdCu2(CN)5,40
GURTIX_charged,In2H9C17O12,136
HOGPUQ,ErH3(C5O4)2,80
XEWFAI,Eu2Zn3H84C54(NO2)12,54
ja500330a_si_006_auto,Zr3H26(C21O11)2,336
DIBQIQ,Co3H30C54O13,216
NERVEL,Co2H18C24N4O9,48
IHAJIL,Zn3Fe3P8(HO3)8,0
VUGXUS,TbH27C30(NO2)3,60
acscombsci.5b00188_5036495,ZnH8C16NO5,32
XUWVEQ,GaPCO3F,4
MUHNUA,Cu6H93C69BrN30,138
DUKNEE,CdH19C27(NO4)2,432
ELOFIU_charged,CaH20C8(ClO4)2,16
MAGVOG21,AgH8(CN)2,8
NUBBAP,Zn11H18(C3O2)18,108
NIYZIG,Zn2PH13C21O8,84
SONVEX_neutral_b,CuH2(C3O2)2,72
cg4012185_si_002,ZnH26C32(NO2)2,128
HAMRIY,Ho2Cu3H30C24(NO4)6,48
REJLEY,Co3H26C40(N5O4)2,40
PARHEW,CaH8(C3O2)2,24
FEBXIV,Cu2PH24(C4O)12,192
TANBAN_charged,La2CoH30C36(NO3)9,72
KUGQIN,LaH4(C3O2)3,36
KIYJAF,Co5H76C95(N9O10)2,380
QAJMUM,Gd5H2(C2O5)4,32
COKPEZ,MgHC4O3,72
UVEWIC01,Mn2Nb(CN)8,16
UKEXEP,Cd3H8C32(NO6)4,128
UZIGOB,Zn2P2H13C11(N2O3)2,44
ECUGEQ,U3P4H8(C2O7)2,16
cg801164f_si_001,Co3H13C24O13,192
OXOZUY,TbH24C39NO6,156
XISPUM,FeH8Pt(C3N)6,36
FIPJEV,CdH7C8N3O4,64
MIGMEU,CuH6(C3N)4,48
HOXSUK,Ni3H24(C22O5)2,176
NERVEN,CdH18(C11O3)2,792
AWASEY,KPr3Cu12H40C60I12(NO2)10,240
BEPVAV,Cu3H21(C5N2)4,40
XUMCAK,CdCu2(CN)6,36
YOQYEK,CaH3(C3O2)3,18
FOPBAP,Cd2H11C15N7O5,240
WAZQUL,CeB15H15(CO)6,24
HOWPUF,Zn2H12C17(NO2)4,68
WAJGIY,K2Mn2H36WC32(N2O)6,64
VUSKEA,Zn4H12C24O13,48
YOCLEJ,CuH2(C3O2)2,72
UVANUC,CdH8C12NO6,48
LAVSUY,YH3(C3O2)3,36
WOQDUB_charged,Dy4H15C12N3(ClO16)2,48
WEYQAU04,MnH3(C3O2)3,72
NEDXOL,ZnPH11C13(NO2)2,104
VOXVAH,Be4P9(H3O19)2,0
SOVLEW,Cu3H12C30N10O13,240
LUSYEF,CuH6C13O4,234
jacs.6b04608_ja6b04608_si_002,Zr13H192(C61O11)6,1464
HIYZEV01,MnH4(C2O)4,32
MIFLIY,MgH18(C17O4)2,68
YOTRUW,Ba3V2H4(C5O12)2,40
HAMLIT,Zn4H27C60(NO)18,120
ZEZPEB,TbH6C12N3O8,48
VEHRIL,Sm4H14C28N4O17,56
MUVGUG,ZnH16(C17N5)2,68
LEGGIO,ZnH4C6N3O2,96
LUJBAV,Co3H28C48N2O15,192
SISQES,Sm4H14C36S6O25,72
QOWRAV03,CuH10(C9O2)2,432
jacs.6b06759_ja6b06759_si_004,Zr13(C53O11)6,1272
NIZZIG,ZnH8C12(IN2)2,288
OTUXUX,CdH22C30(NO)6,120
GOGWAB,ZnH2C8S2(NO)4,16
MAGVOG15,AgH8(CN)2,32
ZERNAN,Y2H27C39(NO5)3,78
AXAWUT,Ce2H6(C3O4)3,36
EXOZEX,CuH8C8(NO3)2,24
FIDMEL01,Zn4H18C3NO6,6
ZOYZUK,Ag12H162C89N29,178
NIGDEO,Cu6H38C80NO24,160
KENJEU,Zn3H44C46(N3O2)4,184
VEHJUP,Zn11H18(C3O2)18,108
FIBKEI,Cu6H29C65(NO6)4,260
FENROG,ErH4(CO)4,16
JADBEY,CeH14C24(NO2)4,96
RIVDEF,CdBH12C8N3O4,48
YIZJEY,Zn6P2H36C21(N6O)6,42
VATVOE,Cd2H27C35N8O7,140
QUVFET,LuPH7C7NO9,56
acs.chemmater.5b03723_cm5b03723_si_004,Cu2H44C43(NO7)2,516
SUXNIJ,V9B2P17H23O54,0
TAGTIH,Mg3H6(C9O8)2,54
QIJLAW,Mn(C2N3)3,48
ja406030p_si_007_manual,Zn6Cr3H42C84N12O49,168
FUNQEM,Eu3H48C72N13O35,288
TAVCIF,ZnH20C26(NO)6,104
WIYWOS,Gd2H24C34NO11,136
SETXAS,ZnMo4H11C12N9O7,24
SAMVIO,MnH7(C3O2)3,72
WOBCAT,LaH8C8(NO3)2,16
HIYGIH,Cu3H12C30(N5O6)2,240
c5ce00931f_c5ce00931f2,Zn4H4C12O13,48
INIDAL,Ga3P3(O6F)2,0
WOPSOL01,FeHC4O3,72
TURDOB,CoH19C23(NO)3,184
POHMAC,GdH4(C2O)6,48
MUBZUG_auto,Zr3H35(C39O8)2,156
EWILON,Zr3C24(N3O4)4,192
MEBMEM01,Ag3H12(C2N5)2,16
GARTUR,Zn7GaP10H10O30F,0
TUYNEI,CuH11C7O6,28
OBENAL01,Co5H36(C7O10)2,56
DONKUO,Mn2H41(C2O)24,96
PUFNUB,SmH24C44S4(NO3)4,88
GOLDAO,CaP2H18Pd(CO3)3,36
OSILOS_charged,Cu2H12C12N16ClO12,24
USUBUG,ZnH4(CN5)2,4
WEHRIL_charged,AgH16C32N4ClO5,128
YARYEV,CdH3C2N3,8
XESLAK,CoPC3NO3,54
GAMTEU,CeH9(C2O)6,24
OKAYIK,CaH8C14SO6,56
MIHLIZ,PrH27C48(NO2)4,96
c6ce00407e_c6ce00407e9,Cu2H16C37O8,37
KACGED,Zn6H103C116I24Br2N32O5,464
IGIZEF,Sr3P8H12(C2O7)4,32
acs.jpcc.6b08594_Zn2Cd6MOF5_opt,ZnCd3H12C24O13,144
AKUHOD01,Gd2H6(C3O4)3,18
KICXAX,CoAsH24W9C16(NO2)12,64
MECVOG,GaFe2(PO4)4,0
c6ce00407e_c6ce00407e3,CuH2(C3O2)2,72
JAKBUV,Mn(C2N3)3,24
QITMUC,EuH3C9(NO2)3,72
EMAGAB,Zn2PH20C24(N2O)4,48
HUYKIV,NiH2C16(NO2)2,384
FUTCAZ,Mn2H3C9ClO6,36
MOTKAI,AlPC2O3F,8
ZUDQEW,Cd3H18C24(NO6)2,48
XALBOC,Mn3H36C41N8O9,656
WUXMAD,Zr2P4O13F,0
UJILAA,Cu2(CN)3,135
ZNGLUD01,ZnH7C5NO4,20
EBINUA,CuH24(C4N3)4,128
GUZVOO,Co3C12N4(O2F3)4,192
XIPTAS,SmH3C8NO6,32
BAXFIR01,FeH12(CN2)12,24
ECALOL,Eu4Cu2H16C30N4ClO12,120
YOTSAD,Ba3V2H4(C5O12)2,40
OZASOZ,ZnH36C37NO6,296
ODODIW,Zn5Si2H34(C28O9)2,56
SIQFIH,Zr2P3O12F,0
IPIMEA,NaLa3(S2O9)3,0
EVUNEP,SmZn2H2C11(N2O5)2,44
DEYLUQ,CdH12C23Br4(N3O2)2,92
UGUQUK,Co2H31C44(NO)8,176
PUZJOL,Mg3H8C24(SO4)4,24
NUDMUW,Mg3H8C14(NO5)2,56
IJODES,Zn3H33C35N11O18,70
PAMTOO,DyH9C16O7,96
DAPWAT,AgP2H38(C10N)4,320
GUVZII,FeHC4O3,72
HAWZEM,CuH8C12(NO2)2,48
WUDNAK,Co3H42C52(N4O7)2,52
IHOTEG,Mg5H26(C8O9)2,128
ZUPBET,EuH9C18(NO2)3,36
MAGVOG10,AgH8(CN)2,32
OTIPEO,CdH8C12(NO2)2,96
LIVLUZ,CdH12C18(N3O2)2,72
HAJYEZ,NiH7C11O5,44
BACGAQ,CdH26C32(NO)4,64
FIJDIM09,MnH4(C2O)4,48
SOGWIV_charged,CdH6(C2O5)2,16
RUBHUS,TbAgH8C14(NO4)2,56
KOGJOG,Gd2P2H10C9NO16,36
PEXBIF01,CdH17C17N5O4,136
COTYIV,Cu5H9(C3N4)9,432
CUVTIX,Zn8H276C186N24O73,186
LENGES,Cd2P3H48C84(NO12)3,168
HAKVAT,In3Co2H6C30N9O25,60
LAXJAX,CoH16C26(SN5)2,1248
NIBJAK,Cu3H24C54(N7O6)2,216
ULOKUD,ZnH8C12I3N4,288
YUKXEJ,ErZnH6C15(NO5)2,30
REWNEO01,CuH5C12N3O4,288
TONTUN,NiH6(C3N)6,216
MIFSAX,Pr2CoH24C48(NO2)8,384
EBAVOV,Co3H38C60(NO)12,240
RUYQOT,LaH12C21NO6,189
CUYYAX,CdH12(C5N2)3,60
EMIZAD,Zr3H28(C4O)12,288
cm504350q_si_002,Tb4H43C57(N3O8)2,456
cg400449c_si_001,Cu2H9C21NO8,252
LAFROB_manual,CoH16C26(SN5)2,1248
HEFDIH,Mn2MoH42C37N17,111
UCEGAM,CsEuMoH4C9N8O,18
NEYVEU,ZnH22C27N5O4,324
MAVNUU_manual,Zn2H31C53O8,212
CAKXOD,GdH2C7(NO3)2,28
cg500975j_si_002,NiH28C41(N3O2)2,164
VOSWIL,Zn7H20(C8O5)6,192
UMEDIB,ZnH8C12(IN2)2,288
WEYQAU12,MnH3(C3O2)3,72
GUDJOG,SmH25C28(NO4)2,224
EMUTUD,EuH6C13BrO6,52
VINHEH_charged,Mn5Cr6Fe4H112C114(N20O39)2,114
OCIMOF,Co3B20H78C82(N2O9)2,82
SOSFAJ,LaH3C12N5O7,96
DIMKER,GdZnH6C12(NO2)4,48
GUVCOP,Cu5H48Pt3C42(N6O7)2,168
ASEJOZ,Cd3H6C18(NO)8,72
LIKCOY_charged,Cu6H36W2C40S6I3N9O2,80
XUFPIZ,CoH22C28N4O5,224
XUMVEH,Nd2H9C24(NO6)3,48
WIMWEW,Co3H16(C2O)16,128
XAHPED,CuH13C18O5,144
MOPQIT,MgH2(CO2)2,24
SIZPEX_charged,CeNi2H32C20S2(N3O8)2,80
QATVUE,CuH16C24(N4O)2,192
XAYNAM_charged,Ag3B2H18C30(N3F2)4,120
BEPREV01,Ni3H44C72N6O13,432
GIKMOD06,Cu2H3C8SO8,32
PIHNUQ,ZnH12C15NO5,60
ZERNOB,Ho2H25C39N3O14,78
SINQEL,ZnP2HO8,0
cm501138g_si_010,CuH2(C3O2)2,72
WUNSEE02_charged,CdH36C48N12ClO4,192
DOHNUL,Zn3H24C42(N5O6)2,168
MIXZOK,Ni3H36C66O13,132
EKOPOK,CaCdH8(C8O5)2,64
JALLIU,Ce3C36(N3O8)2,288
SUWQEI,CuH16(C5N)4,120
RESDUQ,Cd3H14(C17O7)2,272
CAVREY,Zn5H31C36N9O16,144
WOXKOL,MnH14C23(NO2)2,46
VIRQAO,MnPHCO6,4
AJIGIL,Na2CoPH87C62Br(N8O7)2,248
UCOHUR,ZnH8C12(IN2)2,288
KUKPUD,Cu5H40C52N12ClO8,104
WENKUX_manual,Tb2H30C45(SO8)3,90
DUNXUH15,ZnH3C8SO7,32
FITHAS_charged,ScH24C33S3N6(O5F3)3,132
ILAGUY_charged,Cd3H79C88N8ClO22,352
NIZNAN,TbH27C21(NO)6,84
OBEDEE,AgH13C22N3O,88
FORQEJ,CeH3C7NO4,112
OFAWAV,HfH4(C2O)4,48
JUQTOG,Co6H15C24N13O12,96
WUXYOF,Na8H32C33(NO6)4,66
ECAHEX,CuH16C18(NO2)2,54
UMOVID,CuH13C21O5,378
cg0702636-file001,CdH2C8NO6,24
SAMYAJ,Eu4H72(C19O8)3,228
MABKEG,CuH12C11NO4,44
DOTYES,Ni15P4H96W30C34(N9O52)2,136
OCIMEV,Co3B20H78C82(N2O9)2,82
HAJDII,TbH16(C14O5)2,168
XULDOZ,Co5H32(C21O11)2,336
SETWUL,CoMo4H11C12N9O8,24
TAVQEN,Al2P2O8F,0
LUDVIP,ZnH8C12(IN2)2,144
FAYQUT,Zn5H64C93(N3O2)6,372
NARTUX,CaH8C10(NO3)2,120
WILRIS,Cd3(C2N)4,32
CAHLEE,Nd2Cu7H28C42I6(NO2)7,84
HIZQEN,CdH4(C2O)4,16
GIQXIO,DyP4H8Ru2(C2O7)2,8
OMIPAD,ZnH32C48N3O4,192
UJOJEK,Mn4H21C15(N2O)6,30
MURNIX,Sm2CuH6C16(NO7)2,32
XIHSAJ01,CoH6(C3O)4,144
KETHEY02,CdH7C13NO4,52
WUNVUX,CdH36(C4N)12,192
KIJPUQ,CdH11C17N3O2,68
IYESUC,InCoH24C48(NO2)4,384
OKIQEG,Cd3H15C37(NO3)6,148
OSIXEU,AgH6C4N3,32
TEJGIA01,SmH4C7(NO3)2,56
EPECEJ,Zn2H19C33O7,264
QUQHAM,Cu3H6C12(NO4)2,24
WERHIK,Al3P3O12F,0
GAFGEC,Fe2H9C19(SO7)2,304
MUHNAG,Co3H16C30(NO)8,30
UJAQEC,Co2H8C17O11,34
ILUGAY,Yb2Co3H18C42(NO4)6,84
KACZIZ,In3H26C40N8O13,480
ZAVQIY,GdH6C15NO9,120
OTUYEJ,Mn6As4H12S13N6,0
TAQGUQ,Cr2CoH40C40N4O3,80
ASUJIJ,ZnH7C12N5O4,96
MAXHEA,CeP2H4C2O7,8
MAGBIH,Zn5P4H14(C8O7)4,128
UXINAR,Zn3P4(HO3)4,0
ZOXFEZ,CdH24(C5N2)6,120
QOZWAF,Ni12P2H60W21C18(N3O17)4,72
ILITON,Zn2H24C35N3O4,280
ISISUZ,CuH8C14N2O5,56
OCUQOT,V2P2H7C3O7,24
PEDRIA,Zn4H12C24O13,192
SAKDAM,EuH3C7NO4,168
IFEHUY,MnHC4SO2,48
DUDKIY,Zn2H15C20N3O10,80
DOQGUM,LaPH3C3O8,12
JIXWUJ01,MnH2(CO2)2,24
KUTRUO,ZnCoH24C39(N2O3)3,312
ic060608urom20060410_101638,ZnP2H7(CO2)3,12
IKOVAH,KEuH6C14(SO5)2,252
KEHGIP,CuH20(C3N2)6,72
IDAGOL,MnMoH8(C7N3)2,56
ETIXIQ,ZnH22C39NO4,312
UVUDEW,Co2H13C23O10,414
TASWIV,EuC22(Cl2O)6,176
AMIWOJ,Gd2H3(C5O4)3,60
WUTKIG,Co2B15H15C6O7,12
IVOLEM,CdH12C18SO6,144
VIYSON,Zn3P2H14(C2O)14,112
UBAVUR02,Fe2H76WC60(N4O3)4,1440
FARBIL,VH8(C2O)5,40
DEPYAZ,Nd2H15C28O15,224
JUKNUA,Na2Cu12P5H26W30C36(N14O47)2,144
OTIQAL,MnH12C16(NO2)2,64
HUCBEN_manual,InH14(C7O2)4,56
CUTCAX,Mn3H38C46(N7O2)2,92
WEMYEU,Cu3H40C50(N4O3)2,200
CAJVUG_charged,InH24C32NO8,128
UZUXOE,Zn6H74C61I12N12Cl,488
MUXJAQ01,EuH3C8NO6,32
RAFMUH,ZnB(PO4)2,0
TIXCIO,CdH24(C5N2)6,120
TOHDAX,ZnH6C18Br5N4,648
FAVZEJ,AgH6(CN2)3,6
ja407778a_si_003,MgH4(C4O3)2,16
NUHRAL,TbEuH14(C5O2)6,120
TAPHOJ,ZnH24C24SN4O7,96
BUVHEH,CeH6(C2O)6,24
HAFWAO_charged,ZnH22C20(NO4)2,160
MOJJUR,Mn2NbH8(C7N6)2,56
EVOHOM,Ba2Zr(CO2)8,16
PEFSEA,CuH11C9(NO)3,72
cm071462f-file004,Zn5P6(HO6)4,0
TIRLIQ,Zn3H22C34(NO6)2,136
AXIPEE,FeH10Au2(C9N4)2,144
XACYAB,CoH20C28(SN2)4,56
NAYMOQ,Na2H6C14N2O11,28
NIHBIQ,FeH2(CO2)2,24
UMEHOL,Dy2H6C18(SO4)3,72
NETYIV01,Cu3H32C40N8Cl,160
QUDGED,ZnH6C12(NO2)2,192
GOVXIA,CoH19C23(NO3)2,184
ja411887c_si_002,Zn4H27(C3O)16,192
KAYBUJ,CaH3C7NO4,28
QADWEA,EuPH7C8NO8,32
DIMQOH,MnAg2H8(C7N3)2,28
GEZYOB,V9P17H26O57,0
ALIXAU_clean_h,Cu12H49C96(N24O23)2,96
MUVJIX,MnH3C7NClO3,56
SEFNIB_charged,ZnH18C17N4O11,68
WITKIV,Zn11P12H96C168N12O73,672
IVEQAC,TiP2C8N3O7,32
cg500091k_si_002,Co3H14C26(NO3)4,104
WOYJEB,Zn2H9C19(NO4)2,608
LUDCUK,CuH8C11O6,66
BONWIL,ZnH7C9NO5,72
HUQHEI,Zn3H56C88(NO2)6,176
KUJMIN,Cd5H12(C3O2)12,72
GOQSIQ,ZnH6(C3N2)2,240
LAZPUZ,Pr2CuH14C30(NO8)2,120
IFEROC,Tb3H48C66(O2F3)8,528
WOMFIO_charged,MnH4C4(NO)4,24
SENWAL,Zn2H3(C3O2)3,36
OXITOF,Co2H6C17O9,34
XISLUI,CoH19C28S2N3O4,224
ZIYQAB,CdH9C11(N3O2)2,44
VAXHOR01,CaC9NO6,36
BEKSAM,Ga5(P2O9)2,0
VOQXIK,Li5H27C37(NO10)2,148
LAVZUG,U3P4H6(C7O8)2,56
QOLVET,AlPO4,0
FATKAO,GdH4C7(NO3)2,56
FEJKEM,MnHgH4C9(SN2)4,36
JUJMOS,Zn4H33C45N3O13,540
INASAT,Zn2H10C21N7O8,168
KOSJIN,CoHC4O3,24
UMELAB,Sm6H20C54S9O37,216
SUTJIC,NiH33C32N4O5,128
SETWOF,CoMo4H12C12N9O7,24
ETEKEU,ErH6(C4O3)3,24
ZIDVAL,Mn3H44C64S2(N5O8)2,128
VITKUG_charged,Cu2H12C13NO9,52
COKMUM,MnHC4O3,72
QUJKOX,Na2FeC18(ClO2)6,72
ja5b02999_si_006,Na2Cd2H12C24N10Cl,96
TETZEX,Ga2P2O8F,0
RORTAV,CuH24C30(NO)6,240
VUZVER,Ni4P2C3O8,6
RUFRIV,Zn5H38C36(NO9)2,72
SUNJER,YbH6(C2O)6,24
QODHUO01,AgH12(C3N)6,288
LASWEJ,CoH9C15(NO2)2,60
NESVEO_charged,Zn3H10C24N3O13,96
ic502643m_si_007,Zn4H18C36N2O17,144
KOVJAI,UH6C12ClO6,24
PUZLAZ,InH4C12(SO4)2,48
JOJMEB,ThH4C12(NO2)4,24
ic502921j_si_002,Cu3H4C18(NO6)2,144
EWETIL,ZnH22C31N4O5,62
CUYWUP,Cu2H24(C11O4)3,132
ic5b00194_si_002,Cu3H15C36NO12,288
QADDEF,K6Zn3H270C128(N19O13)2,1024
XENKIM,CaH5C15NO6,120
ROQDIM,NaFeN18,0
JIZWIA,AlC8O5,32
OSIKIL,ZnH8C12(IN2)2,288
QOMTET,ZnH6C17S2(NO3)2,68
HUZFEO,CdH30(C3N)12,72
OJUPEQ,Zn4H71C79N5O34,632
FISXEM,CdH12C17O4,102
JOBFIQ,Cu3H17WC29(SN2)3,232
TIDLEZ,CdH8C6N6Cl,24
SEGBIR,CuH10C16(NO)4,48
POBGAQ,FeB2H40C55N6,220
DUKDOD,HoAgH14C15(NO3)2,60
IBIYUO,Cu4H16WC34S4(IN3)2,544
GEHSAN,Ca2FeH16C12(N5O)2,24
LUQGAG,CoH8(C3N)4,96
UMODEH21,CuH15C22O5,396
WUYWOE,Cd3H62(C11O3)8,176
MUKRAN,CuH9(C5O2)3,270
CIWZEP,Ni4Mo2H87(C19N8)4,304
OKIVAG_charged,CdH36C48N12(ClO4)2,192
QETSOY,ErH3(C5O4)2,40
OTAXOX,MgH2(CO2)2,48
IWAZEL,NaZn2(CO3)4,192
YIBMUT,CdH7(C5O2)3,60
EHAFUQ,Nd2U3H6(C5O4)6,30
BICDAU,Zn5H18(C2N)18,72
ALICAA,Zn4WC22(N3O)4,264
OSAWEL,CaH4(C4O3)2,16
QQQGTA03,CdH2C3O4,18
AHOZAA,Cd2H30C37(NO4)2,296
UVUWAL,Zn2H18C32S(NO2)4,256
ESEDIQ,ZnH12(C3O)8,96
UVUCEV,Co6H57C55O28,220
XICZAM,Hf3H4C12(SO6)2,144
OBEPER,TmH3C9NO8,36
NAFSOF,CuH11(C5O)4,160
EPEWEC,CoH10C11N2O5,88
ZUQBUK,FeH20(C5N)6,120
HIQWOV,Na2Cd3H24(C2O)24,384
FIFPAM,NiH9C11(NO)2,22
OLAGIR,ZnP2(HO4)2,0
KIFXOO,Ni2H33C48(N2O5)2,96
HURFUX,Zn5H37C36N12O13,144
BADYAJ,TbH15C24(NO)6,192
LUCDAO,EuH9(C3O)6,36
CODGAE,AlPO4,0
AVEVEE,Cd3H12C32(NO5)4,32
VIFBOD,Tm2H3(C5O4)3,30
UMODEH05,CuH17C22O5,396
COJMOF02,Zn2H24C43(NO4)2,344
EZEQUX,MgH8C13NO5,104
DOGZIJ,ZnH15C17(NO2)2,34
WEYQAU08,MnH3(C3O2)3,72
HABCEV,NaGdZnH10C26(NO6)2,208
REYPIW,Zn3H24C38(N3O2)4,38
IZOTUM,AgH4(C3N2)2,48
UDUMIP,Ag3H8(C3O2)6,288
QATDEU,NiH32C46(NO)6,184
FAHBIC,DyH4(CO2)4,16
IYUQEZ,Na13C141(N10O)6,564
NUNSOG,AgH20C15N4,240
NUXWAG,Mn2Mo(CN)7,28
QEZZAY,Eu3S7O29,0
QUXREI,CaH8C14SO6,56
DEBWAK,ZnH18C28(N4O3)2,168
DEBGIA,Zn2H16C20S(N2O)4,80
FORQAF,La4H14C28N4O17,112
IZENUY,Fe3H9C24N3O13,192
FAWCEN_SL,ZnH10(C2N)4,48
WAYMEQ_SL,AlH5C8O5,32
WARJAC,Ni3C8(N3O4)2,24
SEJBAL,Ni2H22C36N4O9,36
SETFUT,CdH6(C3O)4,48
FEDKAB,CdH32C32(NO2)4,64
ICAREL,Cu4H55C87N3O16,522
QOVWOO_SL,GaH5C8O5,64
PEVLEJ,PrH5C10O7,20
ZOZHON,PrCoH18C36(NO2)6,576
TIDMEA,Pr3P4(CO3)8,16
KAFTUI,Zn4H24C51(O7F9)2,102
PARKUQ_charged,CdH11C11NO6,44
OHATAT,Co3P2H18C22(NO6)2,44
YOZNAE,CuH2(C3O2)2,288
NEDJAJ,CsKMo6P4H22C10N2O23,80
CAYSOK,MnH24(C5N)8,120
acs.jchemed.6b00258_ed6b00258_si_005,Cu2H14C17(N5O2)2,68
NIMVIP,PrCuH8C14(NO4)2,56
PACWOG,ZnH18C20(NO2)2,160
VURNED02,ZnH16C14NO4,56
NOGDAP,AlPO4,0
LAVTIN,ErH3(C3O2)3,36
LIJXEI,Cd5H58C74(N2O11)2,148
DAWBOU,NiH7C9N2O5,36
HABRIN,Zn3B2H32C40(N2O)8,80
POKGEC,NiH12C18(NO)4,108
UDIHIZ_charged,Nd7H40C42(NO30)2,252
HAPBIM,Ti9Cu4P3H30C57I4N4O27,684
OYAKAC02,Dy9H82C96(N3O20)2,192
KEYYET,MnRe3C3Se4N3,24
RIVDEH,CoH16C26(SN5)2,4992
CIZLEE,Cd3H5C11N5O9,22
REHJIZ_charged,Ag2H24C25(N2O3)3,50
XOCQUD,Sm6Cu17C185I12(N7O16)2,185
RONWIA,Cu2C6N,24
OTIJAE,Mn3Cr4(CO2)24,144
FOCREW,NdH19(C17O4)2,68
CIRTUU,Cu2H13C29NO9,696
GADMAA01,Gd2Zn3H24(C4O5)6,48
SOTWOP,EuH3C9NO7,36
FEYDET,InH3C9O7,36
VOMMAN,CoH28C33(NO2)2,66
FAVKAP,Fe3C12O13,24
DEPYED,SmH7(C2O)7,224
DUWRAQ,Mg2PHC3O10,6
MIZKAI,Cd3H40C36(NO2)10,144
PUBSOV,Cu2H6(C14O3)3,336
TAZLEN,NdCd2H6(C3O2)6,144
DUDKOE,ZnH3C8NO4,192
IFENOY,ZnH12C18N2O3,72
ZOXTOX,YbZnH7C12(NO2)4,48
ROQFUA07,KFeN96,0
NEVVAM,Co3H8C14(NO5)2,28
TODVOZ,Cd2H21C34N5O8,68
DIBPIP,Ni2H24C41N10O9,82
OJOSIR,Co5H48C66N27O19,132
COMNAU,Zn4H64C59S20O21,944
CEHTEP,Ag3(CN)4,16
MUTVUT,CdH26C26N4O5,104
APEBED,ZnH2C6SO4,48
YITHOA,Ce2H8C8SO16,16
TAKTOR,FeH4C8O5,64
QONQEQ_manual,AlH5C8O5,32
UVOBUE,CeMo2H3C7NO8,28
j.inoche.2015.06.036_inc06102-mmc3,PrHC12N5O6,96
RAGYAB,BaGe2H7C8O15,32
XOSPUQ,Zn5(PO4)4,0
WUHHUC,ErH24C42(NO)6,252
WECBEN,Zn(CO2)3,24
XAFNOH,Gd2CuC28(NO4)4,56
JALCAD,Al3H9C24N3O13,192
ADEGIA,GdH6(C2O)6,24
KOZNIY,Zn2H7C13O8,52
WELTOX,Cu6H26C30Br9(N23O)2,60
HIYLUY,KHoC8(NO4)2,160
VIRPOC,Ni3H6C6N9O,48
HUZYEI,Zn2H51C61N3O11,488
YAVTUN,Nd2H12C28N4O13,56
OSAVEK,CaH4(C2O)4,32
HUZSOL,Na2Zn3H44C60N2O15,240
RORLIV,CdC4N6Cl,16
XIQHIO,Fe(PO4)2,0
AHAMAY,Zn5P4H9(CO3)8,16
PETWOC,U3H12(C3O2)8,48
YOTROQ,Fe3Co3H130C84(N3O13)2,336
XATZUQ,Zn3H36C64(NO)8,256
REDROI,Zn5H16(C3O2)8,48
POXHIU,HoAgH8C14(NO4)2,56
VULKIX,Mn2H4C20(S2O3)3,40
FAVGAN,NdH11C13O8,104
YARZEZ01,CdC6N11,24
UPIBOM,TbH3(C3O2)3,36
ALEJEI,CuH6C11N2O5,528
MEJZIM,Ce3P3H45C37N3O23,74
c4dt02048k_c4dt02048k2,EuH30C44(N5O4)2,176
ja204757x_si_003,ZnH10(C2N)4,48
KAXQIL,CaH8C14SO6,56
VUKSIF,Zn3H8(C8O7)3,48
FOVPEN,AgH20C20(N2O)2,480
FOKGET,Co2WC9(N4O)2,36
LUYSOP,CoH10C14NO4,84
BOHXIH,Zr3H10(C3O5)4,96
UXEDEH,ErH4(CO2)4,8
VEGMOK02_charged,Zn3H40C40(NO8)2,80
VEJZEQ,CoH10(C7N2)2,252
DUNXUH21,ZnH3C8SO7,32
CUMQOQ,Zn3H24C30S2(N3O4)2,30
IYAJUP,KCdH8(C2O)8,192
FASJAL,Ca2Zr(CO2)8,32
OBUREL,CuH11C16NO6,288
XILDUT,Na2Zn2H2C26Cl12O13,52
ASOYOY,CdH16C22(N3O)2,352
OJAZOP,Nd2Ge3(C3O4)3,576
SOHNAF,ZnH8C12(IN2)2,288
WANHIF,CuH3C13O4,234
OQETEK,YbH7(C5O2)3,60
KOVGOT,Zn8Mo24H30(C6O7)9,108
YAPSAL_charged,SrH75C48BrO43,144
CIYZUG,CuH28C28Br(N2O)4,56
EBAMUS,CuH2C6(O2F)2,288
YUNJUO,CaH20(C17O4)2,34
UZAROE,CoH4C6(N3O2)2,288
EZUCIM,ZnH12C15(NO)4,60
UZOBER,AgH8(CN)6,24
FAGXOD,ZnH11(C7O2)3,168
UKULOB01,FeAg2H4(C4N3)2,32
LAVZOA,U5P8H20(C7O8)4,56
NUGRIR,Cu6H24WC32S4(BrN6)4,192
LENKIA,CuHC4O3,24
KIFWUT,Co3H36C52S(N4O7)2,104
HEBNOT,U2ZnP4H9(C2O7)2,16
BASSOF,DyAgH8C18(NO2)4,144
EXAXAE,Cu2H3C7INO4,56
ZNGLUD,ZnH7C5NO4,20
RUHFEH,LaCu3(CO2)9,36
IYOTAT,TbH12C24(NO2)3,192
MEQHUL01,CdMo6P4O25,0
HOZFEJ,LiH17C24(NO)6,96
TESGOO,ZnH2(CO2)2,24
KACZEV,In3H24C40N6O13,480
CODFUX,MgPO4,0
LOXBEH,Cd3H36C48(N5O7)2,576
IKETUO,TbH2C7(NO3)2,14
INEBOT01,Ni7H104C132(N10O9)2,264
HUMWIX,Mn6Cu6B8H288C264(ClO16)3,264
AHOKOX,Cu2P2C5O6,10
LEPLEZ02,Sm2H6(C3O4)3,36
GACBOE,Cd2H9C23O10,184
WOYJOL,Cu2H9C19(NO4)2,608
FOXPUE,CuH24(C3N)8,72
MAYKOO,Cu3H34C48(NO6)2,192
FAGMOS,AgH36C30(SN)4,240
DIBQEM,Co3H20(C3O)12,216
EPEYAB,CuH9C16NO5,288
VABMER,AgH24(C4N)4,64
FORTIR,Zn7Cd2H134C140(N5O13)2,280
XAPCOJ06,VH4C8O5,64
XIVVEF,FeH4C20NO4,160
UGOSOY_charged,CuH16C24N8ClO6,96
HOZBUV,CdH8C8N5O3,32
DOMGET,Na4Dy2Zn2H48C97(N3O7)3,194
XINXAV,ZnH11C5N3,80
VANXUD03,CoPO4,0
ja408959g_si_003,Zr18H132C360O97F180,360
DURDIF,Zn2H12C22O9,44
SONTUL_neutral_b,CuH2(C3O2)2,72
XANLAA,CoH12C20(SN4)2,160
TAZLUD,Gd2Cd3H12(C3O2)12,144
ILUJEF,Sm2Co3H18C42(NO4)6,84
ZETMES,TbCd2H6C10(N2O5)2,40
KUZZAI,Zn2H30C49N9O8,98
POBMOJ01,Yb4H32C64N8O17,192
PEVZAT,CoH10C12N2O3F,24
AQMAND,Nd2(C3O4)3,36
KOMJIH,HoCdH12(C4O5)3,384
POQXAV_charged,NiH8C10SN2O7,120
RAVVUH,MgH3C7O3,42
NAVCAO,Fe4(PO4)7,0
MUGXIX,TbH15C27O7,108
ROQFUA06,KFeN18,0
UGELIB,Ga2P2O8F,0
YOCCIE,Zn2H8C15O7,240
NEDMEP,Zn3P4(HO3)4,0
UJOJIO07,Mn4H21C15(N2O)6,30
TASWER,GdC22(Cl2O)6,176
QUQFOY,CdH4(C5O2)2,120
YABHIV,Ni5H22C32O21,768
YOJMAN,K4Na2Co11P4H30W36C28(N21O55)2,56
KEFBOO,ZnH3C9O4,54
BIYTAG,Ce2H9C21(NO4)3,84
OFAPIW,CoH13C29(N3O2)2,116
CUWTUL,EuH8C16N5O6,32
KABXIW,Pr2H9C24(NO6)3,48
QIYBUX,Si2AgH32(C13N2)2,208
FIYDOH,V2CoH12C15N3O4,60
HIFTUM,Fe2Ni3H52(C10N7)3,60
FIGXEY,DyH3(CO2)3,3
WOYJAX,Zn2H9C19(NO4)2,608
acs.inorgchem.6b00433_ic6b00433_si_002,CuH24(C3N)12,72
RAXYOF,MnH10(C6N5)2,48
QETQIP,Rh6C154N24O25,616
RESWUI02,ErH6(C2O)6,24
IGORUS,ZnH12C34(NO4)2,68
ABETIN,CuH18(C13N2)2,416
MOBBOU,ThC12(ClO2)4,24
RESZIA,CdH15C26(NO3)3,208
YOYSUB,AgH2(CN2)2,8
SUNHIT,SmH8(C2O)8,32
ic102347b_si_001,CuH12C18N2O5,72
DAKHUU,K2Cu3H14C24(NO9)2,48
YANBAR01,CoH2(CO2)2,24
YOCNAH,CuH9C11O6,66
WEDWUZ,SmCu3H12C18Br3(NO2)3,72
AVESAW,Cd3H10C10N15Cl,40
YAVWAW,HoH7C14(NO3)2,56
REHHUJ,Cd3H20C36(NO7)2,288
UDEPIE,H4PbC10N3O4,80
BIPKIW,Cu3Si2H48(C13O2)6,312
IBARUA,Er2Cu3H30C24(NO4)6,48
UFUNIS,CuH8C12(NO2)2,48
YARYIZ,CdH3C2N3,16
ECOROD,Co3H16(C9O7)2,18
HEFDON,BaCd3H32C52N4ClO12,104
POKSEP,Y2CuH8C24(NO2)8,48
PEQTUB,Bi3(CO2)8,32
DONXOV,ZnH6C8SN4O7,32
LEYRAK,CeH3C7NO4,112
OQUFUD,Zr3H22C46(O7F12)2,184
RAXROX_charged,Cu2BH7C6N9ClO2,24
ARAFIJ,CuH8(C5N3)2,40
ENAFAB,Ni3P2H42W18C39(N3O25)2,312
MUSCAG,Zn3H24C16(NO2)4,128
IVIKAA,CdH8C16(NO)2,128
EQOXIT,ZnH7C12N2O3,144
TADYII,Ni2H60W(C8N5)4,64
EGOZAB,Cu2H12C18(NO2)3,108
OCUVUF,K2Dy2As2H8W21C12(NO31)2,96
TADCOS,Zn(PO4)2,0
ZAYJOA_charged,Ce2H14W12C10(N2O17)3,40
OQIZUL,CuH2(C3O2)2,288
ZOYKEF,MnH4C8O5,32
DUKNII,Ni2H40C53(N2O7)2,424
QOVSOL,CdH18C27(N3O2)2,108
XENMOU_SL,Zn5H26(C21O10)2,42
EHUSUX,CuH19(C11O2)2,396
OCEGOV,SiNiH16C16(N2F3)2,16
NUZCIV,Co2H6C8S4N13O4,144
XEHFUL01,YC2O5,8
ja202303b_si_002,Si3H48C69N16,552
VAHSIH,Al4P4O16F,0
WAXJAJ01,SrCo(CN)6,24
MUFJED,ErHC6(NO3)2,24
YIWZOV,ZnH20(C11N4)2,352
BEXSEE,Co3H16C30(NO7)2,60
HEWFUL_ion_b,KCuPH10C6(NO3)2,36
ACUJOZ_manual,CrCu3H16(C12O5)3,648
IBABOF01,Co2H20C30S2N5O12,120
WOPSAX02,FeHC4O3,72
KOLWEO,NiH24C30(NO3)2,180
MAGVOG25,AgH8(CN)2,8
USEVOF,Cu3H6C14I(NO4)2,112
GUPCEA,CdH29(C4N)4,768
LEVLEF,MgH5C11O5,528
QUGBUQ,Ag2H15C19N7O4,76
LAFRAN01,CoH16C26(SN5)2,4992
TIQGUW,Na6EuH24C40S8N8ClO36,40
GUKFEY,Cd2H40C50(SN2)5,200
KUJNOT,Zn5H32C52(N9O4)2,416
UJOJIO03,Mn4H21C15(N2O)6,30
NIKDIU,EuH38C22(NO2)4,44
POKSOZ,Tb2CuH8C24(NO2)8,48
IYOVOI,NdH4C12(SO4)2,48
WOBHOL,ZnHC4O3,24
OPIFUQ,Sr4H8C40S8O17,960
ABEYAJ,SmH2C7(NO3)2,56
SAPHOI,Ba4H68C98S14O59,392
QUPZIK,Er2CuC28(NO4)4,56
PARNIH,Cu2H15(C14O5)2,112
NUHNUA,CoH40(C4N)8,256
OPURIB,CeH9C17O8,34
KUCDES,LiBH20(C2N)8,384
HUYXUV,Co2H31C39(N4O3)2,156
SOJGOO,Ce3H53C97(N4O9)2,194
ECIWOC,Zn2H25C36N3O7,144
FUWFIO,Cd3H20C30N25O,120
TUBWEU,Sn3H144C76(N2O5)2,456
HOVQUG,Cu5H20C40(NO2)12,320
TAVSER,YP6H8(C3O5)4,48
XAFFUH,CuH12C20NO4,320
DUVNIS01_charged,Co5H34C44(NO14)2,352
JETNOL,LaCr(CN)6,12
XODPUD,Zn3Cr3H48C84N6O31,168
WULJUJ,CuH2(C3O2)2,288
WODROY,Cu2H8C11N4O7,44
HEKTUO,Cd3H14(C5O2)6,60
RIYBAE,ZnH8C12(IN2)2,288
MAGVOG11,AgH8(CN)2,32
ja406030p_si_004,Zn6Cr3H48C84N6O37,168
PULMIU,Zn3H18C34S3N2O21,136
CAHNEF,Ag3P2H12C8S6(OF)4,32
TOBKEC,DyH7(C7O3)2,56
NICJUG,BaCuH4(CO)10,60
WIJDAV,Zn3H14C14(N2O3)3,56
OSOTIB,CuH5C11(NO2)2,198
KEYFUR,CuH7C9NO3,162
MIFTEC,Sm2CoH24C48(NO2)8,384
FIJDIM03,MnH4(C2O)4,48
BIBMEG,Zn3Mo8H30C70S(N11O14)2,140
WENLAE_manual,Dy2H30C45(SO8)3,90
ja406030p_si_008_manual,Zn6Cr3H54C84N6O43,168
ic502921j_si_003,Cu3H4C18N2O13,144
XUJPIC,Ni3H12(C18O13)2,72
GUXZUV,UP3H9(CO)9,18
cg900349c_si_002,Zn3H9C6SN12,24
TEWFUY,CuH18C30(NO2)4,120
JOCWIJ,Cu3H13C12N9O7,96
IQUCOO,MgH8(C9O4)2,72
CAGXIU,BaH8C14SO6,56
RUBLUX,Zr3H33C42NO17,336
SOJDEB,Cr(C8N5)2,64
LEQCAN,Cu2H22C37O8,296
RUTBUE,Na2Sn2Te3H14(C4O3)2,16
WAVRES,In2Co2H19(C4O)9,648
FIJFIO,CoH22C22O5,88
WOCWAN,CuH11C11NO4,44
XOQXIL,Zn4Si3H54(C39O7)2,156
NIVNOW,Cu3H8W2(C6N5)4,48
VUQKUO,CdPH20C16N7(ClO)2,128
REZJIR03,MnH3(CO2)3,24
BURJOO,CoH13C21N7O4,84
OGIKAR,Cu3H29C53N7O12,424
IYITOB,Zn3H24C36(Br2N3)4,288
GELVEZ02,MnH4C7O5,21
c6ce00407e_c6ce00407e7,CuH12(C13O2)2,624
CIWREG,ZnH8C12(IN2)2,288
FEWWIP,Fe2H51C80S7(N6Cl)5,320
ZOZKAC,MnH4(C2O)4,64
AVUPIR_SL,ZrP3H20C9(NO3)3,18
IQIPAZ,Mn2H7C16NO10,64
PASKAX,CdH20C26(N2O3)2,52
ULEPIM,ZnH24C34(NO3)2,204
UVAROZ,ZnH20C28(NO2)2,56
TAKYEL,Eu2Co3H18C42(NO4)6,84
BALMUW,Ba(CO2)2,8
ZEDLOL,CdH20C27(N2O3)2,108
OWIYUP,Cu6H64C121(NO14)2,968
LUDVAH,Zn2H16C24I5N8,144
HEDBID,Nd2U3H6(C5O4)6,30
YEGDAR,Mn3H61C64(N2O3)4,128
AWAKEQ,CdH29C36N5O4,144
WIYMOG_charged,TbH24C31N5O14,124
cg301725z_si_002,MnH3(C3O2)3,72
IFUNUU,TbH7C15O7F,60
ATOGEV,Zn3P4(HO3)4,0
KOMHOL,Sm2Cd3H48(C6O5)6,72
MURCOR,Ho2Cu3H24(C4O5)6,48
YELYOE,Cd5H4C20(NO2)8,80
MOXPAR,CuH72C25(N2O13)2,100
MAGBON,Zn3P2H6(C8O7)2,128
LEDPIU,CuH16C16(NO)4,96
NOHQEI,In2H32C79N9O20,1422
RAHPAT,Cu3H33C54NO12,1728
ZOQTIK,Zn6H25C37I12(N4Cl)3,296
YUZRAO,Co3H35C49(NO3)4,98
OLANEW,Cd7Co2H38C92(N3O10)4,184
HEKTAU,CdH14C22N3O2,88
XUKNIC,Zn4H14C30O13,120
TAJVAE,ScH8(C7O3)2,224
DUNXUH14,ZnH3C8SO7,32
HIZQUD,CdH4(C2O)4,48
GIRFUJ,CeH3C8NO6,32
IDAHAY,MnMoH20(C17N4)2,68
LASDEQ,Cu2H8C17O10,408
ZARTAP03,FeH9(CN)12,24
KAVTEI,Cd3H40C50(NO3)4,200
FURREQ,AgH8C11N2O,198
SETDUS,CuH10(C4N3)2,32
OFUFUR,SiNi2H48W18C52N24(O5F)8,104
ja406844r_si_002,Zr3H28C48(NO3)4,192
LAPLOG01,InH20C24(NO2)4,384
FURROA,AgH8C11N2O,198
ZAVPIX,CeH6C15NO9,60
ELIKIU,SmH7C15O7,30
ETEQUQ,Mn3Mo12(P4O25)2,0
SALXEL,Zr3(C6O7)2,144
PEFJUF,Al5(PO4)6,0
OCEGIP,FeSiH16C16(N2F3)2,16
QUPHIT,Co2H32C41(N2O7)2,82
DUNXUH02,ZnH3C8SO7,32
QOPPOC,Cu3H8C16(N3O)4,64
EZIPEK,Eu3C24(N3O4)4,192
RIYDEJ,NaH8C12(NO3)2,48
cg5010616_si_007,FeSi2H8(C2N)8,48
TADYEE,Ni2MoH60C32(N5O)4,64
CECVAI,Cu3H15C22(NO)6,176
EBUREA,Mn3H14C30N4O13,60
XIFLOP,CdC8(NO2)2,64
RIRDED,CoH5C10N5(ClO)2,240
RURQEB,Zn5H12C28N18(OF)8,28
DOTFID,CuH28C36(NO2)4,432
MIMSOS,ZnH12C15(NO2)2,240
GOBTAT,Co3H42C48(NO6)2,192
CUFFEP,In(C3O2)4,144
acs.cgd.6b00163_UKEBOD1448508,CdH32C58N6(ClO8)2,232
UZAMUE,EuZnH5C13(NO4)2,52
ZAVQUK,DyH6C15NO9,120
LECFUW_charged,Cu6H28C44N14O25,132
UZOBES,CeH16(C5O)6,60
PAMHIW,CuH10C14(NO2)2,168
HOBGIP,NiH9C9N3O4,36
QUXROS,CaH8C14SO6,56
HAHCUR,NiH10C17N3O4,136
FAPXIG,VH3C8O5,64
TEQVAO_manual,MgZnH12(C9O4)2,144
PEJFIU,Ga2P2CO10,8
BUCSAU,Fe4Co3H50(C31O9)2,124
UKOZOL,Ca3H72C74(NO10)2,148
HEFFAB_charged,Mn4Cd3H57C98N7(ClO14)2,196
HAZNON,Cd2H14C24Br4N4O9,48
YUHHIU,CaH4(C4O3)2,32
YUKWUY,NdZnH6C15(NO5)2,30
ORAQUU,Zn4B60H57(C9O7)2,72
ORAJAT,KErRe4C12(SN3)4,96
MAZSOX,Zn5H16C28(N3O4)2,56
XUWTAK,MnGa(PO4)2,0
QUJJUC,NaC9(BrO2)3,144
VUQKAU,MnH8(C7O2)2,84
FALQOA,Nd2Cu3H54C36(NO4)6,36
HAWREE,Mn5H26C32(NO)12,64
CEJBEA,Dy3H40C68N7O19,136
NEPWIQ,ErH2C5O6,20
PETXAP,U3(C33O8)2,528
VEJZIU,ZnH8(C2N)4,256
EZOFOP,Ni2H28C40N3O8,480
PUTYEI,Ag(C2N)6,48
LETPUX01,Zn9Ga2P14H14(O21F)2,0
WOHSIV,NaCu2H27C38N6O5,152
YOZBEW,AgH25C13N4,104
XUFWEB,Cu4H12C79O20,158
REFJET,KInH3(C5O4)3,60
SOPLAM,Zn2H25C39(NO3)3,78
BUWLUC,Pr2H11C14(NO6)2,56
ZEFVIR,Pr2Co3H16C40(NO3)8,80
VOZVIR01,ZnH8C12(IN2)2,288
RETBEZ,Zn3H30C46(NO2)6,184
SOCPOQ_charged,CdH36C48N12(ClO6)3,192
TISHAF,Fe2H20(C4O)9,216
LOZSAW01,KCo(CN)6,18
AJUNOK,CdH14C24S(NO)4,192
XEJTIR,AlCuH16C28(NO)4,112
PAPXUB,CdH22C28S2(N3O)2,56
IGOYIN,Na2Co3P4H16W6C8N2O35,16
SOPPOD,KTb(CO2)4,8
IQOHUT,CoH20C30N3O4,60
APAYOH,TbH11(C7O2)3,168
TAJWAF02,ScH8(C7O3)2,224
HUVHOX,Zn2P2H8C9N5O11,36
cg050585esi20051105_115011,CuH16C15NO4,60
JIVFUQ,ZnP2H6(C3O4)2,12
YOQLAT,Ba3Fe2(C6O13)2,48
ITIWEO,CdH36(C4N)12,192
VEYVEC,CoH5C11NO6,88
LIXMIQ,Gd2H22C42O17,84
WUTBEU,ZrH4C14(N2O3)2,28
FATKOC,EuH4C7(NO3)2,56
IWOTAQ,NiH9C8(N2F)2,16
NAZZEV,SmH9C18(NO2)3,144
YAMYUJ,Zn4H13C79O13,632
UXIQOJ,NiH3C8O5,64
RAFNUH,AgH16(C7N)4,224
CETFUD,PrH18(C2O)6,24
MAXJIG,TbP2H5C2O7,8
ETEKAQ,GdH6(C4O3)3,24
WILHIK,Zn3H24C30(NO6)2,60
QUTTII,Co5H6(C10O9)2,40
GIZXET,ZnH16(C4O)8,256
HOWSAP,Cu3H20C28(NO7)2,112
UMOYOM,CuH10C26O5,468
WILDUR,Ag2H10(C3N2)5,60
HABCIZ,NaSmZnH10C26(NO4)2,208
SOJKOT03,CoH3(CO2)3,12
XOPKOD,AgH8C20(SN)4,40
BAZJET,Mn3H18C36N24O,72
CEHWOD,NiH3C5N2ClO2,20
XANMUX01,CuH12C14BrN6,56
EFOTEZ,MnRe3C3Se4N3,24
LAZPIN,La2CuH14C30(NO8)2,120
GECRAI_charged,V2P2H12C4NO10,16
VIRXIF,Zn3P4H12C10(N2O7)2,30
QUFGED,MgAl7(PO4)8,0
UMOYOM12,CuH10C22O5,396
FAFJIH_SL,Zn3B2H32C40(N2O)8,80
ULEHEA,SmH3(C5O4)2,40
XEHSOT,MgH2(CO2)2,24
IZISEQ,Si4NiH48(C8N)4,256
XISPEW01,FeH8Pt(C3N)6,36
MUBZOA_auto,Zr3H35(C9O2)8,144
FOQTEL,CdH16(CN)12,48
EVAKOB_charged,Cu3H72C72(N13O3)2,144
BAHGUN,CuH8C12(NO2)2,24
NEGZUW,V5Zn3H6C6N9O10,48
XALDAS,Zn4H24C42O13,168
ZESFUY,ZnSiH16C20(N2F3)2,20
AHOKIR,CuPC2O3,8
CEKROB,Mn2FeH36C44N10(ClO)4,132
GURZID01,CdCuH4(C3O4)2,24
LEYYET,Al3P3HO13,0
ADODUU,Tb2H40C52O19,52
TAJVIM,ScH8(C7O3)2,224
AQIQIC,Mn2H5C15NO11,120
RAVWOC,MgH17(C7O)3,126
IZIKEJ,KFe(CN)6,36
VOYWUB_clean_h,ErH3(C3O2)3,36
KEDNOY,AlAgH18C18(NO2)3,72
MURTUO,LuH6(CO)6,24
AGOFEJ,Cu3H44C50(NO)8,400
HUYKUH,NiH14C20(NO4)2,240
SEHLEY,EuZn6H16C40N12(ClO8)2,320
MAPLEX,EuH9C21NO8,168
ROQFUA,KFeN18,0
PUYZUF,CdH6(C3S)3,18
SEFTOO,ZnH14(C2N)4,96
LARNEA,Cd3H8(C6O5)4,24
ic402058f_si_005,CdH10(C3O)6,216
POKVOC,Dy2CuH12C24(N4O9)2,48
XILLEL,ZnH16(C5N2)4,960
FIGQUJ,Cu2H21C21(NO3)3,42
MIVPIR,YbH3C8NO6,32
MIFGEP,CdH15(C9O2)3,108
VIGNOQ,NaAg7H20(C6N5)5,60
TADCAE,Zn2H5C14(NO4)2,112
POFSIN,CdC4,32
HIWMAD,Zn3P6H5O19,0
RIGPEE,CuH14(C5N)4,80
UMOYOM15,CuH10(C5O)5,450
OVUNIE,MnH4C12N5ClO2,216
QUQPIC,CdH14(C4N)6,48
YASVUM,ZnH6C11N3O5,44
WEYQAU03,MnH3(C3O2)3,72
FEFDAX,ZnH10C17N3O4,68
ZIJVOF01,CuH6C6(NO)2,48
CUNXIS,Al3P3O13,0
VALSIM,CdH20C13N4O5,26
DEYJIC,V2NiH10C12N2O5,24
HAWVIM,EuH4C12(SO4)2,48
EYOCOM,Er2H9(C5O2)6,240
SURKUN,Zr3H16(C3O4)8,192
OQUGUE,Zr3H22C43(O2F3)8,172
ULUQAV,GdH7C15O7,60
UMELEF,Eu4H12C36S6O25,72
IWEWEO,Zn5H24C36I11N12,288
ZETQIA,Nd2H15C12(NO4)3,96
ROGSAI,Ni2H8C11NO7,44
LUSHOX,MnH4(C2O)4,64
YOZJEE,FeAg2H8(C2N)8,144
WIFGUP,Cd5H54(C2N3)12,48
GUPREQ,Cu3H28C34(N3O8)2,136
NEVVEQ,CoH3C6SNO2,24
KIDDOS,Zn6H42C48S6N8O27,96
FURSES,Cu2H4C9N4O5,18
XICNOO02,Zr3H4C12(SO6)2,144
AVETAY,Zn3H20(C2O)24,192
VAZMOA,YbH2(CO)7,28
XEGKOL,GdH11C27N7O19,108
cm503311x_alf450K,AlC8O4F,32
OLANAS,Na2Zn8Co2H36C92N12O43,184
cg500033b_si_002,ZnH13C20N2O5,160
XISDOU,GdH27C31S2O7,248
KUTHOY,H14Pb(C3O)6,144
BUKMUQ01,ZnH3C7NO4,28
HOGJUK,Mn2Cr3(CO2)18,72
HAKWUM,GaPH2CO3F,2
cg501332u_si_002,CoCu4B2H45C51(N9O8)2,102
VAGMAT,ZnH12C20NO4,80
SUVZOA,V10Zn5H48C48(N9O5)4,96
WANBOE,Na2Pr4P5H9W30C16(NO49)2,32
ZALGEB,NaEuAlMo6H7C8NO20,16
SEYFEI,LuPH7C5NO7,20
XINFUW,ZnH4(C2O)4,64
GORQAF,CdN4,0
XUQSIN,Mn3W2(CN)16,128
AZIXUD,Zn2H8C17O10,68
VEMDAT,Zn3P2H32C42S2N6O13,168
FAFGAU,Nd2H18(C5O4)3,30
TIXMET,Zn5P6(HO5)4,0
c5dt03091a_c5dt03091a2,Er4H37C57N3O16,456
RUYQIN,LaH12C21NO6,189
RIWNAO,NaCd3H58(C34O13)2,544
HAPVAX,CeU2(C6O7)2,48
IYAJID,NaCdH8(C2O)8,192
YASPEP,ZnH20C22(NO2)2,88
JODGEP,Er2CuH2C12(NO3)4,48
IJEVIE,Cd11H32(C2O)48,96
YAJXUF,UZnH12C24(NO2)4,192
AWIBEO,Cu17H144C168(BrN30)2,672
RUDQEN,Ag6H3C12N2(O2F5)3,48
EMANAH,CdIn2(CO2)12,36
LUWNAU,GdH15C25O6,200
COWMIL,HoH9(C3O2)3,36
ATEZAC,Er3H44(C5O)16,320
QIVYUR,ZnH14C18(NO2)2,72
QUQZOS,NaH9(CN)12,48
YIKLUZ_SL_part,ZnPH4C3O5,24
KEQDER,Zn2H14C33O8,132
LITHUR,Cu4WC4(SeN)4,32
KUHZET,MnH36C43S(N2O3)2,344
HOXSAQ,KTbC8(NO4)2,32
IFENOY03_SL,ZnH12C18N2O3,144
SUGSEU,Zn16H195(C102O25)2,816
SARHEA,FeHC4O3,24
FUBDIQ,ZnH8C12(IN2)2,288
COQTEJ,MgH5C15NO6,120
LODTAB,CdH6C14(NO)4,112
YIBMON,ZnH7C16O7,64
SABVOH01,AlH5C8O5,32
FALQEQ,La2Cu3H54C36(NO4)6,36
RUGGIL,SmH3(CO2)3,6
NEJSEC,CuH8C13NO4,104
LASQON,NiH12C18(NO)4,54
BEXVAD01,Co2H12C18O11,72
PIBPIA,CdH8C16(NO2)2,192
ZARLIP,Zn5H45C99O20,198
RONCIG,Gd2Cu3(C4O5)6,48
PUKVAU,Cu3H32C35S6(N3O2)2,70
AXINIF,Co3H30C54O13,216
WIDZOA,CdH18C18(NO)4,72
YAFJEX,CuH11C12(NO2)2,216
KOZQEX,Cu3H20C42(NO6)2,252
SOJKAF,Cd3H34C46(N2O3)4,184
PEWDAY,ZnH30C18NO4,72
NEYJIM,Cu10Mo12PH48C48N24(ClO17)2,48
HEMVEB,CoPO4,0
UBACOR,ZnH7C13NO4,104
MAGVOG02,AgH8(CN)2,8
MIXBEC,CuH6C13N3O4,416
MODMOH_charged,Cd5H8(C13N6)2,52
MUNPAN,Zn2H24C49(NO4)3,98
CUFDUD,InH4(C3O2)4,216
DAFHEZ,Co3H16(C2O)16,128
EZEQEH,MgH8C13NO5,104
FUHJOJ,Co2H32C31(N4O3)3,124
ECIYEU,Al3P3HO13,0
UZUNAF,CuH11C11(NO2)2,44
TOJLOT,CuH16(C3N)8,144
RORRIB,UH6(C3O2)2,18
JAKBOP01,Mn(C2N3)3,24
JUTCOS,Cu9H40C84(N7O33)2,336
HAVZIP,CoH12C16N3O2,64
BETFOX,CeH14C19NO8,152
WIZMAV02_auto,Zr3H26(C21O8)2,336
ETEMIB,Co2H10C15N3O7,60
SONVAT_neutral_b,CuH2(C3O2)2,72
XOVYIR,Mn5H14C28(N2O11)2,56
WEMDOJ,Sm(CO2)4,16
GOJFAN_charged,U5H12(C12O23)2,96
XUNSAC,LiH4C6NO2,48
NIHBEM01,FeH2(CO2)2,24
HUCXIO,DyH12C21(NO2)3,84
BAWROI,Zn5H26C45(N5O4)3,360
XUBJAF03,Eu2H8C9O14,18
ZADROO,Cu4H40C64N16ClO16,128
IYEXOZ,Na3Co4Mo12(P4O25)2,0
ja206917z_si_001,MnCr2(CO2)12,72
KITWER,KDy2H8C24O23,96
QEBGEL,CoH16C30(NO2)3,120
UMEXUF01,Zn5H6(C10O9)2,40
BIQVII,Ce2H14C48O25,96
GURZID,CdCuH4(C3O4)2,24
VEDGAO,Co2H18C24N4O9,96
BEFLAB01,AlPO4,0
IBICAZ,ZnH15C11N2ClO2,66
NUVXOT,Zn3H6C12N6O7,96
BAQWEY,Ag2H5C7N4,70
SURHEU02,Zr3H16(C3O4)8,192
YARSAN,ZnH11C18(NO2)2,144
CEZMUR_charged,NaU2H6(C6O7)3,36
BIPLIX,Zn5Co2H44C84(N6O13)2,168
FUYZAB_ion_b,Mn3Mo12P8H32C8(N4O33)2,32
MALSAW,FeH3C7O3,42
FUVDEH11,ZnH16C22(NO2)2,176
QIRYAS,Co3H7C14(NO5)2,28
EQOCES,CoH6(C3N2)2,24
FISGOF,CuH7C15O4,90
UKUCAF,CoH26C25S2(NO)4,100
KEDJAG10,Cu(CO2)3,24
KEGYAX,AgH3(CO)4,24
KEBDIG_charged,Co2H39C63N12ClO6,126
ROQDIM06,NaFeN96,0
LITCIC,Ni2H24C34O13,68
FEZQEI,CeH52C44(N3O7)2,132
WIVVII,Cu2H15C20NO6,160
RUWZOA,Ni2H76C57(NO)12,228
GIRYOX,Zn3H28C40(N3O7)2,80
KUFVAK,MnH3(C2O)4,64
EBIMIN_charged,Mn3H32C38(NO8)2,152
YUCZOM,FeH9C11(NO)2,22
ja506357n_si_002,CuH12C18(N3O2)2,72
VEDGIW,Co2H18C24N4O9,96
PEFSUQ,Cu2H16C23(NO)6,69
CEYPUT,CoH8C12(NO2)2,24
SODXUG,Co5H36C60(N2O9)2,240
ja205976v_si_006,FeHC4O3,24
YAZYEF,LaH6(C4O3)3,48
QOFDIA06,AgH12(C3N)6,288
HEYBIX,NbZn3P4(O8F)2,0
NOJMOP,Cu6H30C34N11,136
IDEYOF,NiH16(C5N)4,80
AWASOI,PrCu4H12C18I4(NO2)3,216
QADWUQ,DyPH7C8NO8,32
MODDEP,DyH12(C5O3)3,60
FORKUU,ZnSiH24C48N8(O4F3)2,48
VOPHUF,CoH18C22(N2O3)2,88
FEWQOP,Gd2CuH4C10N4O9,30
NIMQEH,Cu2H14C21NO10,252
EVUDAA,Cd2H16C29O8,116
KAPGEP,Ag3H32C28(NO)4,112
ja809985t_si_002,Zn12H72C130S8O39,780
EVIMUT,NaPH9C4SNCl,32
EHAGIF,Gd2U3H6(C5O4)6,30
YEMLOS,FeP2H12C6(NO3)2,12
EJULUS,CoH5C6(N2O)2,96
MOCJAQ,HoPHCO5,2
LOQSEQ,Pr4H168C183(N2O5)12,366
COXQUB,CdH8C10S(NO2)2,40
VECZAG,Ag2H3C2SN4,16
JAVNIE,Cu3H16C24(N10Cl)2,48
UMOYOM01,CuH10C26O5,468
CEYWOU,TbH14C25(NO3)2,50
HETZOW,V8ZnH16C20(N2O7)2,80
TEVHEJ,Ni4H20C48N4O21,576
AHOKIR01,CuPH4C2O3,4
PACGIM,Th2H36C63(NO6)3,378
GUJREK,Cu2H16C24S(N3O2)2,192
QALWUV,FeSn2H18(C2N)6,96
NUFCAU,ZnH2(C2O)3,96
LULVOF,Co3H40C68(NO3)4,272
ja5b02777_si_007,Li2Zr(CO2)8,16
ZAGHAT,ScH6(CO)4,12
ONODOM,NiH12(C10O3)2,120
EMOSOO,Zn5(PO4)4,0
HIFTOG,Zn4H12C24O13,96
ZEDROR,Zn2H24C27(NO2)4,108
LUCKAX,CdH10C11NO5,44
PAQMOL,Mn4Mo6P5H10C2N3O26,16
FIFGEI,In3H24C42O13,84
QOBGEV,ZnH2(C5O4)2,160
MEJZOS,Pr3P3H45C37N3O23,74
EZOFEF,NiH9C8NO4,96
ADASIJ,CuH6C11O5,264
EHAGOL,Tb2U3H6(C5O4)6,30
IBAQEJ,Zn2H28C64N7(O2F5)2,128
ja500618z_si_005,MnH3(CO2)3,12
ja406030p_si_002_manual,Zn6Cr3H42C84Br6N6O37,168
COTXIU,CdH36(C4N)12,192
WOWGUK,Zn2P2H9C3NO8,12
SIZJUH,Na4Mo5H6C5NO22,40
EXOTUH_SL,CdH20C34(N3O4)2,102
NIWZIE15,MgH3(CO2)3,6
IXAZEO,KLa(CO2)5,40
BEVRAW,Ca2Zr(CO2)8,8
ADAVAE,Ag3H72(C39N10)2,312
IVILEG,Zn8H80C108N20O17,216
LIWXOG,Ag3H12C16(SN4)2,64
FAKMAH,MnH6(C3N)6,72
RAJFEQ,Co3H8C14(NO)6,56
KAVLID,NiH16C24N2O5,96
TILVUF,CdC4,16
PEBNEP,CoCu2H32C36(N2Cl)6,72
CEQBUV_charged,Zn3P3H17C6(NO6)2,36
UXUPEK,CuPH2CO3,4
DOQRUY,Na2Co3H18(C2O)24,768
om701262m-file004,Zn2SiH16(C7O2)4,112
MIBQAR16,Zn4H12C24O13,48
HEFDED,Mn4Mo2H85C74N34O,444
VIGDIY,Mn11H72C56(NO5)8,168
ECEBEW,MnN9,0
WUNSII01_charged,CdH36C48N12ClO4,192
ZIHFUR01,AgH16(C7N)4,112
KUGZIW,Ni3H24C48O13,96
FAGMEI,AgH36C30(SN)4,240
IXECET,Al5Co(PO4)6,0
GIYSOX,Cu4MoH28C28(S2N3)2,56
IXOFIL,VH4C8O5,32
XENZEX,Cu3H8C11(SN2)2,44
KINROQ,Tb2Cu6H27C15(N2O7)3,270
RIGVOU,Eu2H6C12N4O11,48
BIXXIR,La4SiH8W12C20(NO7)8,40
VOBGAW,Gd2Zn19H54C54N72(Cl2O9)4,108
HUCLIB,SmAgH8C14(NO4)2,56
ZEFLAZ01,Co2H14C24Br4N4O9,96
IXEJOL,Co8Mo8P12H32C25N5O56,100
YURKEC,La2H18C42(SO6)3,168
WIHWAN,ZnH14C20N(O2F3)2,160
TIFHAT_charged,NdH24C24N4Cl3O20,96
UNABUH01,CuH8C14N2O5,56
TILWEQ,CdC4,32
NUVBIQ,YbNdH3(C5O4)3,30
DISSUU,Zn3P4H3O16,0
LEDLAJ,ZnH20C29N3O5,232
LOJFOF,KCuH26C48(NO2)4,192
XACFAJ,ZnPH12(C3O2)3,36
cm503311x_aloh450K,AlC8O5,32
PEJFUG,Ga4P5(CO12)2,8
DEHFUR,ZnP(C3O2)3,108
c6cc00862c_c6cc00862c2,Cu2H24C30N6Cl,120
RIDCEN_charged,In3H9C24N5O22,192
DAPBED,FeH2(C3O2)2,288
VAZTOG,Zn4H12C24O13,48
XAKZUF,Mn3H39C42N8O9,672
UKUBOS,MnH26C25S2(NO)4,100
XEGKUR,GdH6C21(NO3)6,84
WUPNIF,Na3Zn4CuH4(CO)20,40
XOVYUD,Cd3P2H24C14N2(ClO5)2,56
EHAGUR,Dy2U3H6(C5O4)6,30
MARLOJ,LaH8(C5O3)2,80
ACOGAB,CdH36C32Br2(N3O)4,64
HICZAW,SmH10C17O9,136
WOPROK,La2CuH26C32N4O13,64
UCOXOZ,Cu3H40C45N9O8,180
GAXGOD,Mn3H40C66N4O15,132
BOYTEQ,MnH16C24(NO2)2,96
GIRDUI,CoH12C15(NO2)2,60
CAWZUX,V6Ni3H50C48N8O13,192
DANZEZ_charged,Mn7H76C108N8(Cl2O15)2,216
REYCEF,ZnH7C12O5,48
NIGGEQ,TmH3(C3O2)3,36
EKEMEO,CuH15(C7O2)3,378
YEFNOM,CdC4,32
LIVREP,ZnH8(C4O)4,64
EDUVII,Zn4H12C66O13,528
BOLZIN,Zr3H33(C39O8)2,624
KUMGIK,Cu4MoH16C26(S2N7)2,208
FIRNAX,NiH14C26N6(O2F)2,78
RASKIH,Mg2H7C13O8,52
AMUPOP,Zn3H50C54(NO)12,216
INEXOQ,Mn2H9C23O10,92
JOKXAI10,CdNiC7N6,56
DIVGIA,Si7Ag5H112(C7N)14,294
RAHBUZ,ZnH6C7O4,56
SOMFAC,InH4C12(SO4)2,48
OSAXAI,ZnH16C24(NO)4,96
UVANOW,Ag2H9C33(N3O)3,264
CUGFAN01,ZnBH12C13(N4O)2,26
EBOJOV,Eu5(C4O7)3,48
OLOGAY,Zn4H60C80N4O19,160
ESASAU,ZnH16C16N3O5,128
KINLAW,CoH18C32(NO)8,128
CEXHOD,CoAgH30(C14N3)3,336
NOHLED,NaCeH4C8(NO5)2,32
PUFXUL,CdH20C22(N3O2)2,88
CIXCOC,Co8P9H24(CO11)3,6
FIGLAK,Cd3H65C78(N2O3)5,624
RUWWOW01,LaH7C15O7,30
NIKZEN02,FeH2(CO2)2,24
OPIXUI,Cu2H11C16NO9,512
ja5b00450_si_006,Y23H228C408N12(O71F12)2,816
IYOVIC,Eu3H8C24S4Br2Cl3O16,48
XAFFAN,ZnH12C20NO4,80
PAQMEB,Mn3Mo12(P4O25)2,0
cm503311x_aloh225K,AlC8O5,32
NOHKOM,NaGdC8(NO4)2,32
XALXUF,CuH4C9(NO2)2,216
SUSRUV,ZnH7C11N2O3,352
VAHQAY,ErCuH32C48(NO2)4,192
LACZAT,Mn6Zn3H33C81(N3O16)2,324
ZOBYOG,ZnH7C15(NO2)2,240
UHADAI,CdC3(SN)3,24
YOGKOW,ZnH7C15O4,270
HIJSOK,CoH5C9N7,144
MESGIB,AgH8(C2N)4,128
FANDEG,GdH27C30(NO2)3,60
PIGXUZ,Co2H23C34(NO2)5,136
KEVVIS,Co3H44C60N4(O5F6)2,120
WACKOB,Co3Mo4(PO7)4,0
WEVQUJ,Eu2Cu3H24(C4O5)6,48
ITIWOY_charged,CdH36C48N12ClO4,192
RIFQUT,Co3P2H7C3NO9,12
KEGZOL02,ZnCu(CN)4,16
URENEM,Zn2H13C26(N3O5)2,104
EHAFOK,Pr2U3H6(C5O4)6,30
PODKUQ,CuH9C18N3O4,432
LAPZEK,Cu2H23C41(NO4)2,328
YACHUH,Yb2CoH32C56(N2O5)4,56
WUXLIM,NdBiC6(SN)6,12
VABLUG,AgH24(C4N)4,64
JEYXOB,Fe2PH(CO3)3,12
GAGZEV,CuH8(C5O)4,480
IWAYIO,NaFe2(CO3)4,192
GIQXUA,GdP4H8Ru2(C2O7)2,8
DAKVIW,Cd4H20C37O20,74
ROCZAM,Cd3H16C24(N5O4)2,48
UQETOB,Cu6H27C56N9O26,448
HAFWUI01_charged,NaCo2H34C44(NO4)4,88
XOQXEH,Zn4H24C51(O7F9)2,102
NUYWOU,CdH19C25N5O4,100
PODXEN,Zn2H33C48N7O6,96
AQOSEG,CuH8(C5N3)2,320
KOHSOR,Ni2H68C63(N5O4)2,126
GAWJEV,Zn3H7(C2O)12,96
TACYAX,Cu2C25S(OF)3,100
FURFIJ01,Cd2H18C25S2(NO4)2,100
IDAZEU,KYb(CO2)4,8
AQODOA,AgH15C11SN4O3,44
NASROR,ZnH9C13O4,208
GUPJEG01,MnH6C12(NO2)2,24
ROKRIU,Cu4H48C72N24ClO16,144
UMUBEL,CuH15C22O5,396
LIRNOR,Zn2H26C33(N3O4)2,528
EPAVAU,Tb4H22C43(NO3)6,344
BAXLOD,NiH5C5SNO4,20
MEJZUY,Sm3P3H45C37N3O23,74
PEKKAS,In(CO2)4,12
PUPHUE,Na2H54(C19O6)3,114
YARYOF,CdH4(CN)3,12
MARDAM_charged,CoH14C17(NO)8,204
HAFSOZ,Zn2H6C14NO7,56
ZOXTUD,TbCoH7C12(NO2)4,48
UXEDIL01,ErH4(CO2)4,16
DIMQIB,Co3H28C60(NO5)4,240
TIVFIO,Cu7H12C16(ClO11)2,32
SENWEP,Zn2H3C9(NO5)3,36
GEDSUF,NdH13C21(NO3)2,84
OMAMEU,ZnPHO4,0
JIZJUZ,Co3H24C30(NO5)2,120
HAFWUI_charged,NaCo2H34C44(NO4)4,88
JASNAT,ZnH8C13NO4,52
NANYUX02_charged,ZnH11C11NO6,44
IQEKOG,ZnH5C10N3O4,160
MILQIJ,AlC8O5,16
QITYOI,PrH12(C3O2)3,18
PUWZOX,MnCrFeH28C28(NO4)4,224
CUVHIL01,NdHC9I3NO6,54
LOSBOM,Mg2H9(C3O)8,96
HOJLID,Zn2H43C55N3O8,220
FURQUF_ion_b,AgH8C13N2(OF)3,234
RUWWOW,LaH7C15O7,30
SEHTAB,YbH3(C3O2)3,36
j.inoche.2015.01.025_INC05862-mmc1,ZnH5C6(N2O)2,96
EZIMIK,ZnH7C19(NO2)2,342
BOHGOU,MnH2(CO)4,8
YUPSIM,Pr2H17C24N5O18,96
acscombsci.5b00188_24205,Zn2H9C17N3O8,17
UMOBEF09,CuH13C21O5,378
GAHSEQ,Pr2H62C72O19,144
QIWDOR,CuH9C11N3O4,44
JIZJEJ,Co3H24C30(NO5)2,120
BUKRUW02,Zn7H9C21(N6O7)2,84
MITGIF,Yb2H2(C5O4)3,30
CEDFOI,Gd2H9C24N3O19,192
SADMIV,FeH4C8O5,16
OMOWEU,Zn7H36C66S3(N3O4)6,264
POKVIW,Er2CuH12C24(N4O9)2,48
ZOZPUB,Co7H54C60(NO)18,120
ZIDDIB,In2H9C21(NO4)3,168
GABYUG,Cd5H30C48N30(ClO)6,192
DOPHUN,CuH5C7NO5,672
BOYYOF,CdH11C15NO4,240
JUJZEV,Co5P2H32C46(N4O9)2,92
VUQLEZ_charged,Eu5H64C16S12(NO6)8,32
FERGUG_charged,Cd7H184C176N8(ClO15)4,352
OPUCUY,Eu3Ag5H42C60N10O21,240
IROHAZ,Cs4NaYSiH3W11(CO21)2,8
MINVUA01_SL,CrH5C8O5,32
PIHWAG,LaH9C21(SO2)3,42
QOMDUS,Zn5H10(C8O9)2,16
AMUWUB,Cu3H21C37(NO4)3,74
OLOPOW,CdH30C40(N2O3)2,160
FAGREM,Zn2H4C9O7,72
LAWFUN,LiZnH14C17N5O6,136
IXODUV,VH4C8O5,32
XANZAQ,CuH12(C7N3)2,56
CAYQUQ,Cu4H12C107O20,214
EDUVAA,Zn4H28C46O13,184
OTOROF,MnFe(CN)6,24
KAHYUP,DyH3C7NO4,112
PONSOC,MnH14C24(NO2)2,192
SAMYEN,Gd4H72(C19O8)3,228
XAPGOK,AgH2(C3N2)2,24
HOYREU,BaLi2H4C10(NO2)4,40
WASQIT,InH32(C27O4)2,432
VATVUK,MnH15C26(NO2)3,104
JUXZOT,CdH10(C11O4)2,88
IVOLIQ,CdH12C18SO6,144
COYTUG01,Tb2H6C21(NO4)3,84
NOMKUX,AgH6(C2N)3,192
YIWMOG,Cd3(C4N3)2,32
HETDUG,Cu(C9N)4,144
PEVXAQ,NiH15C18N7O3,144
JOVWOI,Al11Fe3(PO4)16,0
QEVKOS,Cu2H14WC14(SN)4,56
PEVQIQ,Fe2P2O8F,0
YUBGUZ,U2H12C16N2O9,32
DOYBEA,AlH3C4O5,16
VUMYUZ,Ag3H14(C2N)8,256
ULOKUD01,Zn4H24C36I11N12,288
SUJNUH,CuH6(C3O)4,96
GISMAY,Zn8H72C99O38,396
ACECIV_ion_b,KH6PbC5SNO4,60
BIRSEC,Co7H32C48(NO6)4,96
CIFJAE,MnH4(C2O)4,32
WEBQOL,CoPO4,0
LEDNEP_charged,Yb3H10C20(NO12)2,40
UTOTUT01,Cu2H6C9N6O7,36
FATLUJ,Cu2H26C28(NO2)5,56
OKAYAC,CaH8C14SO6,56
TISJOW,CoH21C28(NO3)2,224
VEWXAY,CdH24C25(NO)4,200
COWDEZ,KCo2P5H40W20C44N16O63,176
BAFVAH,CuH17C30O17,480
ALIPEQ,ZrCd(CO2)8,24
WASQEP,InH32(C27O4)2,432
SOMCON,ZnH8C12(IN2)2,288
PUWCAL,Zn(CO)28,56
ZOHBOP,TbH5C9NO6,36
KARNAU,Ni3H45C72N3O13,288
PAQVEK,KFeNiH24C48(NO2)4,192
BIFGOO,K3Cu14H96C72I16(N2O3)6,72
QIYDIN01,CuH10(C11O2)2,1056
OFAWEZ,HfH4(C2O)4,48
CUZBUW,CoH6C8O5,16
MOTVOI,Eu3H40(C16O5)4,128
IYAKAW,Mg2Cd3H24(C2O)24,192
IJEXIF01,Zn3H7C18O13,144
UMIGAA,Zn2CoH6C18O13,144
FAFDEX,KMnH16(C4O5)3,12
XANZAQ01,CuH12(C7N3)2,56
RAYKIN,ZnH22C32(N2O3)2,192
c6ce00407e_c6ce00407e8,CuH3(C7O2)2,28
VAKPOP,ZnH6C9I2N3,288
KOPXOE,Cu4H70C69(N5O6)2,138
WEBJIY,In9Co14(C55O51)3,330
EJUVOU,Zn5(PO4)4,0
OQEPEG,Mn3H40C54S4(NO5)8,54
GOMFOF,K2H24PdC44S4(NO3)4,352
SOCNAB,ZnH22C17(N3O)2,34
DAWCOV,Mn3H26(C11O3)4,88
HISGIB,CsH8C14SO6,28
SAHBAF,Fe2C4Cl2O9,32
QIXNES,Y2H6(C7O4)3,84
NODKAT,InH28(C5O2)4,80
TEWGEJ01,CuH26C32(N2O5)2,128
XONGUD,K2Cr3CoH18W12(C6O23)2,48
MIBMER,Fe3H24C42O13,336
GEGGIK,Co2H6C16O9,64
VAJTEH,Zn2H33C49S4(NO)8,196
OBAHUX,ZnH13C22N3O4,396
QAYTOZ_charged,MnHgH60C30Br4(NO)6,60
VAHVOQ,Fe3P3O13F3,0
LEWTUD01,Co2H7C10NO7,40
OQIQOW,Y2H6C18(SO4)3,72
EDUTUS,Zn4C60O13,480
AHUTIH01,LaH4C5O8,20
TOQCIL,Zn4(PO4)3,0
MAKXAZ,ZnH14C20NO4,80
RULBOQ,Ag3H24(C3N2)4,48
AGOVOJ,In3C47N3O11,376
ja410368j_si_002,ZnH16(C2N)4,48
XUNTIL,LiH4C6NO2,24
PURNIB,KCo2Cu2SiH20W10C24(N4O17)2,96
UNACES01,CuH9C18(NO3)2,324
AGABIU,Li3Ni2C30(NO3)6,60
LUFCAS,CdH12C18(N3O2)2,72
ABEXEM,LaH2C7(NO3)2,56
WUYXOF,Mn2CdH60(C11O3)8,88
PORVID,Cu2H3C10O9,40
VIJNIN,Zn5H30C40N7O17,240
ATOWOW,Zn2H16C20N3O8,40
ISIYUF03,Er2H10(CO2)9,36
DUGMOJ,Cu3H26C41NO15,656
JOKYOX,CdNiC7N6,56
SIPVOD,U3H26C42(N3O14)2,168
VAGTUU,Zn4H18C36O13,144
CIWRIK,ZnH8C12(IN2)2,288
VONDIN,Zn2P3H25C10O9,80
ROKROA,Cu4H48C64N16ClO16,128
NETFEY,Nd2H10WC20(N3O)4,80
ECEDEY,CaH8(C9O4)2,72
FUYCAF,Fe2H6C18(SO5)3,144
IGIZOP,Sr3P8H22(C4O15)2,32
DAPZAW,Ag13H32C50N8(OF2)6,100
MAXHOJ,Ag3H12(C2N5)2,64
ECOGEI,ZnH18(C13N5)2,208
IPOWOA,Cu5H14(CO)24,48
DAMYUO,Er3H40(C4O)16,256
DEYXIQ,CoH4(C3O2)3,72
GARQAU,ZnH22C24(NO)4,432
HARHOA,K2Zn3H18(C24O13)2,192
PICTIG,Zn3H16(C2O)16,64
COYTEQ,LaH5C14(NO4)2,56
WIZDEP,ZnHC4O3,24
KUJFUS,KScH6(CO2)6,12
VUKYOR,Zn6H24C36Br13N12,288
FELWUQ,CaYH12(C4O5)3,96
NUNSIA,AgH20C15N4,240
UJEGUL,Cu2H3C18SNO8,72
OQIQIQ,Er2H6C18(SO4)3,72
OLEKUM_manual,ZnH8C11N(ClO2)2,176
XEJJOM,DyH9(C2O)6,24
QUQYUY,Cu3Re6H24C36(S2N3)4,144
OKILIE,MnH6C11(NO2)2,66
OMOVET,Zn5H16C24S2(N9O4)2,96
OGIYOT_charged,NdH32C52S4(NO4)4,208
UBIPAY,MnH9C15NO4,30
TUTHIA,MnH9C14(NO2)2,112
LUSZIJ,Cu2H3C8SO8,32
DAGDIZ,CdH6(C3O2)2,72
BUVKUA,Pr2H13C15SN6O17,30
LACNUB,CuH13C27O4,648
GOMRAC,Al2Zn(PO4)3,0
HIHFOV,NiH26(C9N2)4,72
jacs.5b12516_ja5b12516_si_002,Cu3H18C16(IN2)2,192
QAPQAA_charged,AgH10C12N6ClO4,48
HUYKAN,NiH16C18(NO2)2,216
WUYLOS,Ce2H14C21(NO4)3,84
IHERIY,Co2H21C34SN3O8,68
FUVGAG01,ZnH12C18(NO2)2,144
PEDMOB,Cu2P3H17C19N2O9,76
NANYUX_charged,ZnH11C11NO6,44
TOVJAP_charged,V8FeP8H24C4(N2O23)2,8
ODOMIF,MnH6C12O5,48
IVEHEW_manual,CuH16C20S2(N2O3)2,40
QAPPON,Ag3H34(C20N9)2,160
BETDIP,TbH8C16NO6,64
HASNUN,Eu(CO2)4,32
ZIJVOF,CuH6C6(NO)2,48
ORAKIC,K2TmRe4C12S4N12O,96
VUHGAH,CoH9C13(N2O)2,52
UNIGEE,Zn4H12C24O13,48
UJEDIX,YbCo3H30C18S6(NO2)6,54
jacs.6b08724_ja6b08724_si_009,Co9H72C144(N6O13)2,144
BEXSII,Cu3H16C30(NO7)2,60
DOTTEM,GaH5C8O5,32
GAJZAU,PrPH11C7NO5,28
WIRKOZ,Zn7H144(C72O13)3,2592
KULMIO,Zn4H28C53S2O17,212
YUVGOL_SL,ZnH8C13N5,156
HOPYEQ01,ZnPO4,0
POFSIN04,CdC4,32
BAKYOE,Mg2H12C16N5O11,64
FITHIA,ScH16C20N4O5,80
EZITUE,BaH27C21(NO)6,168
KIRKAZ,CoH25C33N5O4,132
DANVAQ,LaH3C7NO4,168
HEBTEP,ZnH6(C3O)4,48
QOSJIT,Eu2Cu3H18C42(NO4)6,168
YIWPID,Cd3(C4N3)2,32
WOYJID,Ti3P7(H2O9)3,0
ALURIJ,Ni3H68C76(N7O9)2,152
VUJBIM,CuH4(C3O)4,288
HEFFEF,NaCd3H32C52N4ClO12,104
GEBPEK,Zn4H24(C3O)13,312
FOBNAN,Dy2H42(C23O6)3,276
RUVMUR,ZnCoH15C24(NO)6,96
TOHSAL,CuH17C26O5,416
SADMUH_SL,FeH5C8O5,32
HAOAER,Er(C2O3)2,16
WITJUG,Mn7H48C84(S3O20)2,168
LUNWEW,Ag3H24(C5N6)4,80
LASRAB,MnCu3H3C9BrO18,36
NEJSAY,CuH8C13NO4,104
LOQLEJ_manual,InH5C8O5,48
SUVNEE,Ni15H96C168(N3O19)4,1344
YUNJEX,CuH7C7N4O,28
LOGBAK,AlPO4,0
UMODEH13,CuH15C22O5,396
TOXNAX,AlH12C12O5,48
DUCHEP,ZnMo3H12C12N6O7,48
LUTCAF,Cu2H3C8SO8,32
NIKYUC01,FeH2(CO2)2,24
WEFZIS,GdH4C5O6,20
YARZEZ02,Cd2(C2N3)5,40
ic1010083_si_002,Zn5H30C51S2(N2O)9,408
KOSKAG,CoHC4O3,24
KIPJUQ,Er4H18C57(O4F3)6,114
MAXHOK,NdP2H4C2O7,8
RASGAT,Cu2CSI2N,8
MAQBEO,Zn4H48C54O25,108
QUQGEP_neutral,Ni2H10C12N8O5,72
VANNEG,U4H48(C29O8)3,522
MIDSEZ,NiH12C15NO4,60
LUYVAD,V4P7H13O27,0
XODXIZ,YH4(CO2)4,16
MOGNAY,TbH6C14(NO4)2,56
GEGBOL,GdAg3H75C86N21,344
DEZKEA,MnH5C9N7,144
QUSCEN,LiCdH16(C14O5)2,112
YUJNIB,SrH2C2N4O3,32
PIBGAK,EuH12C17O4,68
ICIZAV,CuPH4C5NO3,20
IXITIU02,Eu2H12C24ClO12,192
CUNQUZ,CdPHCO6,4
INEXIK,Co2H9C23O10,92
j.inoche.2014.12.007_INC05825-mmc2,Cd7H120C105(N12O13)2,420
SOVHIU,CdNiH24(C5N2)3,60
KAHKUB01,KFe(CN)6,18
KIXXOG,CaH6(C3O)4,48
MIVFEE,Mn4Cu12H8C24N32Cl,72
QALNIA,Sr(C2O3)2,16
QAQHOG,Ti3Ga(PO4)5,0
WOXROQ,Ti2P4O13F,0
YAVVAV,Eu2H20C31N5O13,62
ja078060t-file002,Co2H14C42N2O17,1008
OHOLIH,ZnH6(C3O)4,48
ZEZQIG,EuH9C18(NO2)3,36
WEDXAG,EuCu3H12C18Br3(NO2)3,72
ROBWAH,Ag3H40C52(SN3)4,104
AVAGOV,AgH12C17N6,272
MAQZOV,Co3H13(CO)11,44
AXINAX01,Co11H90(C9O2)18,324
UMEDOH,Zn3H26C36(IN2)6,288
ZAHLEC,Cu3H28C40(NO)8,160
QADWOK,TbPH7C8NO8,32
APEBEE,CdBH14C16N8O3,32
WUYYOG,ZnH30(C11O3)4,88
GARPAR,AgH8(C6N)2,192
DAPXID_ion_b,Na4Mn2Cu3H12C30(NO3)6,240
ORAJEX,KHoRe4C12(SN3)4,96
GOQXAN,CdH11C9N2O3,36
HOJNOL,ScH6(C2O)6,192
OLURUI01_charged,InH4C12(NO2)4,72
QODHUO04,AgH12(C3N)6,288
XIZCUG,ZnH28(C2N)4,96
KAPHUH,Mn5H24(C7N3)6,84
ZIKJOU,Cu2H15C24NO8,48
WEFDAO,EuH8C12NO8,192
CASWIE,AlZn3(PO2)9,0
RUGXIB,DyAgH14C15(NO3)2,60
UTEMAJ,MgH8C14(NO2)2,84
MIDSUP,NiH12C15NO4,60
c5ta04989j_c5ta04989j2,Eu3H20(C2O)24,48
PILJAX,K2Cd3H60C68(N2O13)2,68
XAFFIV,CoH12C20NO4,80
PEXFAA,Mg2H6C11O8,44
WABVIF03,Cu(CO3)2,8
UVOTOQ,TbH7C15O7,240
YERJEL,NiH16C24N2O5,96
LAWGAS,Zn4H12C24O13,192
LACYUM,Zn3Fe6H32C80(N3O19)2,160
ATIXUX,Cd3H12(C17O9)2,136
IBITUK,Cu3H50C56(NO)18,56
OFEREX,EuH3(C3O2)3,36
IKOSOQ,CuH24C29(NO2)4,232
CISMIC,Co2H7C15(N2O3)2,30
ORUKOD,BaPH8C14NO6,168
KOMDAT,Zn2H41C54(N7Cl)2,432
NIBXUT,Gd3P4H8(CO3)8,32
cm303749m_si_001,ZnH13C22NO4,44
BUSSEP,Nd9H18C54(N11O31)2,216
MUNLUE,Tb3H25C52N9O20,104
JEXXAM06,NiH3(CO2)3,6
ATUYAR,KGdH6C16O9,64
YAVVEZ,Sm2H12C31N5O13,62
LEDLEN,CuH8C14O5,112
DAFXUG,Mg3H48C90N6O13,180
XADGIU,U3H7(C6O5)3,72
EVUBAY,Zn3P2H12(C8O5)2,64
ERUNUC,Co2H35C46N2O5,736
GAGTEQ,Th2H9(C3O2)9,108
CIPREZ_charged,LaCu2H32C20S2(N3O8)2,80
EXOZIB,CuH8C8(NO3)2,24
TISGUY,NiH12C18(NO2)2,144
LUPTAS,ZnH6C11N3O4,88
XAQTEO01,CoPO4,0
PUZKUS,MgH2C6SO4,48
SARPIL,AgH8C10N6(ClO3)2,40
LUCDES,TbH9(C3O)6,36
PAMTUU,TbH9C16O7,96
RONSIY,CuH18C25(NO2)2,100
PAPVEJ,ErH24C27(SO3)2,108
WULKAQ,CuH2(C3O2)2,288
RICHIV,LaH15(C2O)6,48
DUWRUK,Mg4P3H5(C2O7)4,8
ERIJUM,Ag5H28(C2N)14,112
GAHXUL,AgH22C16(NO)2,32
TETWUM,Cd2H18C21(NO4)2,84
QOFPAE,U5(PO4)4,0
jacs.6b01663_ja6b01663_si_002,Zr3H40(C10O3)4,240
NHBZZN10_clean_h,ZnH8C14(NO2)2,56
ja500330a_si_009_auto,Zr3H22C29O16,232
BERGAI,ZnH5C6(N2O)2,96
PEPBAO,Zn2P2H16C13(NO3)2,52
QAPPUT,AgH10(C2N)6,48
YOZQEK,Zn6H30C70S5O32,140
GONSUZ,CaH8C8(O2F)4,32
WEHJIE,Zn9H40C74O41,296
ICAQIO,CoH14C23NO4,276
WOMFEK,MnC12(N3O4)3,48
HALVAU,NiH7C11O5,44
TAMJEY_charged,AgH8C9N4ClO4,54
LAPLEW01,InH16C16(NO2)4,256
GARSUQ,EuH7C13(NO3)2,26
SAQZOB,CdH46(C21O4)2,336
XAKVIP,Ce2H3C7O13,56
LUKRUE_clean_h,Cu4P8H65(C13O4)8,104
OKIWEL02_charged,CdH36C48N12(ClO4)2,192
CUNWEO,CdH14C28(NO2)4,112
KOMJON,ErCdH12(C4O5)3,384
UJAQUS,ZnH5C9O5,72
IZULUL,ZnSnH24(C5N)8,160
PUMGIP,V4Cd2H100C104N8O13,416
WILFAZ,Ag2H10(C3N2)5,60
ja305196u_si_003,ZnH3(CO2)3,6
AXUBAW_manual,Zn4H36C36O13,72
DIBJEF,Eu3H26C44S4(NO4)4,176
HABREJ,Zn2BH19C23(N5O2)2,184
AFOYOK,CuH6(C3N)6,72
UMOYOM11,CuH10(C5O)5,450
EFIMOV,NaBe2P2H2O9,0
GUANZS,Zn(SO4)2,0
DOMFUI,Na4Sm2Zn2H48C97(N3O7)3,388
SENVIR,CoH8C16(NO2)2,192
ACOCOM,CuH14C24NO4,1152
ja102862j_si_005,Ni4H27C78(N2O3)9,156
SUGDIJ_auto,Zn4H36C54N6O13,108
KUNRAO,ZnH5C8N3O2,128
UGUQOC_charged,ZnH10C10(NO4)2,20
VIXVUV,ZnH20C18(NO2)2,72
MATXAJ,Zn2H13C26(N3O5)2,208
PIDNOH,Zn2H32C40N10O23,160
ja512437u_si_002,MnH8C17(SO2)2,204
NANMEW,La2Mg3H18C42(NO4)6,84
DIZQOT,ZnCoH13C24N2O9,192
ODIXIK,Cd6Si2H40C67O24,134
ja302110d_si_001,CdH12C24O5,96
XAKQOR,Cu2H32C39(N2O5)2,78
MOFKUO,CuH24(C4N3)4,96
YIXZEL,Zn9(PO4)8,0
CELZEA,MoPH4C4O3,16
FALLOT,Cu4WC4(S2N)4,16
AMIMAL,ZnH12C15(NO2)2,240
POHLOP,EuH4(C2O)6,48
OYIVIC,CuH4C8(N2O)2,32
NAYNIK,Cd5H13C18N11,72
ALEJIM,ZnH6C11N2O5,528
ic402614w_si_002,Zn4H45C77O24,231
VINHIL,Mn2Cr2(CO2)13,52
OJICUG,Sc3H12C24O13,48
KINNUS_charged,CuPH18C31(NF)4,62
ja5b02777_si_003,Li2Zr(CO2)8,32
JIZJAF,Co3H24C30(NO5)2,120
WOWMEC,Ni2H8C14N2O9,28
CURYOE01,CdH18C26(N2Cl)2,234
FONKEA,Cd3H14(C5O2)6,120
YEVQUM_manual,AgH6C5N2,1200
ISIYOZ01,ErH4(CO2)4,32
MOFLAV,Cu3H88(C5N3)11,220
PUMNIV,CdHgC4(SN)4,16
DOLWEI,CoH6C12(NO3)2,288
ETEXEI01,Zn3P4(HO3)4,0
MODNAU_charged,Cd3H7C13N8,104
CUKXOW,Tb2H12C15(NO2)6,30
GIQZIQ,MgH6(C3O)4,72
RUHFUX,NdCu3(CO2)9,36
LARPOL_charged,Fe3H33C35N2O19,140
LEDWUN,AgH16(C3N)4,48
KIPKEB,Y4H18C57(O4F3)6,114
ATEYOP,Gd3H44(C5O)16,640
JOFKIA,CuH2C3(N2O)2,18
LUSHOX03,MnH4(C2O)4,64
cg301725z_si_003,MnH3(C3O2)3,72
CAZGIT,Cu3Mo3H24C40(N4O3)2,160
OBIBAF,Mg2H30C35O11,280
ic5005374_si_003,Dy3H58C76(N9O7)2,456
VETTUK,Dy4H72C144N12(ClO8)3,288
NOFDUI,Co2H31(C11O5)2,88
CAXWAB,FeHC4O3,24
VUPFAP,TbH9C17NO6,136
KAGCAY_charged,Cu3H6C12N6O7,96
GUCJAQ,Zn2PH20C30(NO3)4,120
DUNXUH01,ZnH3C8SO7,32
OTOVIE,CoH9C16N2O4F3,64
IKETAU,NdH2C7(NO3)2,14
LOFCUF,Ni2Mo5P2H49C48N24O17,192
MUTDIQ,MnH5C9N7,144
JUSGUB,Co3H24C27N2O15,162
DOYHUW,ZnH4(C2O)6,96
SAJLAT,NdH3C7NO4,168
REYBAA,ZnH15C22N4O5,88
LAGNEO,YH6(C2O)6,24
FAQGIO,ScPHO4F3,0
c5nj02634b_c5nj02634b2,ZnH15C23N4O5,184
RUHCED_SL,GaH5C8O5,32
ODERIZ,H4PdC8N4(OF)2,96
JAHNEM01,Mn3CrH21C15(N2O)6,30
ic101935f_si_002_auto,Zn4H30C48N12O13,192
EKEKIQ,Zn2H12C36N7O6,144
FUVDEH06,ZnH12C18(NO2)2,144
FEZCOD_charged,EuCu6H56C33N17O8,132
YEGHIC,NdMo(CN)8,144
KEHGEL,AgH20(C3N2)6,144
YIWNIB,Cd3(C4N3)2,16
OLAWUU,La4Ag8H111Pd6C62S12N12O29,496
NOQKUB,Co3H50C76(N5O4)2,76
GEDQOX,NdH8C16NO6,64
OPOBIF,Zn2H10C13(N3O2)2,78
OGAQES,Ba2H15C9(SO4)3,36
FABFOF_ion_b,ZnH10C10(NO4)2,20
NARPAA,Gd2H5C14(NO4)3,56
IHILUI,GdH6(CO)6,24
PEKDAM,Mn3H40C52O19,104
CUGLTM02,CuH7C5NO4,20
TUJGIQ,CuH13C20(NO2)3,160
GERPUP,Sm2Cu3H24(C4O5)6,48
GITPEG,Cd2H16C23(N3O4)2,184
DAPYAW,Cd5H60(C9O2)12,216
EMIREX,BaH43C14S3N5O7,56
BUNKUS,Zr3H32C56(O7F3)2,336
MAZTIR,BaZnH4(C3O4)2,24
MALRUM,Li2H24C12ClO6,48
HUCWUZ,EuH12C21(NO2)3,84
UYOJOI,Eu2MoH10C20(N3O)4,80
UFASAW_charged,Cd5H19C35N11O17,140
IRELAU,ZnH5C11O4,88
AVIPAX,MgH3C7NO4,84
GUMBIA,Cu3H32C42(N3O4)2,168
IBASAH,Ho2Cu3H30C24(NO4)6,48
WIPZEC,CdH20C32(NO3)2,256
TEVZIE,ZnH2(CO2)2,24
OPINIL,CsDyMoH4C9N8O,18
EBEMII,CdH12C18(NO)4,72
ATIBOU02,MnH2(CO2)2,24
XAMDUM02,CuH2(C3O2)2,72
VAXMUF,CuH32(C5N3)4,40
FIJDUY,TbH2C6SNO7,24
VANHEA,Zn3H36C66(NO6)2,264
XEWDUA,Gd2Cu3H84C54(NO2)12,54
POKVES,Eu2CuH8C24(NO2)8,48
SEHSOO,HoH3(C3O2)3,36
KISPOS_ion_b,K3Co14H60(C8O5)12,192
ZADDAJ,Li2Fe(CO2)6,12
JORSEQ,Cd2H22C27(N5O3)2,108
RUBTAK07,Zr3H16(C3O4)8,192
SAKFAO,SmH3C7NO4,168
QUNMUI,CdH4(C2N3)2,24
c5dt05023e_c5dt05023e2,Fe4H74C83N12ClO12,166
1499489-acs.cgd.6b01265_1499490,CuH15C19N3O4,342
DUNXUH04,ZnH3C8SO7,32
KUZYUB,Sm3(C33O16)2,132
ac403674p_si_001,ZnH17C12Br(NO)2,72
IBATEM,Gd2Cu3H30C24(NO4)6,48
XOSQOL,Zn3P3(HO6)2,0
UDAWUU,Zn3H24C36I7N12,144
JEJKEP,CoH7C9NO5,72
EDAGAT,CoH2(CO2)2,24
BEYSEF,CoH9C8N5O2,64
XASFAY,CuH24(C6N)4,96
TAQGEZ,CdH4C8N8Cl,16
UDIQII,TbH8C11O6,88
PARMIG,NiH10C16(NO)4,64
JAHNEM03,Mn3CrH21C15(N2O)6,30
ZARQAM,KU3P4H4C2O15,8
XUNGUJ,LiH4C6NO2,24
LETRAF,Zn33Ga4P46H32(O69F2)2,0
VUHPUL,Zn3H12C18I7N6,288
GAXQIH,NiH13C21N7O4,84
XISLAM,Al4P4O17,0
DUWBEE,CdH3(C2O)4,256
FUVDEH08,ZnH12C18(NO2)2,144
TIVFEK,Cu7H12C16(ClO11)2,32
TALJUM_charged,Cu9B6H76C96(N5F3)8,192
DOQHIB,NdPH3C3O8,12
QOWRAV04,CuH10(C9O2)2,432
BIBXUH,Ni4H27C36(N4O)3,72
PUGFOO,Mn2CoH24C42(SO6)3,168
SUHBAA,Zn8H21C60(O5F3)5,480
QATRAG,CeH4C5O8,20
ETECOX,In(CO2)3,48
VAZMAM,TbH2(CO)7,28
WUNSII_charged,CdH36C48N12(ClO4)2,192
EPECOT,Zn8H98C151NO32,302
ALOLOD_charged,In3H72C82N5O27,492
LABMUZ,Zn4H66C63(IN)12,504
FOQNUW02,Cu3H14C28(NO6)4,112
VOXTOT,CuH26(C6O)8,1152
AKUKUO,Ni3P4H34C34(N4O7)2,34
ZIWTII,AgH12(C3N2)2,24
UMOYOM04,CuH10(C5O)5,450
KAWBOB,Mn3H26C24N6O19,48
HAKCIG,CuH10C18S2(NO)4,108
KOBPIB,CeH12C12(NO3)3,48
QUQPOI_SL,ZnH14(C4N)6,24
AQUDOH,Cu2H14C17(N5O2)2,68
FUSMUC,AgH8C11N2O,198
ic5021302_si_002,CeCoH18C36(NO2)6,144
POFSIN01,CdC4,32
ELECIJ,EuH12C16O15,128
FIRPAZ,NiH16C26(N3O2)2,78
VIZSOO,ZnH12C22IN9,176
MIXYOJ,NiH25C23(NO2)3,138
YOYRIP,Mn2H39C63(N2O)6,126
LIWXIZ,Zn2H20C31N4O9,62
TOHDEB,ZnH9C23(N2Cl3)2,828
BINMIW,Zn2H24C31(N2O5)2,248
KINQAB,NiH29C32N7O2,64
FOFMOE,Gd2H55C42(NO)12,168
DONNEA,GaH5C8O5,16
ZASWOF,Np(CO2)2,8
IRAHUF,Ga3P3(O6F)2,0
JAHNEM,Mn3CrH21C15(N2O)6,30
c5ta04552e_c5ta04552e2,Zn2H9(C2O)12,48
WIKLOT,UP3H9(CO3)3,24
PEJMUO,Cu7C12(N3O2)6,96
FUZPUN,NiH14C12(N3O)2,96
ODOXEK,CdH3(C3O2)3,54
jacs.6b08724_ja6b08724_si_015,Fe3Co3H36C72N6O13,144
JALLOA,Ce3C9O10,288
XOCWOD,Er2U3H6(C5O4)6,30
FUSNIR,AgH8C11N2O,198
WECFAN,CoH13C15(NO2)2,60
DITXOU,ZnH2(C5O4)2,40
QUWYEO,CaH8C14SO6,56
c5ce00010f_c5ce00010f2,Cd3H42C46(N3O2)4,368
UJUQIB,Co3H30C45N15O7,90
UGEPEB01,CuH5C6NO3,24
LUDTUZ,Zn4H24C36I11N12,288
BETGAK,LaH8C16NO6,64
HIFWAV,ZnH6(C3N2)2,120
QALHIX,Cd7H46C108(NO2)24,432
USUVIP,Cd3H29C48(NO8)2,96
XIVMEW,Fe3C24N12O13,48
BIBYAO,Ni4H39C60(N4O5)3,480
UMEKII,Zn2H14C17N15O4,68
FAGVUH,K2MgRu2(CO3)4,16
UHISOU,MgHC5O4,10
WOQNOF,RbZrH12C12(NO6)2,24
KACGAZ,Zn7H48C72(IN)24,288
BOZFON,Cd3H50C81(N2O3)4,324
OQUGAK,Zr3H56C84N6(O11F12)2,336
WEMCUO,TbHC5(NO2)2,80
VEMMIK,MnH2C4N4Cl,24
VUCDAA,NdH4(C3O4)2,54
XUMNAW,CdH45C60N6O,480
VIMRAM,Cu2H7C14(SO6)2,112
SOHBUO,AgH20(C5N)4,80
GAFRUD,Cu2H11C22NO8,132
ASANAL,CdH40C31(NO)4,124
GIRYEN,Zn3H28C40(N3O7)2,160
KEFFEI,DyH4(CO2)4,16
HUNBEX,KZn2C6O13,12
XUDPOD,Cu4H48C78N9O16,312
FUMHOL,CsSmMoH4C9N8O,18
WAQDOJ_charged,Mg3H33C57N3O13,114
HUVNAP,Ba3Fe4H80C96N8O27,768
HAZGOF01_clean_h,ScH6(C2O)6,48
ITIPAE,ZnH2(CO2)2,24
YIVNIC,V2CuH12C15N3O4,60
XESKIR_clean_h,MnPH4C3NO3,18
QUGZEZ,Gd3Mn2C16(N12O)4,64
TASVUG,TbHC22(Cl2O)6,176
DAMRAN,Fe3H56C64(N11O)2,128
COWROX,CoH8C14SO6,168
FIFPAM01,NiH9C11(NO)2,22
GARLOD,SmH15C24NO8,96
GIWNUV,CuH3C4N2O,48
UKAJOH,ZnH24C28S(N2O3)2,448
FUFREE,FeH5C10N3O4,40
POSGEL,CdH14C20(NO)4,80
XENCAU,CoH28(C5N2)4,160
WUDTIA,CeH27(C11O2)3,66
LUPHIN,Fe4P4N(O8F)2,0
WIDWOX,LaNi6Ag8H87C62S12(N6O13)2,496
IXELAA,CsNpH6C12O7,96
VUKTOM,Tb2H24(C14O5)3,168
JORRAL,CdH28C37(N2O3)2,296
KIDDIM,Cd6H42C48S6N8O27,96
XAMDUM03,CuH2(C3O2)2,72
ic502730y_si_002,VH5C8O5,64
CUWVIB,EuH8C16N5O7,32
MAZYER,KCd(CO2)4,32
GACBIY,CuH11(C2O)6,144
ZITWIK01,CdN27,0
ZIHTEP,Li3CoH21C14N8O3,28
BUBTUP,Cd2H38C33N11O6,264
NIFZAF_charged,Ho3Co2H47C72N12Cl2O37,576
NICZAA01_charged,CdH30C30(N6F)2,30
VEWLAM,Co5H96(C79O11)2,316
NEHMET,CdH3(C3O2)3,72
SEMPUX,CoH23C28N5O4,112
POBNEA,Li3Co2C30(NO3)6,60
WOJZAY,CeH7(C5O2)3,120
CUXLEO,CuC12(NF)4,48
ULAQEF,CoH28(C3O)12,144
IGOCOX,Zn5H6C18(N9Cl2)2,36
NUNPAP,NiH6(C3O2)6,72
PIYZED02,CdC4,32
XILTAP,MnZn2H36C72(N2O3)4,144
UKOLOV,Zn8H24C42N2O25,336
RIRDIH,CoH5C10Br2N5O2,240
UZUZUL,ZnH7C11SN2O7,44
SEFWEH,ZnH10(C2N)4,96
ULOKEN,Zn3H24C36I7N12,288
AROFET,Cd2H24(C11O4)3,66
FIRMUQ,NiH12C26N6(OF)4,78
NUJCEA,CdNiC7N6,56
LEQQAA,CuH14C15(NO)2,120
REJLAU,Cu6H8(C2N)7,112
ic501477u_si_002,ZnH22C16(N5O)2,64
GIMSUS,CdH8C12(NO2)2,48
XEKCEX,K2Pr2Pt4C16N16O,256
IVETOT,CuH32C45N4,180
VIYZIO,ZnH10C17NO4,68
COSMII,InH6C12(NO2)2,72
PUNSIB,LaH14C14(NO2)4,56
UYAMOY,Cd5H44C64(N10O)4,128
ERIGER,AgH15C15N6O,270
AQEGUY,Ba2H37C40S4O25,80
ZURROT,CdNiH12(C2N)6,24
FAGYEU,SrH15C21(NO4)2,336
MAJHOW,CuH15C18(NO2)2,144
GURPUF,MnCr(CO2)6,48
HUDWUA,Cu5H30(C27O10)2,54
HAKTAR,In3Co2H18C30N9O13,60
EBIHII,Fe5H15C31O22,62
OTECAT,Al2H20C29O9,464
QONLAI,Cu3H16(C12N13)2,48
HAFDUQ,CuH15C23N3O5,414
YOZYUJ,Zn5H18(C24O13)2,192
LUDLAZ,CuH9C11O6,66
ELILAN,DyH7C15O7,30
WUJPIC,NaCo2H18C38(NO6)2,76
FEVDER,CoH22C34(NO)4,136
LUTDAG,Cu2H3C8SO8,32
FOQSUA_charged,CuH8C6N6ClO4,12
XAGCIS,CoH3C4O5,192
WIHSUD,TbH4(CO2)4,16
TONTIB,FeH6(C3N)6,216
EMEGEJ,EuH22C29(SO3)2,58
ADAVIM,Ag3H66(C39N10)2,312
JOHQUT,PrSb2H24C20(NO5)4,40
KOMCOG,ZnH21C27N7Cl,216
LOJNAA,Ni2Mo5P2H49C48N24O17,192
HOHMEX_manual,CuH12C20NO5,160
LITDAV,ZnH11C17O6,136
ZUSBOG,ZnH5C8N3O2,32
NARPOO,PrC12(OF)6,48
DIZVAK,CoH4C20NO4,160
YUKVUW,ZnH3(CO2)3,12
DAKZUN,TbH12(C9O2)3,108
RUSWEJ,CdH7C14(NO2)2,112
RUBHOM,LaAgH8C14(NO4)2,56
ULOLEO,ZnH8C12(IN2)2,288
CIFDOM,MnH6(C3O)4,72
CAJHUS04,FeH3(CO2)3,6
GIVNOQ,ZnAgH14(C16N3)2,256
MIMVEJ,ZnH8C12(NO2)2,48
PEKVUY,BaU3P4H12C16O13,32
FIPWUY,ZnH12C9N4O3,18
WASNOU,Cu2H37C35(N5O4)2,70
MATPUV,TbCoH14C24N4ClO9,192
LOJLAZ,FeH8Au2(C8N5)2,64
WIJXAQ,ZnH19C26N3O4,208
QEQZUH,Np(CO3)6,12
UTEXIB,CoH6(C5N2)2,120
KUTBAE,CoP2O7,0
YOZCEW,ZnH8C10(N3O)2,240
VIPZAX,Mn2H4C10N4O7,40
LOTDIJ,CoH56C54S2(N4O)2,216
BAHGUN03,CuH8C12(NO2)2,24
NEHGIS,Zn6H26C44O13,352
EBAVIP,Co3H38C60(NO)12,240
IBAPOS,Zn3FeH56C128N14Cl2(OF2)8,128
MUBQIJ,AgH8(C4N)4,576
DAFHID,Ni3H16(C2O)16,128
XANMUX05,CuH12C14BrN6,56
MATBAM,Cu3MoH20C26(S2N3)2,104
MOXPUL,Cu4H72C69(NO5)4,138
QARLON,Zn3H24C36(I5N6)2,288
QOTWON,Mn5H26(C8O9)2,64
PANYOU_charged,ZnH20C14N4O9,56
OXAMEG,Dy4H48C66N2O31,264
SUCLOT,Ca(C2O)4,16
KOSLOV,NiHC4O3,24
YUSWEQ,Dy2H6(C6O5)3,72
MOGVAG,Zn4H13C9SN16O7,18
KOHKOI,K2Zn19H192(C81O20)4,648
FASYUU_charged,Cu4H24WC30S4(IN3)2,240
WOHZAU01_clean_h,ErH3(C3O2)3,36
MURCIL,Dy2Cu3H24(C4O5)6,48
OLELAS,Na3Cu2H58Pt2C106(N5O8)2,106
EBEXIU02,GdH15C13O8,52
DOKDEN,CuH13C16NO4,96
HUYKOB,NiH16C24(NO3)2,576
SANHEX,GdH9C13(NO3)2,104
comp2,Ba2EuH18C30S6(N3O13)2,120
EPUTUF_charged,EuH54C57S3N6(O5F3)3,114
IPEBAI,Cu2H64C77(IN2)2,308
IJASOC,TmH18(C3O)6,36
JOCLOD,CoH16(C5N)4,160
DIKJUD,CuH28C28(N2O)4,112
XACZEH,CuH4C6N5O2,72
DANZOJ_neutral,MnH2(CO)6,72
KOMGUP,Zn2H6C5N8O3,20
cg500192d_si_002,Cd14H33(C5O4)18,180
HOGQIF,GdH11(C11O4)2,44
ja408959g_si_002,Zr3H26(C11O4)4,264
QOFBIY,AgH12(C3N)6,288
SEHSII,TbH3(C3O2)3,36
PUSXIL_charged,Zn3P2H6(C8O7)2,64
SEHZUB,Co2H22C36N4O9,36
KEDJAG04,Cu(CO2)3,24
MAGBAZ,ZnPH3C8O7,32
LODPUR,ZnH16C22(N3O)2,44
RUVKOJ,EuH3(CO)6,24
SALRON,MnH4C8(N3O)2,16
cg401858s_si_002,AgH15C24(NO2)3,96
OKIXIQ01_charged,CdH36C48N12ClO4,192
CUQTAL,CuH33C42(NO3)3,336
IRAGEN_charged,AgH6C6N4O3,144
NULMAJ,Ni2MoH56(C2N)16,64
LOZSUQ,Tb2H38C60O17,240
GIWBEU_charged,GaAgH30C43SN9(OF)3,172
SUWZOB,Zn3H36C57N5O12,228
DONKIC,CoH10(C2O)6,144
DIRBIP,Ga3P3HO13,0
MUFXUI,Tb2C12(NO4)3,48
NELVAC,Zn2P3H13(C2O3)3,24
JAJKUD,EuH11(C11O4)2,44
HANKIS,In3Co9C63O44,2016
NIKYOW02,FeH2(CO2)2,24
ic202769e_si_002,CoH8C9NO5,72
LACJAC,Zn7H28C44(N9O8)2,44
CIJVOH01,CdH2C2O3,16
SAWJAC,Fe13H144C84(NO8)8,504
LUSJIT,MnH8C13NO5,52
GIWBOE_charged,GaAgPH30C42(N3F2)3,336
ic060771psi20060614_113937,V2P2H5C4O11,16
NIKDEQ,GdH38C22(NO2)4,44
cm503311x_alf425K,AlC8O4F,32
LEYLUX,CuAgH20C10S2(NO2)2,120
FUMJAA,CdH3(C3O2)3,36
FALVOF,Pr2Cu2H5(C5O4)5,100
WAYMIU_manual,AlH5C8O5,32
APEBOO,ZnH6C22(NO4)2,396
HUFHIB,AgH8C9N4,162
CAKXIX,EuH2C7(NO3)2,28
IQINAZ,CdH11C18(NO2)2,36
DAXKOE_charged,InH4C12(NO2)4,24
XAKZOZ,Mn3H33C39N8O9,312
HOWROC,Ba2H8C16O9,192
WIDTAF,ZnH15C23N2O7,184
IMISIH,CuH5C5IN3,120
WOBFOK,Cd(CO2)4,32
ZAXWEC,YbAgH24C24(NO2)4,24
AYUWUM,Na3H31C30S7O19,60
PEGBUA,ZnH8C7N6,56
TISLIR,Cd5H14C16N18(ClO2)2,32
cg3002866_si_001,Zn7H54(C11O4)6,264
QOTHOY,Co6H18C59(NO12)2,236
WAFKEU05,ZnH20C16NO8,32
FUWQIZ,CuH7C13(NO2)2,234
GIRGUL,CoH11C14(NO2)2,56
SEMFEX_charged,CoP2H21C21N10ClO6,84
UKAQIH,GdPH12(C3O)7,42
CUGYIO,Ag3H16(C4N3)2,64
HAFQOW,AlH5C8O5,32
UTIYED,EuH16C25(NO2)3,200
PAJSAX,ZnH6(C3N2)2,144
YAQZEX_ion_b,U6H11C15(NO15)2,60
WUGPUL,ZnH3C13O4,234
OPAHIY,Cd3H88C127NO13,508
COJHIT,CoH6(C3N)4,48
NUNWIE,Co2P2O7F,0
CABQEB,Co5H26(C8O9)2,64
GUSMAJ,Eu4H144C159(NO3)24,318
XIZJIA,Cu2SiH48W16C52N24(O19F4)2,104
EWETUW,TbH12C21NO6,42
NAGQOD,CoH16(C12N5)2,216
ROLCEC13,CuH3(CO2)3,18
HAKSEU,In3Ni2H18C30N9O13,60
NEFTUP,CoH20C24N11,96
NEKBEL,Co3H8W2(C6N5)4,48
WONRUM,Co7(PO4)6,0
INOMOP01,CaH2C6SO4,24
KODPUP,NdC13O6,104
RILVOZ,MnH6C9O5,36
LUJJOQ,CoH82C102S2N6(O7F39)2,408
YOPPAW,Cd2H23C28N3O8,56
QEZLIS,CdH126C116(NO)16,464
JOGHIY,CoH9C11(NO)2,44
QALHES,Cu3C6N9O,192
FUYKER,Mn2H16C26N10ClO4,208
ATUXIY,Eu3H14(C17O10)2,136
c5dt00281h_c5dt00281h2,Fe5H8C6N20(O2F3)2,6
EDADET,PrH2C8NO6,32
TAJXIO04,AgH4C6NO2,192
AVELOD,CuH15C15N3O2,120
LONVIV,MnHC3N3Cl,54
ic051143vsi20050711_050730,NaZnH8(C2O)8,32
MOMRIR,ZnH10C9(NO2)2,288
UQULAU,Co2H48C42N4O7,84
AZOHEC,Zn5P4H24C32(N3O8)2,64
MOXNIY,Mn2H31(C11O5)2,88
COMGUH,Na2Cd3H12(C8O5)4,64
IFEQIV_SL,ZnH12C18N2O3,72
YUDDEH,ZnH11C20N2O3,160
VAYWID,Ag5H40(C7N6)4,56
XIMPOA,ZnH16C18(NO)4,144
OMUMIU,Dy5H96(C82O21)2,656
OZAVUI,SrH2C6SO4,24
IYOQAQ,Zn2H3C9N4O5,36
IVEKEA,Cu2C33N5O8,1584
ic502643m_si_012,Zn4H34(C19O5)3,228
MITGUR,TbH2(C5O4)2,40
LASWIN,CoH5C10NO4,40
NIKKIC,ErH29C48(NO2)4,192
NIFYOS_charged,Lu3Co2H46C72N12Cl2O37,576
XOGXEY,Cd3H58C94S2(NO2)6,94
KEQYOU,Zn14P10C7N5O42,14
OQIQUB_charged,Cu3H89C72N38O11,144
GASTIG,Mn2H20C34N3O8,136
SENWIT,Zn2H3(C3O2)3,36
CADPIH,Ga6P7H3(O15F)2,0
MIDCAF,ZnH8C16(NO2)2,192
WAQQUB,ZnH8(C4N3)2,192
BAXSIE,Mg2H2C5N2O5,40
MUZRIJ,Cu3H22C24N9O,192
XAHPON,CuH13C24O5,192
MAGVOG01,AgH8(CN)2,32
EWIPIL,ZnH3C8SO7,32
EXEMUR,Cd2H24C36N3(ClO2)3,144
HADXIW,U2Co(CO)12,12
cm501138g_si_003,CuH2C18O5,216
TUFTAR,EuH3C8NO7,32
EHUTAE,CuH23(C13O2)2,468
AYAWEE,MnH18C18S(N3O2)2,36
FONQIJ,NaMnH16C14(NO2)2,56
EKIJEP,Co3H12(C11O5)2,44
GARTEB,TbH7C13(NO3)2,26
NAXKOO,AlC8N4O5,32
VUHNAP,Zn3H16C24(I3N4)2,288
WOYHUP,Zn2H9C19(NO4)2,152
QEWDON,Zn2H8C15O7,240
FALROB,ZnH24(C13N4)2,104
KUNLAH,Zn14H54C89N6O61,356
acs.chemrev.6b00346_cr6b00346_si_001,Zn3C20(N4O)2,120
XISVUR,Zn2H6C12O7,96
CIWROQ,ZnH8C12(IN2)2,288
GAXWEJ,BaZn2H16(C12O7)2,48
NANYUX01_charged,ZnH11C11NO6,44
CUIMDZ01_clean_h,CuH6(C3N2)2,36
OKITIM02_charged,CdH36C48N12(ClO4)2,192
HOQMIL,MgH8C13NO5,104
WOCGIG,Be2P3(HO3)4,0
IKOQII,AgH20(C2N)4,96
PAQMAY,Tb3H14C36(N2O7)3,576
XAPGED,Zn4Mo12H3(C3O10)3,72
AVIHOE,TmH3(C3O2)3,36
XEJJIG,GdH9(C2O)6,24
EHAFIE,Ce2U3H6(C5O4)6,30
LUSHIR,MnH8C13NO5,52
ZITWIK,CdN9,0
NERTAH,Cu3P4H44C34(NO2)6,136
MODMUN_charged,Cd5H14C25N13,100
RABHIH,CdNiH18C11N6,44
QATXIU,Cd5H24(C2O)32,768
OJUPIU,Zn12H228C210N12O103,630
FATKES,NdH4C7(NO3)2,56
TUMRIE,CdH9C15N5O4,60
BAWRUO,U4P6H6(CO6)3,12
RUGHOS,HoH3(CO2)3,6
BIQHEQ,Zn3Fe2H24(C7N3)6,84
VODSEM,LaC5O6,40
DAWCAH,NiH8C10NO5,40
HOGTOM,Pr2Cu3C24(NO4)6,48
YUKVEG,CoH3(CO2)3,12
LALPOF,CeH18C15S3(N2O)6,30
BINDAF_manual,NiH26C34(N2O3)2,204
VOQWUV,CdH26C42(N2O)4,252
TOVJAR,Fe6Co6H60C108O31,432
OTOXIF,KMn5Mo3H3C23N22,92
ja907023c_si_002,CoH24C30(NO)6,120
IVUVIG,Sm2H9C24(NO4)3,48
JOKXAI,CdNiC7N6,56
KABXES,Sm2H9C24(NO6)3,48
QEZZIF,Cu3H8W2(C6N5)4,96
QERZUI,CuH8C12(NO2)2,24
OTEHAY,InH4C8O5,64
RAVXIX,MgH42(C10O)4,240
TEJGEW,GdH4C7(NO3)2,56
YUYLIP,Cd5H48C84(NO6)4,168
LAFFEG,ZnH12C19N5O4,342
IBURAZ,Zn2P3(HO7)2,0
POFSIN02,CdC4,32
XUMNEA,CdH32C48N3O4,192
WOYWIS,Mn9H140C158N24Cl5O24,316
XEVGUC,GdCdH12(C4O5)3,384
QIGBIR,MnRe3C3S4N3,24
USUPUV,RbYFe2C10(N6O)2,40
EZEQOR,MgH8C13NO5,104
IZUMUM,CuH7C7N5O2,56
HABDAS,NaEuZnH10C26(NO4)2,208
DITYEM,Cu2H8C13N6,26
SONTEV,EuH16C18(N3O4)2,36
MEXDAU,Zn3P4H3O16,0
ZERNUH,Dy2H23C39N3O13,78
MUVMOG,Ga15P20(H3O10)8,0
LEQVIN,FeP2(HO3)2,0
PELRAB,CuH28C28(N2O)4,84
QOJTUE,CuH7C10IN2,80
LAMGUB,CdNiC7N6,56
TIQGEG,Cu7H12(C8O11)2,32
CUWXOJ,EuH14C20(NO2)3,160
ACALIB,ErH8C18N3O8,72
SUNHUF,NdH8(C2O)8,64
LAJDUV02_charged,TiH4C4NO8,12
VEZMOE,KCdH8(C2O)8,288
ARUYUH,Zn3P4(HO3)4,0
OKIVAG01_charged,CdH36C48N12(ClO4)2,192
TUWFUN,Ga9P8(O11F)3,0
LAMFEK,CdNiC7N6,56
KESGAS,MnH15C19S(NO2)3,76
JEXWUF01,CoH3(CO2)3,6
FUTKEL_manual,ZnH16C27NO4,108
ANIDIL,Co7H51C69(NO6)4,276
MEWNEH,Tm(CO)6,96
EYACOX,Eu2H9(C5O2)6,120
VEMSUC01,Ni3H12(C11O8)2,88
OHUMEL,ZnMo3H5C9O8,864
UZANAL,GdZnH5C13(NO4)2,52
TAPLED,CuH36(C11N6)2,44
CANRUG,Ca3Si2H34(C7O2)8,112
NEFZOO,CuH6(C2N)6,48
ILOWAI,NiH24(C13N4)2,104
WASMUB01,FeH32C44S4N7,176
HURNOX,CoH7C5NO4,20
FAVHES,Tb2H24C26O17,52
BOYCEY_auto,CuH7C15O4,270
DUWROE,Mg4P3H6(C2O7)4,32
WIDQEG,VH4C8O5,32
ASOVEL,CaH20(C15O2)2,120
BEFLEF,AlPO4,0
JIXWUJ,MnH2(CO2)2,24
UYOYUD,FeH3(CO2)3,12
HAKVEX,In3Co2H6C72N9Cl4O13,144
LEJKIW,In9P17H11O60,0
WUTCET,Co3H32C52(NO8)2,208
VEHNED,Na6NiH6C15N3O10,60
GUSCIH,GdNiH6C15(NO5)2,30
QQQGTA01,CdH2C3O4,18
NAJTAW,TbH9C19O6,152
YUNJIB,CuH7C7N4O,28
HACDOH,CoH13C20N3O7,360
VAZLEP02,EuH2(CO)7,28
VEHKOK_charged,Zn9H39C55(NO19)2,220
FAVDIS,Zn5H24C36I23N12,288
OWIHUZ,InH4C8O5,64
HUBQEC,Cu6Mo24PH144C108(N8O9)6,108
KAVJAT_charged,Pr3H6C48(N4O15)2,192
JUCXEK,NpC2O5,12
NAQREE,EuH3C7NO4,112
ZUKNAW,MnCu2Mo6H20C18I2(NO6)2,144
BEWCUD,Zn3H26C50(NO4)2,400
ESIFET,CdH6C6(N2O)2,108
GAXDIS10,Cd3(C4N3)2,16
CUGFAN,ZnBH12C13(N4O)2,26
TAKZEN,Zn2H11C12N7O3,48
CISLUN,Cu3H16(C12N13)2,48
NUDNEH,Mg3H8C14(NO5)2,56
COMZIP,ZnH16C26N4O5,104
HIHGUC,CdH26(C11O4)3,132
JUPNAL,SrCoH6C14(NO4)2,56
QERZUI01,CuH8C12(NO2)2,24
GULVUF,YbH30(C13O3)3,312
PEVBUP,Cu19H60(C58N39)2,232
LUSHOX01,MnH4(C2O)4,64
DEKHEH,MnH16C24N2O5,48
QOBPEE,Be3P3H2O13,0
OSUVIJ,USiH17(C9O2)3,108
DAFHOJ,Mn3H16(C2O)16,64
ZAXWAY,EuAgH24C24(NO2)4,24
GUPNUC,CdN9,0
HOQNEI,MgH8C13NO5,104
BOXYEU,Mn2PH2(CO3)4,16
TUYHUR,CeH3C7NO4,112
DUQCAU01,Pr(CO2)3,12
DUNYOC,Zn2H48C69N11O10,552
JUWBIO,ZnH2C3N3O2,12
ZUNZIT,TbH9C18(NO2)3,36
OKECIQ01,Al3(PO4)4,0
KICXEB,Co2P2H47W18C32N24O47,64
ZUGDEM,Zn3H10C23N5O12,92
XOTGUI,Nd(CO2)4,16
YUKVIK,NiH3(CO2)3,12
WECBOX,MnPH2(CO4)2,32
GUJVOX,MnH15C15SN9O4,30
DOCKOW,Mn3Zn6H66C104(NO10)4,104
IJATIW,PrH3C12(NO2)3,48
MINCER,BaH4C2(N5O)2,4
PIBNUK,ZnH8C16(NO2)2,192
BAPVEW,MnH24C26(NO2)4,104
acscombsci.5b00188_5020072,Zn4H18C50N8O13,50
RUYQIN03,LaH12C21NO6,189
ALAHUS,Tb3H19C43(NO9)2,344
EXIDOF,CoH2(C5O4)2,160
CIWSAD,ZnH8C12(IN2)2,288
LADWAR,Co3P2H6C12(NO5)2,24
YIWNOH,Cd3(C4N3)2,16
j.jssc.2016.09.008_mmc7,CdH9C14BrN3O4,56
VIXWEF,Ni5H6C16N2O9,384
NOCLOH02,SrH4(C2O)4,24
FOKYUB,Mn3Mo2(CN)16,32
UMIZEX,Gd7H53(C17O7)5,340
VUKROK,NiH12C15NO4,60
OVEXOD,Mn9H80C128(N16O17)2,256
BEFNIL,AlPO4,0
GESNIC,La2P5H32C18S2N4O21,72
KAHYEY,Mn2PC3O10,6
OKIWEL01_charged,CdH36C48N12(ClO4)2,192
ROYRII,Er2H42(C23O6)3,276
WAHKUO,TiCu2H40C56(N4F3)2,168
ILUGOM,Er2Fe3H18C42(NO4)6,84
NISCOJ,ZnH20C22(N3O2)2,88
LAWGOI,Er3Zn6H43C62N18O29,248
SAMLAV_manual,CdH7C12(NO2)3,48
EMOSOP,CdH10C10(NO2)2,80
OHIHOD,TbH8(C2O)8,64
KAHYID,GdH3C7NO4,112
UFISOS,Fe2C4Cl2O9,32
YAVSOG,CeH7C14(NO3)2,112
ALOLES_ion_b,KBi3H20C18N2O23,72
MOXNUJ,Cu2H24C25(NO)4,50
FAGQAI,CuH10(C11O2)2,264
AFOYAW,Cu2H21C25N15O,50
HURGAE,Zn5H50C44N9O16,176
FINQOK,Ag7H20(C6N5)5,60
UWUKII,Co4H23C48(N3O5)4,192
VUGXAY,CeH27C30(NO2)3,60
FARHIR_ion_b,K2H16PbC28S2O13,56
WAVQAN,NdIn3H9C27O22,108
NEXVET,Ni4H12C24O13,192
OQUFAJ04,Zr3H16C36(OF2)12,144
LETQAE,Zn23Ga4P34H34(O51F2)2,0
GARTAX,GdH7C13(NO3)2,26
YUZCAZ,ZnH6C5N8,30
WIKYAQ,KCoPH88C63N14ClO14,252
XADFAL,CuH4C9(NO2)2,36
UWOWAF,MnH4C10(SO2)2,60
SUGVUM,CuH14C20(NO)4,80
RAWZIA,AlH2C10O9,40
QOWRAV09,CuH10(C9O2)2,432
ARAHIM01,NbNiH8C8N4OF5,32
MISQIQ,Al2PH2(O3F)2,0
KITVEQ,ZnH26C41N2O5,164
XAZGEK,AgH6C3N2,72
JACQUA,CdH64C78(N7O4)2,624
HAFVUH_SL,MgH5C8O5,64
CEGWER,CaPH9C7O9,28
EJEGOQ,U8Co3P4H8(C2O7)4,48
DUJQUW,Sc(CO2)4,12
YUMFUJ,La(C7O2)3,168
DORFAS,InH28(C5O2)4,60
QAQMON,Cu3H22(C21O8)2,336
ESURER02,Co3H8C14(NO)6,56
GIKMOD09,Cu2H3C8SO8,32
LUKREO,MnP2H22(C3O)8,96
MARPOL,Fe2Ni3H66(C3N2)12,288
VEHJID,Zn2H3C17(NO4)2,68
AVITUU,CuH16C24SN4,384
MURBEI,InH6(C2O)8,64
LERNAY01,Co2H7C10NO7,40
OSIWUJ,AgH6C4N3,32
AWOKED,SmAgH14C15(NO3)2,60
QOFDIA02,AgH12(C3N)6,288
VIZSUU,ZnH12C22IN9,792
FURRAM,AgH8C11N2O,198
KONYOB,CdNiH21C13N6,26
VAHTUW,Tb3H96(C21O2)8,1344
GUVBEF,Ni3P4(WO7)4,0
ECOLEP,Co2H3(C3N4)3,36
CUMDEU,CeP2C10(NO3)2,40
CUXJEM,EuH8C16N5O6,32
KIFDIM,Fe3H24C30S2(N3O7)2,30
EBOXEA,Mn10C31N15O16,124
TIRKEM,CeH44C40N6(ClO5)2,160
REKZIR,Cd3H49C69(NO4)4,552
HAPNOE,ErH7C14(NO3)2,112
JAKPET,H27Pb2C42(NO5)3,168
GINPAW,Co3H66C92S2(N4O3)4,368
LEJRIC,NiHC4O3,24
WEVQOD,Gd2Cu3H24(C4O5)6,48
PEPKOL,NiH9C9(NO2)2,36
YAFDAM,Ho2CoH32C56(N2O5)4,56
cm503311x_aloh475K,AlC8O5,32
WOHQAN,Mn2Cu3H10C18S3N3O7,36
FOFHAK,MnGa4P4C2(O10F)2,2
AZAVOO,MgH13(C4O)6,192
VIWZOR,Zn2H3C9IO7,36
HOJLUP,Zn2H43C55N7O8,220
AQOMEA,Co4H16C32N24Cl,768
ja406030p_si_010,Zn6Cr3H270C186N6O37,372
IBEYOE,Cd3Mo12(P4O25)2,0
DUMXIU,DyH8C12(NO3)3,48
DAPXEZ,NiGe7H8C4(NO8)2,16
ECASAD,ZnPH5C5NO4,20
LUJSOA,Ca3C6(NO6)2,24
BIMDIL,CuH6C7O4,28
VEDFIV,Co2H18C24N4O9,96
WAHREE,Co2H26C51(O2F3)6,102
ATULIM,ZnH5C7NO3,56
KARNID,Cu6H18C51O28,408
EMEJUD,CoH66C62S2(N4O)2,992
VEHPUU,CuH7C12N3O4,48
SOKXIB,CoCuB18H23C15O4,180
UTADIE,Eu(CO2)4,32
VUHPAR,Zn5H24C36(IN)12,288
ja500330a_si_005,Zr6H9C25(N5O14)2,100
LEVDIB,CuH7C18ClO5,108
BEGDEY,ZnCu2H22C54(NO)8,432
ic101789u_si_002,GaH4(C3O2)4,72
HIHGAI,Eu4Si3H48(C7O2)12,168
TETVIZ,Co3Mo12(P4O25)2,0
JUNBOL,Cd2H15(C15O7)2,120
PELRIJ,CuH12C20(NO3)2,480
MEFJOY,Zn9H18(C27O19)2,216
LUMZEA,Cu2H5C6N3O5,48
NAQQON,PrH3C7NO4,112
GISWEM,NiH14C22N3O4,176
LOXWAY,CuH11C11NO4,44
WANHAX,CuH7C15(O2F3)2,270
UJUMUJ,CoH21C29N3O4,232
IFUXOW,Mn3Mo2(CN)14,56
TOVKIA,Fe3H28C50O13,150
HIYMEJ,KYbC8(NO4)2,160
BUKRUW01,Zn8H12C24N12O11,96
GANBAZ,Mn(C8N7)2,128
JUFBIX,Co2H28C52N4(O3F4)3,104
TUYFIE,ZnH5C11NO4,44
IQOKIK,Mn3Si2H32(C7O2)8,168
ja110042b_si_003,CoH5C11NO5,264
WABVIF04,Cu(CO3)2,8
RAFRUL_charged,Ag4P3H36C18(N2F3)6,144
VAJTUX,CuH7C11S(NO2)2,44
CAYMIZ,GdH12(C7O2)3,84
BETHIT,CdH2(C3N4)2,72
GASSEB,ZnH12C11(NO)2,44
KUCDOD,Cu5H18(C8O5)4,32
XULRIH,Zn3P3H15C18(NO2)5,36
QATKII,EuH15C24NO8,96
PAPVIN,TmH24C27(SO3)2,108
KEXPIO,ZnH3C13NO4,52
NIWZIE18,MgH3(CO2)3,6
NIMTAE,AgH20(C6N)4,384
OFESIC,Sm2Cu3H30C24(NO4)6,48
QAJJUH,In2P2O8F,0
GATQOK,Zr6H50C88(N3O10)3,704
ZEDWAI_charged,TbH27C39N5O11,312
JOGSAA,NiH11C16N3O2,64
IYEHAX,Cu3H19C36N5O12,144
KEDJAG12,Cu(CO2)3,24
VOPCEK,Ce2H20C36N6O13,144
GANBAZ01,Mn(C8N7)2,128
TAHNEY,Cu18W5C14(S10N7)2,28
NAHDIM,Zn2H81(C5O)18,360
WOZSOT_charged,Cd13P8H112C56(N3O19)4,112
YUXLIN,GaAg3H27C39(NO)6,702
ZOXTIR,ErZnH7C12(NO2)4,48
ANUGIA,CuH7(C7O2)2,84
NIMXAK,Ti2H6C12(N2O3)3,96
VUHMUI,Zn7H48C72(I5N6)4,288
QEBGAH,CoH17C30(NO2)3,120
FALQIU,Pr2Cu3H54C36(NO4)6,36
jacs.6b09113_ja6b09113_si_002,Zr3H26C48(NO3)4,96
INEBOT_charged,Ni7H104C132N22(ClO15)2,264
ODODUI,Zn9Si4H66(C56O17)2,448
QERWAL,NiH14C16(NO)4,96
EXEWIO,Zn3H45C65S5(N3O5)2,260
cg900505v_si_004,CdH6(CN3)3,30
WANHOL,CuH7C13(O2F)2,234
IZOWEA,Zn4Mo12PH3C9O34,36
OBUFIB_SL,Zn2H12C16N2O7,64
ESUSIW,Co3H8C14(NO)6,56
VAKNAZ,Cd2H22C25N2O9,200
QODHUO12,AgH12(C3N)6,288
NASMEB,Eu2MnH32C56(N2O5)4,56
HUDMAW,NaCo3H24C36(NO)12,72
YOYYUI,Zn6H47C54(N4O9)2,1296
TOVHET,Fe10Ni3H42(C2O)54,648
acs.inorgchem.6b00081_ic6b00081_si_001,NiH16(C12N5)2,432
RASXIT,EuHC5(NO2)2,80
ASIQEA,CuH18C26(N2O)4,104
TOFQEM,CdH8C12(NO2)2,48
SABYIG,Sm2CuH12C32(NO6)4,32
ic049498msi20040906_121120,PrH3C7NO4,168
ja202154j_si_003,ZnH16(C2N)4,48
WOPWOO,Cr2Ag3(CO2)12,96
DACYAI,YbH17C30(NO3)2,60
AQUDAT,Cu2H14C17(N5O2)2,68
GALHOS_ion_b,In8H255C256(NO4)16,256
PUWDIU,Zn3H6C18O13,144
AWEVIJ,Zn2H88C106N9O8,848
GASSUR,ZnH6C11(NO2)2,88
NISPEL_charged,Zn2P2H16C16NO10,64
HUDMEA,NaCo3H27C36(NO)12,72
VAPFUP,SrH6PtC14(NO)4,28
ALUJIB,Ce6H38C72O37,144
GEDTAM,NdH8C16NO6,64
SAKRED,Zn2H8C11O7,44
HIBGEF,MgH2(CO2)2,24
OWUJIB,ZnH10C17N3O4,272
XEKCIB,K2Nd2Pt4C16N16O,256
UGOCAW,Cu9H27C48N15O23,1536
ADODII,La2H40C52O19,52
PEDMER,CuPHC2O3,12
SULKIU,ZnH8C14SO6,168
QOJKAB,Zn(CO3)2,24
XUMVAD,Dy2H9C24(NO6)3,48
TEBSAW,ZnH6(CN2)4,32
cm503311x_alf40K,AlC8O4F,32
TILBIB01,Pr8Sb24H14C39S7(Cl8O33)2,78
ZARTAP02,FeH15(C3N2)6,108
GOTDIE,CdCo2H44C68N20(ClO4)2,272
QAVBUL,TbH15(C9O2)3,81
BACMOH10,CuH9C7N3O4,28
j.ica.2016.08.030_3,CoH20C17N8,68
HUFKUQ,Cd3H49C66N7O19,264
GUTYIE,ZnH2(C5O4)2,40
PATLON,CdH17C9(NO2)2,72
TAHYUZ,Co5H20(C22O9)2,176
ETIXAI,Zn2H31C53(NO4)2,212
YIXFOC03,Eu2H13C24ClO12,96
ic502488c_si_002,Mn2H41C32(NO2)6,128
LECFAC,Cu9H32C60S2(N9O17)2,120
SORXAA,PrHC12N5O6,96
MIPHEA,Mn6H181C137(SO2)12,1096
ILIMUN,NiH16(C12N5)2,72
LUMYOJ,Cu2H(C2N3)3,48
CUMDOE,NdP2H12C6(NO3)2,24
IQIJIC,Co3H64C84(NO3)6,168
ja039022msi20031007_110612,ZnH6C2N5F,12
QEZZEC,Tb3S7O29,0
IGUTEK,Al3Si(PO6)2,0
RUYVIS,EuH15(C11O2)3,297
PEWGEF,Cu3H13C8(N3O)2,24
NADZID,YH3(C3O2)3,36
QQQGTA02,CdH2C3O4,18
FIMXUW,La2H7C15O14,60
IKOTUZ,KSmH6C14(SO5)2,252
HEMVIF,CoPHO5,0
RUXKUS,CdH24C22N3O2,176
HAZNED,Cd2H14C24Br4N4O9,96
YEBLAT,La(CO2)5,20
YOYNUX,Ni2H39C63(N2O)6,126
BAQWIC,Ag11H30(C7N4)6,42
PATWOY,Zn3H64C98(NO2)6,98
FAHPOV,Zn4H24C48O13,192
DOQKAW_charged,Cd5H44C52(N7O8)2,104
cm503311x_aloh275K,AlC8O5,32
UDAXEF,Zn3H24C36(I2N3)4,288
QOJVAM,CuH7C10IN2,40
RAZXIA04,KCo3H8(C2O3)6,96
LAZHUR,Co2H32C41(NO3)4,82
CAKFIF,TbH12(C5O2)3,120
acscombsci.5b00188_8372,Zn4H2C20O13F6,20
SERJUV,Y2H9C21(NO4)3,84
ALUKUO,EuH12C21(NO2)3,84
IYOWID_manual,ZnH14C23NO4,276
ACOCUS,ZnH14C24NO4,1152
AXUHAD,CoH34C34S2(NO3)2,272
jacs.6b08724_ja6b08724_si_011,Mg3Co3H36C72N6O13,144
KUQXIE,Cd2HC9NO8,18
FEZREJ,Ba2CdH8C16(NO7)2,64
EBEZUI_ion_b,Ag2H18C21(N2O)4,84
ROQDIM04,NaFeN18,0
YINXUQ,Ag5H24(C4N3)6,48
YORNIE,CoH8(C3O)4,48
XOMHIS,In6H36C94O43,752
KOSKIO,CoHC4O3,24
VOXKIE,TbH6(C2O)6,96
ZOGBAA,InH2C25O9,100
IMUKUW,Zn10H114C156N12O13,2496
ZIKJIO,Cu2H15C24NO8,48
WENKOR,Gd2H32C45S3O25,90
ECODIK,Cu2H8C12N2O5,48
PUGHAC,MnH8C14SO6,168
DAMYOI,Tm3H40(C4O)16,256
PEGQOJ,TbHC5(NO2)2,80
QIYCEI,Si4Ag2H67(C27N4)2,216
UMODEH15,CuH15C22O5,396
ACIBIY,CoH2(CO2)2,72
SEWCED,Cd3H70C120N10(Cl4O7)2,480
LOLREL,Tm12H58C139O86,278
MIGVON,Co2H56C42S3(N9O2)2,168
SEFWIL,ZnH10(CN)6,72
KOMHEB,Pr2Cd3H48(C6O5)6,72
CUTFUT_charged,AgBH48C46SN3(OF)3,552
TURDUH,CoH19C23(NO)3,184
GUHNUU,LaH25C28(NO4)2,224
FAYPIG,Zn5H60C75(N3O2)6,150
ULOJUC01,Zn3H24C36I11N12,288
MULQOA,Zn3H4C10N4O9,40
HARGUC,KBi2(C6O7)2,48
NIKZEN,FeH2(CO2)2,24
YOVPEG,CoH32C47N6O5,188
LIRTEM_SL,Cd4H57C40O17,40
NACZUP,Zn4H168C234N24O13,234
HAZGOF05_clean_h,ScH6(C2O)6,48
LAJDUV_charged,TiH4C4NO8,12
XUBJAF02,Eu2H6(C3O4)3,18
RAYLOU,ZnH21C32N5O8,192
CESYEF01,AgH4C6NO2,24
KUKZOH,Zn4H30C48N12O13,384
JOKYAJ10,Cd2Ni2(C5N4)3,60
MONFEC,Mn3H4C16(NO6)2,32
IBICIH,ZnH15C11N2ClO2,66
SANHUN,HoH8C12(NO3)2,96
SAPJEZ,AlPO4,0
XASPEP,Zn3H6C18O13,144
SABVUN_clean_h_min,AlH5C8O5,128
HUZYAE,ZnH24C30NO6,480
ja907023c_si_003,CoH24C30(NO)6,120
NOQKOV,Co3H38C58(N5O4)2,58
AMIMEP,ZnH12C15(NO2)2,120
OBAFIJ,TbCu4H12C18I4(NO2)3,72
WEJWAL,AgH18(C7N3)2,56
RAVWES,MgH11(C5O)3,90
EMUVAL,SmH6C13BrO6,52
WARXUL,Cu6H39C70O27,280
ISEQIH,Ca3H10(C6O7)2,24
UCABAE,CdH25C35(N6O)2,70
JILXOS,Cu2H9C14N5O,112
GOLYOX,Ni3H46C74S3N4O19,148
DOMGAP,Na4Gd2Zn2H48C97N9O23,388
AGAYIQ,CuC20Br3(NO3)2,160
YINDOQ,MnH8(C7O3)2,168
PUNSOH,LaH9C12(NO2)3,48
TAZYAV,Fe2Ag3C12(SN)12,48
acs.inorgchem.6b02407_ic6b02407_si_002,LiZnH6(C5O2)4,80
USAHAZ,ZnH9C13O5,208
KIRTUC,Be3P4(HO3)4,0
OCUGEZ01,NdH12(C3O2)3,18
GUKZAO,EuH6C12(SO2)3,24
WOFVIX,Ag2H12C15N2O3,60
QUKYUR,NdCuPH6C6NO9,24
ETEJOD01,NdH4(C4O3)3,24
MIQLII,Zn2H3C9BrO7,36
ZELQAK,Zn2H7C18N3O8,288
KIBYAW_charged,AgPH17C17S2(NF3)2,68
ABULOB,Be3P4(HO3)4,0
QUHMOX,Gd4H2C2S5O24,8
HEGJUZ,Zn3H32C52(NO6)2,208
KOHDIW,CoSiH16(C7O2)4,224
HONXAL,Zn4P4H84C120O17,480
cg8002564_si_008,Cd3H32(C2N3)18,36
NAVFUM,Fe2PH(CO3)3,12
NOCYUB,Sr2ZnH9C21(NO4)3,42
XILSUI,MnZn2H36C72(N2O3)4,144
HUWLUI,ThPH12C21O8,42
SUJRIZ,ZnH14C20(NO2)2,160
MUHPOV,In2P3H3C2O13,8
GUHGOH,BaCoPH6C5NO7,40
PACZOK,V5(PO6)2,0
EBIDIE_charged,Fe2Ag4H54C78N17O21,156
AWOFOI,CeH3(C3O2)3,36
QASSUZ,K7Fe2H18C23S2(NO12)2,69
EBITAL,Be3P4(HO3)4,0
REXCUU,ZnH8C12(IN2)2,144
KANDIO,ZnH9C16NO4F,64
QUZZES,MgH8C12O5,96
BEFPAF,Al5Co(PO4)6,0
VEJYUF02,ZnH6(C3N2)2,96
XEHSAF,MgH2(CO2)2,24
ROQMER03,NaCrN18,0
KULRIT,YbH9(C3O2)3,36
BINSAU,MnH14(C13O2)2,624
VEDFOB,Co2H18C24N4O9,96
NAGCAB,ZnMo6P4O25,0
TEVZOK,ZnH2(CO2)2,24
QUGNOV,CdH8C12(NO3)2,24
XUFWAX,Cu4H12C79O20,158
UMUTUS,Eu2H2C11NO12,44
PEVFON,ZnH10(C2N)4,96
WEHHEY,Zn4H20C37O20,148
PEPLAY,VH4C8O5,32
EKIJEP01,Co3H12(C11O5)2,44
IYOVEY,Nd3H8C24S4Br2Cl3O16,48
HIFTOG01,Zn4H12C24O13,48
YIKJOT,AgH4(C2N3)2,384
ZEDHIB,Zn3H21C27N3O10,108
RAJFAM,Co3H8C14(NO)6,56
QUQWUW,Zn2H10C18N5O8,72
PELQII,CdH32C47S(N2O3)2,376
GITSUY,Zn2H18C17N8,272
VILXOE,MnH5C8NO4,32
OLOPIQ,ZnCdH15C21N2O5,168
YOYQAG,Co2H39C63(N2O)6,126
ORAKUO,KYbRe4C12(SN3)4,96
BIFKEI,Cu3H23C29N10Cl3O,58
XAHPUT,CuH16(C6O)5,240
NEKMUN,Co2H15(C15O7)2,120
BINCUY_manual,CoH26C34(N2O3)2,204
PUDSIR01,Eu2H18C42(SO6)3,168
HIZTUG,Zn2H30C55O12,440
NEDWAW,MnH16(C11O4)2,66
TACFIN01,ZnCoP2O9,0
SUVZUG,V6Zn2H24C24N18O11,48
IBIYOI_ion_b,Cu4H24WC30S4(IN3)2,240
LAWFUL,Zn4H12C24O13,192
MAXHUP,Ag3H12(C2N5)2,16
XOSPEB,In4P7(HO3)7,0
TARWAK,CuH(C2N3)3,24
SUHHOT,LaH6(C2O3)3,12
ZUBCEG,Ba3Fe2H4(C6O13)2,48
PENXUC,V2P2H6C3(O3F)2,12
IQECIS,Co4H39C63SN12O10F3,252
VASFED,PrH3C9(NO2)3,18
CIGXIA_manual,Fe3H6C18O13,1224
BIWSOQ,Cu4C112N48Cl,672
MAXJAY,EuP2H5C2O7,8
YUZPIU,Zn3H30C54N9O14,864
YIWLUL,Cd3(C4N3)2,16
WEHHOI,Zn4H20C37O20,148
UMUXEG,Cu4C19I3N4,38
QOWQUO_manual,CuH10(C9O2)2,216
XUDPIX,Cu2H24C39(NO2)4,624
FIJCUX01,Zn3H10(C8O5)2,96
IJISEZ,KV2P2C3O8,24
IMAXOL,Cu3H40C48N9O8,192
WONZUV,ZnSiH24C32(N2F3)2,64
VEFJOG_charged,AgH12C22SN4(OF)3,88
GUPBOJ03,CdH12C9N4,432
DUZPUL,ZnH3(C2O)4,64
GIXMUX,CuH14C16N2O5,128
BUVVIZ,Tb5H46C95(NO2)16,380
TILVOZ,CdC4,32
VABKAL,AgH16(C4N)4,64
NERNON_charged,YbNiH32C42S2(NO)13,168
ic402058f_si_004,CdH10(C3O)6,108
SUXYAM,NdH16C16(NO)8,128
VAXHOR,CaC9NO6,36
NIZZOM,ZnH8C12(IN2)2,288
XEGKAX,GdH6C21(NO3)6,168
FARFUA,ZnH8C12(IN2)2,144
YICTUZ,Np2C3O7,12
WEBZEK_charged,Cd7H184C176(N2O15)4,352
HEXNII,CdH9C12S2N5,24
WUTBES,La2Cu3H30C24(NO4)6,48
ic9002115_si_001,ZnH13C20NO4,160
ic801677y_si_001,Co3H72C100(NO)8,100
KOSLAH,CoHC4O3,24
ETUWEW,Sm(CO2)4,16
CUYHIO,ZnH18C22(NO2)2,88
ESEHIV,CuH10C16(NO)4,48
IQUNAJ,KY(CO2)4,8
OXALUV_SL,In2H26C33O14,132
EFESIT,K2Zn5H72C100S2(NO15)2,400
MATTUX,ZnH10C17NO4,68
UKUTEB,Zn2SiH21C34N2O9,136
SIVKAK,MnAg2H4(C5N3)2,80
MECWOH,Zn2H70C40N8O5,960
OKUJOV,Zn5B3H123C102N9O20,408
WIMWIA,Zn3H16(C2O)16,128
MEFHUC_charged,Zn2H25C39NO14,234
QISKIN,K2CuH17C17NO9,34
BETFUD,CeH8C16NO6,64
JAJZAY,ZnH3C13O4,234
TEHRUU,Nd2H6Ru3(C4N3)6,48
GAJZOI,GdPH11C7NO5,28
HAFFAY,CuH15C23N3O5,414
WODWUJ,GdZnH10C20N3O10,40
REHHIX,Cd3H15C33(NO7)2,264
GIKMOD04,Cu2H3C8SO8,32
NDAIAH,Nd2C12(NO4)3,24
TEBCEK,Co3H38C48(N2O3)4,48
QOSJEP,ErCuH9C16(NO5)2,64
LETQAE01_ion_b,Zn23Ga4P34H62C16N4(O57F2)2,64
FELWOK,CaYbH12(C4O5)3,96
FUHNIH,NaZnH6C16O9,128
AQUCUM,NiHC4O3,72
NIFTIH,CdH8C15(NO2)2,120
OJIWEK,ZnH14C24(NO3)2,96
TUJGAI,CuH19C28Br3(NO2)2,224
BOWNUY,CuH2(C3N4)2,72
RATRUB,Tb2H6C18(SO4)3,72
LOCZIO,NiH9C15S2(NO2)2,120
RIYBEI,ZnH8C12(IN2)2,288
TUTJAU,MnH9C14(NO2)2,112
WOLMUG,Ag2H15(C7N2)3,168
WEBROK,InP2(HO4)2,0
CAJQEL,Cu2H11C21O10,84
IZIKOT02,KFe(CN)6,12
GAYGAQ_clean_h,CuH4(C3N2)2,12
CAKXUJ,TbH2C7(NO3)2,28
UMODEH24,CuH15C22O5,396
OBUFEX,ZnH11C16(NO3)2,64
QAHMUJ,BaCdH4(C3O4)2,24
FAVHAO,Eu2H24C26O17,52
ITIBET,Cd3C8N6ClO8,32
UMEPOT,Nd6H20C54S9O37,216
NIMPEG,Cu2H36C47O10,94
LIQDAS,Ti2Zn6H42C79N2O33,158
HAZGOF07_clean_h,ScH6(C2O)6,48
EKOPIE,Sr2CdH8C16(NO7)2,64
YAHPED,NiH12C19(NO3)2,76
ja0752540-file002,ZnH8C12(IN2)2,288
JIVSEN01,Sm2CuH30C48(NO8)2,96
NIVZOJ,Ag5H42(C4N3)7,56
HUQHAE,Zn3H58C90(NO3)4,180
FAVFOA,MgCd2H36(C17O4)4,1088
CUKXAJ,Cd3H4(C5O4)4,80
XAPDEY,ZnH8C12(IN2)2,288
WANNEH,CoH18C17N3O4,136
MONFAY,Co3H4C16(NO6)2,32
DADLEC,MnH25C39NO6,312
EGEJUW,Zn4H32C64N8O21,256
KIRFIA,Cu(CO2)3,24
RAZXIA01,KCo3H8(C2O3)6,96
ZEZQAY,TbH9C18(NO2)3,36
AVOSIO_charged,Ag2SbH72C66(O2F)6,198
jacs.6b06759_ja6b06759_si_003,Hf13(C53O11)6,1272
RUJGOT,Mn3H12C14(NO6)2,28
ECALIF,Gd2CuH8C15N2ClO6,120
ja512973b_si_005_auto,Zr3H65C120(N3O8)2,240
GANBED02,Ni4C34N41,136
DUFXOT,SrH4C8SO7,32
JOZWOM,Zr6Zn3H168C264(N3O8)4,264
KEVPEH,CaH14C12O11,48
ADATOQ,Ag3H72(C39N10)2,312
UMODEH23,CuH15C22O5,396
NAYXOC,TbPH12(C3O)7,168
LIQTUC,AgH43C35(S2N)2,210
YIWNUN,Cd3(C4N3)2,16
QUTTII01,Co5H4(C10O9)2,40
KOSLIP,NiHC4O3,24
BOCTOE03,MnN9,0
QOFDIA,AgH12(C3N)6,288
KOMHUR,Eu2Cd3H48(C6O5)6,72
UFEXOT,Er6Cu3H20C30(N4O9)3,90
YUZPOA,Zn3H17C36N9O14,576
RUFTET,CoH8C13NO5,52
HUJGEA,Cu2H11C23O9,184
VAHTOQ,Sr2H48C84ClO8,336
REXCEE,Zn6H64C91(I4N9)3,364
CETHEQ,Cu3H13C8(N3O)2,24
ZUDXAZ,Fe5H8C4N20OF7,4
VARREL,LaGdH12(C4O5)3,24
DEQVIF,MnH16C20(NO3)2,80
ic2017598_si_001_clean_h,Zn4H12C24O13,48
PAMHES01,Zn2H6C18O9F8,36
ZAFXAI,Y3H6(C3O4)4,96
CISMAT01,AlPC2O3F,8
OPENUT,EuH6(C2O)6,96
QOFDIA01,AgH12(C3N)6,288
GELVID,NiH4C7O5,21
BOMCOX,ZnH13C20N2O5,160
NATNOM_charged,CuH20C26N6ClO10,52
WOHBIF,CuH12C11NO4,44
RUSXEK,TbH12(C4O)6,48
GISZUF,Cd3H40C48S2(NO)8,192
MOTMAK,LiH2(C2O)2,32
DIWMUT,Ca7H54(C21O10)4,336
AWASAU,PrCu4H12C18I4(NO2)3,72
VUWROW,NdH12(C3O)8,48
BIZLUT,TbH32C40(NO)8,240
WEXNIW,BaVH2C4O7,8
cm503311x_aloh250K,AlC8O5,32
NEBYOK,Tb2H25C43(NO3)4,172
JEJKIT,CoNiH14C18(NO5)2,72
SAKDEQ,GdH3C7NO4,168
ja905009e_si_002,ZnMo3H2(CO2)4,32
VEYREY,Cu2SiH18(C17O4)2,408
SANGUM,SmH4C12(NO3)2,96
AHOJUC,V(PO3)2,0
ORULEU,Co3H15C27N3O11,108
XANKOO,Mn3Zn4C96N6Cl3O19,1152
VUMBOW,Cu2P3H19C18N2O11,144
RIGWIP,EuH2C6N2O5,48
IPIJUM,Er2H3(C5O4)3,30
XUMSOP,HoH5C7O6,112
QAQNOO,Cu2NiH36C30(N3O5)2,180
MIYWIB,Ag14H6C24N2(O2F3)3,48
DUYVEA,CdH18C18(NO)4,72
LAWGOG,Zn4H12C24O13,48
HOCDOU,Mn5P2H2(C5O13)2,10
DEMLAJ,Cu10H42C22N39,88
MEJQID,ZnH8C11(N3O)2,44
UFEXIN,Ho2CuH4C10N4O9,30
RIYBOS,ZnH8C12(IN2)2,288
EBEXIV,Zn3P4H4O13,0
LABPUC,Zn9H96C102I26(N6O)4,204
PORVUO,ZnH18C26(NO2)2,52
WABVOL,KCu(CO3)2,24
MUFZIY,Cd3H38C65(NO4)3,130
KASRED,CdH8C15O4,120
DABGIZ,Cd5Mo16P8H48C60(N2O9)6,120
VERZUP,ZnH3(CO2)3,12
RAVVIU01,CoH2(CO2)2,24
WEYQAU13,MnH3(C3O2)3,72
XUNSOQ,LiH4C6NO2,48
jz4002345_si_004,Zr3H14(C3O2)8,48
jacs.6b03263_ja6b03263_si_002,Zr6H75C111S6O37,222
XASNUD,Zn9H18(C27O19)2,216
PEGCIP,ZnH8C17(SO2)2,204
GONTAG,CaC8(OF)4,32
LUTSEA,Cu2Mo(CN)8,32
UWODAN,Mg3Ni2PH9C14NO16,112
HUQGUX,Cu3H58C90(NO3)4,180
OTOZAA,CuH16C25(NO2)2,100
GOGSIF,Co5H64C41(N2O3)4,82
TURDIV,CoH19C23(NO)3,92
EZOFUV,NiC16NO4,128
UMOZUT,CuH15C22O5,396
ATIJUJ_manual,CoPH9C6NO3,36
jp302979a_si_002,Zn11H18(C27O32)2,108
KUMGOQ,Cu3H4WC8S4N5,32
WOWBER,Cd3H12(C11O5)2,44
WONXIH,GdCuH8C14(NO4)2,56
SUKYIH,Cu2H16C29O8,58
RULQIY,Yb2Cu3(C4O5)6,48
MUMYAW,CoH24(C11N2)4,396
WUNTUV,CdH36(C4N)12,192
NORPIV,ZnH6C6(N2O)2,96
WOYJIF,Cu2H9C19(NO4)2,152
MUPYOM,Cd2H6(C2N3)3,48
GEJJEL01,NdH4(CO)6,24
WASNIO,CuH18C14(NO)4,56
EHEKUY,H28Ru2C38S(NO2)4,152
CUXFUX,CoH16C25(NO3)2,100
WAVROC,MgInH20(C4O)9,432
WUKXEH,Cu3H17C36N9O14,576
XASJUZ,Er3H12C24O13,48
REHTUV,CoH25C35(NO)5,280
PAQTOS,Rb2FeNiH24C54(N3O5)2,216
PUQHIT_SL,ZnH8C11NO4,44
YAWKOX,Pr2H18(C5O4)3,60
IGITOJ,Cu3H12C6(I2N)2,108
AFUPEX,TmH3(C3O2)3,36
PEJRED,Co2H37C51(NO2)6,102
BAHGUN02,CuH8C12(NO2)2,24
IROHED,K2Rb2NaYGeH3W11(CO21)2,8
HUKRIO,Co(C7N4)6,42
XUYDIF,Cd2H12C17N18,34
JILWOR,AlPO4,0
TORJER,TbH16C24NO8,96
HACREL,ZnH13C20(NO2)3,360
j.ica.2016.05.002_2,Zn3H36C44(N2O3)4,176
YUJCOX,Zn5H4(C10O9)2,40
LAWGUO,Tm3Zn6H40C62(N9O14)2,248
MANLIX_charged,ZnH42C57N6ClO3,456
ja074366osi20070816_031204,Zn4H12C24O13,48
GUPDEB,CdH4C6(N3O2)2,144
WOPHIU01,ZnH12C18N3O5,288
KOLYUH,CuH24(C3N)12,288
TIQGOQ,Na6SmH24C40S8N8(ClO18)2,40
DAFYOB,Mg3H12C24O25,48
PAPRUU,La2Ni3H30C24(NO4)6,24
ALEQIT,TbH6(C2O)6,72
EQOCOC01,ZnH10(C5N2)2,160
SONTIZ,TbH2C12(NO2)3,24
YUGZIK,ZnH17C28N3O2,224
LATYOX,ZnH24C28(NO2)4,56
YOFMIQ,Cd3H10C10N16O3,80
c6ce00407e_c6ce00407e1,Cu3H14(C5O2)6,120
GEDRAK,NdH8C16NO6,64
LUDVEL,Zn3H24C36I7N12,288
OTIPAK,CdH12C16(NO2)2,64
UDAXIJ,Zn3H24C36I11N12,288
SETSIV,Zn3Cr3H30C54N6O25,54
LETPOR,Zn7GaP10H10O30F,0
CAYKEU,PrH3C6SO6,48
UNEBIZ,Mn3H68C60(NO3)4,180
MUXHUI01,NdH3C8NO6,32
RUBTAK02_SL,Zr3H14(C3O2)8,48
IWEWIS,Zn5H24C36(I5N4)3,288
XEDPUT,Zn4H14C25(N2O)8,600
UGUXAV,CdH8(CO)8,64
VUKTIG,Gd2H24(C14O5)3,168
DEXDER,KCdH2Ru2C4O13,8
MIVFUU,Mn4Zn12H8C24N32ClO4,72
OCAWAT,Cd3SiH12C25O12,100
ITIPOS,CaCu6H27C24(N2O7)3,48
CUWNIT,Co6H42C70O27,280
EBEGEZ,CoMo5H10C12(N5O6)2,48
GEZFIC_charged,ZnH18C21N8O7,168
AFUKIX,Mn6H94C131(N3O19)2,262
INIXOT,MgB(PO4)2,0
ATIRUS,Tb2H6C14S(NO6)2,56
SABWUQ,Dy2CuH12C32(NO6)4,32
UTULEB,Zn3P4H4O13,0
NELVEG,Zn2P3H7(CO3)3,12
UVEWIC,Mn2Nb(CN)8,32
SIVGOV,ZnH6(CN2)4,16
WOWMAY,NiH8C13(NO2)2,52
c6dt01288d_c6dt01288d2,Zn2B2H68C66(NO)9,264
OLOKEF,NiHC5O4,10
PORLAL,GdH18C33(NO)6,132
AHIYUN,Co3H37C60O13,480
HOBBEF,AgH18(C2N)6,48
EPUXET,CdH32C27(NO2)2,216
CIGYAU,Cu4H24C29S4(N2O)4,58
CAJQIP,Cu2H19C33(N2O5)2,132
NEZWOG01,La3P4(CO3)8,16
HUHJAW,Cd3H16C12(N8Cl)2,12
ESIGES02,ZnPH3(C2O3)2,32
RUSWOT,PrH12(C4O)6,48
QUPJAN,Cd2H32C41(NO3)4,164
CAYSIE,CoH24(C5N)8,120
YANBAR03,CoH2(CO2)2,24
ERIWAF,Cu2H12C21(N3O4)2,126
ERAMER,Zr3H32(C3O)12,144
LAJLIT_charged,K4H140C110O87,330
NIXFUX,CdH50C60(NO2)4,480
ISIYOZ,ErH4(CO2)4,32
XADDOX,Co3H11C20O11,160
LUKLIN,CuH6(C7O2)2,168
OBUBIW,La2Cu3H24(C8O11)3,48
WUQRAC_clean_h,NbFe2H44(C13N4)4,1248
DOJXOQ,PrH8(C2O)8,64
HUYFAJ,Cu3H13C43O12,688
ISUCUV,FeH6(C3O)4,72
FAFCEW,KEuC8(NO4)2,32
TOHZAS,CdH8C8(NO3)2,24
GEDSOZ,NdH8C16NO6,64
XALBAO,Mn3H36C41N8O9,656
DOQHOH,SmPH3C3O8,12
IGINIX01,ZnH3C7NO4,56
OKELIB,Ni3H12(C11O5)2,44
AFENEE,AgH18(C4N)4,64
SIYXIH10,FeC7O5,21
HAZGOF02_clean_h,ScH6(C2O)6,48
TATPOV,Zn2H7C19O8,152
XEFGAQ,CuH16(C5N2)4,80
j.ica.2016.05.051_4,Cu2H53C55N7O11,110
BUSTAM,Pr9H18C54(N11O31)2,216
JUSHAI,Co3H16C28(NO7)2,56
NIGNUO,Co6H40(C24O7)3,216
EGEHOO_charged,InH2C10(NO2)4,400
YEGRAD_clean_h,Cd4Ag8H55(C8N3)8,128
ic400607w_si_001,Zn3SiH11C25O18,100
FULQOT,Gd2H7C18S3O13,72
LUFNAC05,MnH10C14(NO2)2,56
KOKZIT,K5Bi2H12C18O25,36
JOBFAI,Cu3H42WC15(SN2)3,30
TIPZUP,Ag9H12C30N2(O10F9)2,120
LULXEW,Na2CoH8(C2O)8,64
DUZKAM,Li2Mn2Cu3H39C39(NO3)6,312
FEQSIF,Co4H24C37O22,74
AMIWUP,Tb2H3(C5O4)3,60
JUBXAH,Ba9Fe14H31(CO2)47,188
BUVYEX,FeH16(C12N5)2,144
ZEZPIF,GdH6C12N4O7,48
RAPYUE,Zn4H10C20N2O13,40
DONNAW,GaH4C8O5,32
REXFOR,ZnH8C12(IN2)2,144
TANNUT,Zn3H22C38(N2O7)2,152
QEZZOL,Cu3H8W2(C6N5)4,96
AWEZOS01,Cu17H144C168(N30Cl)2,672
cg300302n_si_004,CoH20(C3N)8,48
BAEDTA01,BaH6C5NO4,80
BOCTOE02,MnN9,0
UMODEH16,CuH15C22O5,396
MARLUP,CeH8(C5O3)2,80
KESBIU_charged,CoAgPH30C42(N3F2)3,336
UZEKEQ,Cu5H28C40S2(N7O8)2,80
ICAGOK,CuH12C18(NO)3,144
UXAXEY,Er2H26C42S3O19,84
VAGBOX,GdCu3H24C36I3(NO2)3,288
NEDWEA,MnCo3H48(C11O4)6,66
IQIDES,Be3P4(HO3)4,0
VEHLEA02,Zn3P4(HO3)4,0
QAXQUB,Fe5P8(O8F)4,0
MALSIE,FeH3C7O3,42
HICVOG,Zn2H9C19N7O6,76
LUMMAJ,Zn3H12C22(N3O4)2,88
KOZSOJ,CoH30(C22N3)2,396
LAGDII_ion_b,CdRe3Ag3H27C51(NO3)6,102
FIZPOV,Zn2H9(C3O)8,96
YUZCED,ZnH6C5N8,30
ESUVAR01,Co3H8C14(NO)6,28
FIJFUA,TbH12(C9O2)3,54
XUPCAM,TbH3C8NO6,32
ROQFUA04,KFeN18,0
SOBZOY,CdNi(C2N)6,12
j.jssc.2016.09.008_mmc8,CdH9C12BrN3O4,48
GIVNIK,ZnAgH18(C16N3)2,256
WEMBUN,Er(CO2)4,16
CDLGLU10,CdH7C5NO4,20
OYERUH,Cr3Cd2H24C36N6Cl8O13,288
VAZMEQ,DyH2(CO)7,28
REFTON_SL,Zn2CdH18(C9O4)3,108
LARPEC,ZnHC5O4,160
FUVDEH07,ZnH12C18(NO2)2,144
LABPIQ,Zn4H42C48I11(N6O)2,192
MIVFOO,Mn12H8C24N32Cl,72
PAQJUM,AlPO4,0
FIPKOG,CdH12C24(NO5)2,48
FECYOD,Zn8H36C69O29,414
SUKRIB,Ce2H3(C5O4)3,30
HUHNIJ,Ti2Cd2H95C78N8O7,312
ZAVQEU,EuH6C15NO9,120
TAKGOE,LaCu4H24C36I4(NO2)3,72
TORXAB,Cu5H9(CN4)9,18
YEFPEE,CdC4,32
YIWMUM,Cd3(C4N3)2,32
TORPUN,TbH15(C10O3)3,120
WOXRIK,Ti2P3O12F,0
MODNIC,Cd3(CN)7,56
PEFTAX,CuH11C9(NO)3,72
HIFVUO01,ZnH6(C3N2)2,36
CILFIN,ZnH20C16NO4,64
LAFFEG02,ZnH12C19N5O4,342
c4ra13058h_c4ra13058h2,InAgH20C28(NO2)4,56
DEYDOA,CdNiH16(C5N3)2,10
KUFVIS,MnH7C14NO4,112
UMODEH01,CuH15C22O5,396
CAXWEF,FeHC4O3,24
SICZOV,In6P3H72(C72O19)2,144
HAMREU,Ce2Cu3H30C24(NO4)6,48
EXAPEA,CuH20C32(S2N)4,64
NOHHID,CuH5C10N3O4,80
VIZMUO,ZnH24(C5N2)6,270
ZISXEG,Cu2H64C77(IN2)2,308
ic502369y_si_002,Co2H19C23NO10,92
EDUVEE,Zn4H12C63O13,756
ic403175w_si_002,Ga3B6H5O17,0
TAQYER,MnV2H16C18(NO2)2,36
CODKOX,GdH12(C5O3)3,60
UBULUA,ZnH8C12(IN2)2,288
NUHQAK,EuH7(C5O2)3,120
SIWSUO,CoH7C11N3O5,44
UJOJIO06,Mn4H21C15(N2O)6,30
JOYKUF,MnH3C7O3,42
FAPXOM,VH3C8O5,64
XATLIQ,Cd2SiH16(C7O2)4,112
YAGRON,Ga3P3HO13F3,0
EBUFUE,CoH20C29N3O5,232
LUFNAC01,MnH10C14(NO2)2,56
ja111042f_si_002,AlZn3H56C104(N7O4)2,104
BASTIA,TbAgH8C18(NO2)4,144
UBIBUF,ZnH3C8NO4,144
FAMPUH,Cu2H11C24(NO5)2,192
TIVXOM_charged,AgH12C10SN4(OF)3,60
FIFMOX,CoAgH30(C14N3)3,336
ic048812,CuH10C18S2(NO)4,108
cm503311x_aloh375K,AlC8O5,32
MEFZUU_manual,Mn96H320C832N64Cl49O256,832
BASTEW,SmAgH8C18(NO2)4,144
WOJJOV_SL,AlH7C12O5,96
CELZIE_SL,AlH7(C3O2)3,144
QOFBIY02,AgH12(C3N)6,288
ja500618z_si_008,MnH3(CO2)3,12
BOPHEV,CdH10(C11O4)2,88
NUYNEC,Ti3C24O13,48
HIWLEG,Zn2P3(HO3)3,0
UXUNUX,CuH16(C5N)4,160
LELDOX,CuH18C23NO8,1104
MIFQOJ,Mn2H39C63(N2O)6,126
NIJZIP01,Nd2Cu3H24(C4O5)6,48
PEYPIU,ZnH8C14NO6,56
XAGCIS02,CoH3C4O5,192
TAFPOG,Al2P3H2CO14,2
CUTBIE,LaC17(NO2)3,136
SOBZEQ,CaCdH6(C2O)8,64
OFEZIJ,Al3(PO4)4,0
MISQIQ01,Al2PH2(O3F)2,0
WAZRAS,LaB15H15(CO)6,24
KAHMOW,ZnH8C17(O2F3)2,102
VAGJET,Zn3P2H4C4O13,16
FAWCEN03_SL,ZnH10(C2N)4,48
FASGEO,SmZn2H24C44S4N4O13,88
BUSQEM,MnH16(C17N5)2,68
FAWCEN02_SL,ZnH10(C2N)4,48
UMORIY,CdC2(N2O)2,8
GEVXIQ,Gd2H3(C5O4)3,30
DILXED,Cd2H25C29N9O4,232
KIKDAL,CdH28C22(SN5)2,198
GOPTIQ,NiH28(C7N2)4,112
GAPNOD,UH3(C2O)4,64
NEJRUR,CuH8C13NO4,52
c6ce00465b_c6ce00465b2,InH22(C23O4)2,92
LORRUH,Eu3H43C73(N3O8)2,292
RATVEP,MgH5C10N3O4,40
UMODEH09,CuH15C22O5,396
GOYPER,FeH3(CO2)3,12
VAMQIM,CoHC4O3,72
QOVWOO01,GaH5C8O5,64
VIDWIQ,Mg2H12C18O11,72
OQIQUB01_charged,Cu3H76C72(N19O3)2,144
ZOKGAJ,La3P4H34C47N17O23,282
QISNEN,Cd2H3C9BrO6,36
COCMAJ,Zn2H6PdC14N2Cl2O9,112
XIHSAJ,CoH6(C3O)4,72
WICQIJ,CoH18(C10N3)2,160
NIHVUX,Ce2Mn2P2H20W15C25N5O49,50
ja5b02777_si_005,Li2Zr(CO2)8,16
PIZNOB_clean_h,EuH3(CO)6,12
KIFJIT_charged,Fe2AgH28C26(N2O5)2,52
BUNLAZ,Zr3H32(C9O2)6,324
WIPDEF,Mg3(PO4)4,0
SIBDEO,CdH20C24N8Cl,48
RUBTAK03_auto,Zr3H14(C3O2)8,192
CIPLIX,LiCoH6(C9O7)2,72
WOJYUR,TbH20C23NO8,368
EQEREY,CoH9(C5N2)3,120
ZIQJEQ,CuH24(C2N)12,192
UNECUN,Zn2CdH6C18O13,144
HAJRES,CuH95(C25N)4,1600
IXOFAD,VH4C8O5,32
JODFOZ,CoH20C28(NO2)2,56
MODJOG,UHC5O4,40
GOSKEG,Zn3H38C64(NO3)4,256
CAXXEG,Ni4H22C33N5O14,132
QOWRAV08,CuH10(C9O2)2,432
ZAVPOD,PrH6C15NO9,120
QAMLEY,In3H36C60N18O13,120
XANMUX,CuH12C14BrN6,56
OFEHAK,CdH8C12(NO2)2,96
jacs.6b09155_ja6b09155_si_009,CoH6C12(N2F)2,48
MOVKOZ,Tb2ZnH18C36(NO2)6,144
LIDZUV,CaH8C14SO6,56
QARMAA,Zn4H24C36(I3N4)3,288
ZINDAD,ZnH4C9(NO2)2,216
ADATIK,Cu6H24C48N15O16,384
XACPEW,Fe2PC3O10,12
NIKJUN,Dy4Cu3H72C144(NO2)12,288
HAWVUY,TbH4C12(SO4)2,48
KUJTUG,Zn3H32C52(NO2)6,156
BEFLUV,AlPO4,0
GAYTEH_ion_b,Na3Cu6H21C36(N3O16)2,288
PARSAF,Ca2In3H48C44N4(ClO16)2,176
DACZUF,Co2H7C15N4O5,120
ISIKOL,CoH19C19N4O5,76
WODXAQ,EuZnH10C20N3O10,40
WASVES,La4Mo12PH2(C5O18)2,20
VOVKUO,U3HC5O8,40
CIDKUX,CuC14(NF)8,56
YEYCUC_SL,Zr3H62(C9O2)8,144
DOGBAE,Zr15H96C192(N3O5)8,768
TOTWAC,ZnH7C8N5O2,64
UJOJIO01,Mn4H21C15(N2O)6,30
IYUHUG_ion_b,In6H62C89(NO17)2,356
FENZAB,LaH16C11O6,88
TEQVOC,Ba2Zn4H57C61O22,61
NUCCEV,CuH22C24(NO)4,192
KORNAI,Co4H25C38N9O14,76
cm503311x_alf300K,AlC8O4F,32
JEJWOL,Nd2H30C51(NO4)3,102
CAHSOU,Fe5P7(O7F)4,0
LARPIF,NaFeH8(C3O2)6,72
HOKGUJ,Co2H7C9(NO)4,72
IZIHOQ,DyH7(C5O2)3,360
IZOWAW,ZnMo3HC3O8,36
NOSTUM01,MgH4(C4O3)2,32
OSUPID,ErH18C22(SO)6,176
ZALREM,CdH11C21O10,84
BEXVEH,Cu3H13(C2O)13,208
CUYVOI,Zn2H22C27(NO)8,108
ADOGEH,CuH6C6(NO2)2,288
YEBKOG,Nd(CO2)4,16
DUXZIG01,ZnNi(CN)4,8
CILDAD,NdCuH8C14(NO4)2,56
NASHAS,SmBiH12C10N3O14,40
YIXBIQ,CuC12(BrO)4,144
QAWROW,YbH9C12(NO2)3,48
VEGXIQ,Mn3H18C34(O5F6)2,136
CIFMEL,Co2H3C9ClO6,36
ECUDIR_charged,U3P4H8C4O23,8
VICDOC,FeH12(C3N)6,72
FUTYOK,ZnH3(C3O2)3,36
ZADREE,Cu4H40C64N16ClO16,128
KABXAO,Cu2H3W6C5N2O17,10
CUFFAL,InH4(C3O2)4,216
BIYTOU,MnH3C7NO4,84
PUWXAH,Mn3H11(C3O2)9,54
MOMSIS,Nd5(SO4)12,0
RAVWIW,MgH15C19O3,114
SEJHAR,Ag7H9C14(O5F4)2,56
LEGGEK,ZnH4C6N3O2,24
HEKTUO01,Cd3H14(C5O2)6,120
WARFAY06,ZnH12C16NO4,128
HAPNUK,TmH7C14(NO3)2,112
WAGPOM,Cd3H30C32(NO7)2,64
RUGZAW,Zn2H25C38(N4O3)2,152
INURIS,CuH11C15NO3,360
WOWBIV,CdH5C11O4,88
SICCAK,CoH32C41(N2O)4,328
UFEMIC,Cu2C5N2,40
YOYWEQ,FeH8Au2(C2N)8,144
TIZVED01_charged,CuBH16C20(NF)4,40
RUGJUA,TmH4(CO2)4,16
KEXFIC,CdNiC7N6,56
YEMLUY_charged,Co4P3H33C18(NO5)3,72
FECCIZ,AlPO4,0
EGAFUP,NdH12C9(SO2)3,18
XESGOS,Al3P3(O6F)2,0
NIHBIQ01,FeH2(CO2)2,24
KUSDOT,CdH24C42(N3O2)3,336
LEVBAQ,In9P14H18O56F3,0
GOQWOY,NiH12C18(NO)10,54
XIZJEW,Zn3P4H17C6N2O13,24
XEJBUL,K14Nd4H78C129(N30O11)2,129
QUNVIG,Co7H60C76(N5F3)4,304
FIPWOS,ZnH12C9N4O3,18
DEKHUX,MnH14C20(NO2)2,40
FULQUZ,La2H7C18S3O13,72
IZEPAF,Cr3H12C24O13,288
MUSSIE,Be12P16H17O48,0
TUKCUZ,CdH16C23N6O5,92
XIWYEH,Ti2P4H3O16,0
IYASOS,Cd3H18C24(N2O7)2,48
LAGNIS,YH6(C2O)6,24
TUQWIL,Zn(PO4)2,0
WECFAN01,CoH13C15(NO2)2,60
WUFSAT,CaH18(CO)10,40
QUSRIH,U2H14C15(NO2)6,60
NEVJOP,Zn3H19C27N4O9,108
KUXVIJ,TbAgH11C14(NO3)2,56
TIXMIX,ZnCo2P4(HO3)4,0
WOHZAU,ErH9(C3O2)3,36
LAJKUE_charged,CsH38(C6O5)4,288
RUJMAM,ZnH13(C4O)4,512
EQETAX,CuH11C17(NO)2,136
VUMCIQ,CoH44(C14N3)4,224
NOZZOT_charged,Cd2SiH36C36N2O11,72
VUGYAZ,DyH27C30(NO2)3,60
WALKAY,NiH14C24(NO2)4,96
BULBER,Tb3H12C32NO19,128
JORVET,Zn6H88C123(N2O3)10,246
QOVWOP,CdH14C20N3O4,80
VEHYUE,Rb2Mo2P2H8C5S2(NO5)2,40
TAJTOQ,ScH8(C7O3)2,224
IWEWOY,In3H33C59O15,354
JUKPEM,Na2Ni6P5H90W30C62(N4O15)6,248
GAJVIY_charged,Zn3H48C60(NO8)2,240
XANZAQ06,CuH12(C7N3)2,56
OFERUN02_clean_h,Zn6H59(C2N)24,48
AJOVEB,Cd2H6C19(O4F3)2,114
cg100226u_si_004,ZnH32(C19N8)2,456
DAHNUW,Nd2(CO2)7,28
UVEVUN,Cu2H9C25NO8,300
NIGLUK,CuH16(C7N)4,336
WOJZEC,PrH7(C5O2)3,120
VIVLAP,TbH12C12(NO3)3,24
TISNEQ,ZnH20C26(NO)6,104
MOVHEM,Tb2ZnH18C36(NO2)6,144
NOCLOH03,SrH4(C2O)4,24
FAZRAA_charged,AgH12C10S4N4ClO4,20
MEKDUC,CdH8C14S2(N3O)2,56
ic502254c_si_002,Zn12H93C165(SO24)2,165
LAPNUO,InH20C24(NO2)4,384
SUVFEU,VPH4C3O5,12
WUXMEH,Zr2P3O12F,0
WUSGIC,Mn4P3H6(C2O7)4,32
NAYGUR,CuH10(C4N3)2,32
BEFMUW,Al2Co3(PO4)5,0
RUMRUO,ZnH2CN5F,4
NOSHEK,UP2H4C6O8F,24
LAJTIC,Cu2(CN)3,12
LIFSAW,Cd3H36C48N9O6F,192
ORIWET,MnHC4O3,72
FEWXIQ,FeH16C28(S2N5)2,672
CAXSUR_SL,AlH9(C2O)4,96
UFILUR02,MnCr(CN)6,24
CESFIQ,CuH11(C9O2)2,324
RIXPIZ,AlH8C14O5,224
YINTEW,InC28(NO6)2,112
EBOCOQ,ZnH14C18(NO2)2,72
ic034943jsi20030807_040506,Cu5H48C64(NO2)8,128
WIHSEN,YbH4(CO2)4,16
XEJXAN,NiH8C9NO5,36
PEWFII01,UCuH2(C5O4)2,10
IGIZAA,Na8PH6RuW9(C3O16)2,24
YIJYUN,Zn2H16C21(NO4)2,84
GAMTAQ,LaH9(C2O)6,24
BOSHIC,CuH10C21O4,378
BUKMUQ,ZnH3C7NO4,28
KESBUG,FeCoAg2H60(C14N3)6,336
HUWPIA,AlH16C20(N2Cl)2,320
WAJHOG,LiZnH3(C3O2)3,72
RIPKIM,CuH13C12(NO2)2,96
SAQSOU,Cu5BH21WC20S3N10,160
ODUNEH,Zn5H32(C28O9)2,112
UXACAY,ErH2C13O6,104
LABNEK,Zn2H12C18I7N6,288
BEPPIX,ZnH15C11(NO)2,66
XISPEW,FeH8Pt(C3N)6,36
TUBCEA,Cd5H24C44(N5O8)2,44
ja5131269_si_002,Zn4H24C42O13,84
BUBWOM,Zn3H26C46(N5O8)2,184
YUZBUS,ZnH6C5N8,30
EFESOZ,Zn5H72(C16O5)6,384
ja5b00365_si_002,Zn4H42C59O13,354
PURRIE,Zn2H47C50(NO)8,400
OKIPUU,CdH18C26N4O5,416
CACBUG,ZnH10C16N3O4,32
WOPSAX,FeHC4O3,72
INECIP,Pr2H107C106N12O13,212
EFOTAV,MnRe3C3S4N3,24
UBAVUR01,Fe2H76WC60(N4O3)4,1440
BOTLED,Eu2H4C5O13,10
QIHXIQ,Zn3H26C38(NO3)3,76
ASALAH,ZnH7C8(NO)2,32
COVYIX,Cu5H18C24(N6O5)2,48
AGUTUS,CuH8(C2N3)4,32
NAKLIW,Zn2H7C12O7,96
TAKYOV,Dy2Co3H18C42(NO4)6,84
EKEQIV,CuMo4H12C14(NO2)4,56
MOLLII,FeAg2(C4N3)2,32
HAFTOZ,Ni2H6(C5N2)3,60
USOXEH,Zn2Cu3H30(C3N2)10,60
OKIZIT,Co3H60C102N6O13,204
CEGFAW,AgH5(C2N)2,64
RICBEM,CuH15C27O4,108
FALVUL01,Pr2Cu2H5(C5O4)5,100
BAYCOU,Ag3H32C26S2(N2O3)4,104
VONROH,PrH5C12(NO5)2,96
CENPUI,Mg3H48C78(NO6)2,78
AFOVOH,NdH12(C7O2)3,42
MOWQIZ,NdC2SO8,16
FURQOZ01_ion_b,AgH8C13N2(OF)3,234
HOMRIL,CuH24(C4N3)4,64
LACZIB,Na2ZnH10C26(NO4)2,208
HASNOH,Tb2H2C8O17,32
SUKKUF,K2P8Pt2IO20,0
WEWGAH,HoH9(C2O)6,24
ETUWIA,Y(CO2)4,16
RUYKAZ,AgH43C39(S2N)2,312
PIVWAT,AgH28(C5N)5,450
WONRUM01,Co7(PO4)6,0
GUPNUC01,CdN9,0
PORLEP,Cu12H83C108(I3N7)4,432
RIZNIY01,Cu3H32C48(N3O4)2,192
DEJCIF,CuH3C7NO4,28
YOZBOF_SL,ZnH9C11N5O2,264
WUSGOI,Mn2P2H3C3O14,6
ARUDAU,CoH20C32N4O7,64
FERHAN,Zn4H36C48O19,96
MALFUD,Cu4H40C44N12O11,88
c5ce00923e_c5ce00923e2,ZnH13C18N5O4,72
MEYLIN,Cu2(CN)3,24
ZICCIZ,Cd16Co3H60C156(NO4)12,156
BABREE,Cu12H47C96O61,192
VARRIP,LaYH12(C4O5)3,24
MINCIX,TbH9(C7O2)3,84
XEHDEV,Be3P4(HO3)4,0
QAWRIQ,Gd2H15C24(NO4)3,48
QOFKUT,CuH4C8(NO)2,64
ic060030osi20060309_091447,Cu3H6C6N9O,48
BEFKUU,AlPO4,0
TESHAB,ZnH2(CO2)2,24
DAJBOI,Zr3Hg3H148C129S18Cl6O29,1032
EHUCOA,Mn3Cr2H24(C7N3)6,84
BEPVEZ,Cu3H21(C5N2)4,40
LUSHUD,MnH8C13NO5,52
ECIYEU01,Al3P3O13,0
YOZBOF01,ZnH13C12N5O2,288
ARUCUN,CoH20C32N4O7,64
SOJTOC,KZnH15C15O7,120
POQKAI,InP2(HO3)2,0
IYAHAT,Nd3H11(C17O10)2,68
WEBQIF,CoPO4,0
RAQVAG,FePO7,0
RONZOJ,CdAg2(C7N3)2,56
QOWRAV12,CuH10(C9O2)2,432
TOXNIF,AlH4C8O5,32
FAYPOM,Zn5H56C73(N9O8)2,146
FONPUV,Zn2H8C15O7,120
VAPBEV,EuH66C48(N2O3)4,96
OQUFIR,Zr3H20C46S2(O3F4)6,184
ja5b00450_si_002,Si2H9C14(O2F)3,168
HOTWUJ,NdH4C5O6,20
ZARLUB_charged,Zn3H22C28(NO3)4,112
GAQKOB,ZnH14C19N2O5,152
QEYWUN,CdH10C12(N3O)4,48
MEJMOE,Zn4H12C24O13,192
XEFKOI,CuH16(C5N2)4,80
LAJDUV01_charged,TiH4C4NO8,12
IXEDOE_charged,LaH32C40N8Cl3O20,80
KEFBEE,ZnH3C9O4,54
TAKHEV,TbCu4H24C36I4(NO2)3,72
SIKGAW,CuH8(C2N)4,64
DUDKUK,CdH3C8NO4,64
IQOJAB,ZnH16C25(NO2)2,200
NIMTEJ,CeCuH8C14(NO4)2,56
GOVHOQ,Zn5P5H17C18(NO4)5,72
OWEYOF,CoH28C46S4(N5O4)2,368
GIKMOD05,Cu2H3C8SO8,32
NANPUN,Cd5(C9N)2,72
SAJRAW10,CdC4,32
BUPFAU,Cu31H72C48S24(BrN24)4,384
DADNUU,Gd2FeH2C4(S2O11)2,16
UJEFOE01,YbH9(C3O)6,72
YUNXAI,YbH32C40(NO)8,240
YOCLIN,CuH2(C3O2)2,72
XUZFUU,Na5HoH4C12O13,48
ZAYKER_charged,Sm2H14W12C10(N2O17)3,40
IBAQAF,MnZn3H56C128N14(O2F5)4,128
HEBNIN,U4ZnP8H20(C2O7)4,16
VIPYOK,Mn2H5C9N5O6,36
cm503311x_alf250K,AlC8O4F,32
WICQOP,CoH18(C10N3)2,160
OXANUX,Co3H22C28N4O9,112
LELROL,Mn5H56C76(N16Cl)2,152
TETWEW,Na2Zn2Mo12P8O51,0
UXEDIL03,ErH4(CO2)4,16
NODKIB,In2H56C53O20,212
PITPEP,AlP3H18(C4O3)3,72
SUJQOE,ZnH14C18(NO2)2,144
JUMCUR,VH4C8O5,32
FIJCUX,Zn3H10(C8O5)2,96
FOVPOX,CdH12C18(NO2)3,144
MECWEX_manual,ZnH10(C2N)4,48
GAYFOD,ZnH4(C3N2)2,12
POSFOU,CdH14C20(NO)4,80
ARUCOH01,CoH22C32N4O7,128
AQOLID,Co36H72C104N64Cl3,832
UMOYOM16,CuH10(C5O)5,450
ZETQAS,Tb2H15C12(NO4)3,96
MIZKOW,LaCuH8C14(NO4)2,56
UCOCUM_neutral,CuH2(C3O2)2,72
IXEFAS_charged,Eu3H96C127S7N24Cl10(O15F7)3,254
DAJHUS,CoH11C18NO4,72
LODCUC,FeH14(C2N)5,80
POHLUV,TbH4(C2O)6,48
NABCIE,CoH20C24(N2F)2,48
TEJBAN,EuH30C38(NO2)4,304
KEBFII,TbAgH16C16(NO2)2,64
YAPLOS,MnH6(C4N3)2,384
XALDIY,Mn3H57C51N8O9,408
HUWHOY,CdH17C23N3O7,92
JIVQOU,Fe6P9O35,0
LUDKIG,CuH15C13NO7,78
QOZFUG_charged,CuH24(C3N)8,144
RITGIM,Ag6H5C12(O2F)3,48
QUSBIQ_charged,CdH20C20(NO4)2,60
KUXLUL,Cu2H4C8SO8,32
QOWRAV05,CuH10(C9O2)2,432
PUMNOB,MnHgC4(SN)4,16
JALTUL,LiH16(CN)4,16
CUCSAU,Li5H58(C14N3)3,84
VOFFED,Cu3H58C68S2(N4O7)2,272
HOKLIE,Zn6H43C87(N2O15)2,348
TAMZUE_charged,Gd2CoH30C36(NO3)9,72
SUKYON,Cu2H32C53O8,212
POMSOB,CaH4(C2O)4,48
IDAGUR,Mn2H8(C2N)7,56
WEGJUP,Al2(PO4)3,0
QIRBUQ,CdH26C22(NO2)2,352
SOTTUR,SrP2H14C6(NO3)2,12
ESUSOC,Co3H8C14(NO)6,28
MOXKAN,CeH13(C3N2)4,192
HADXOC,U2Co(C6O7)2,12
BOHWOM,Zr6C87O40,348
cm301726k_si_004,Mg3H12C36O13,72
MAYXUG,ErH6(C2O3)3,12
OMIPEH,Cu6H9C27N12O13,864
HAKCAZ,Dy4Zn3H72C144(NO2)12,288
CAMROA,Y2H6C18(SO4)3,144
MALSOK,FeH3C7O3,42
UZANEP,NdZnH5C13(NO4)2,52
XOJPIW_charged,Ag2H11C30(N2O)6,360
WANNIL,CoH18C17N3O4,136
UXUZAP,ZnH8C11(N3O)2,44
ISUGOT,Eu9H37C72(N6O19)2,144
HAWWAF,DyH4C12(SO4)2,48
BEXRAY,Mn(C2N3)3,48
VEHKIE_SL,Zn9H20(C27O19)2,108
YAWFOS,Cd6H7(C4N3)5,80
LAVDOE,Cd2H19C24N4O11,192
POFSIN03,CdC4,32
HIZSEQ,Zn2H19C21N2O9,84
MECVUM,Mn2Ga(PO4)4,0
WAHMEY,FeAu2(C2N)8,48
YONNUL,Zn2H32C43(NO6)2,172
OYIVOI,CuH2C8N4(OF)2,32
VONCIM,Zn3P4H14(CO2)6,24
DUWTAS,MgPHCO6,4
NIRDAT,Ga3P2O12F,0
IYOQIY,CdH3C9(NO)4,36
FIFNUE01,CoH9C11(NO)2,22
OXALAB,CoH16(C11O4)2,66
KEJQAR,Al3(PO4)4,0
VAZLEP01,EuH2(CO)7,28
SIVGIP,ZnH6(CN2)4,16
YIWMIA,Cd3(C4N3)2,32
CIDLAE,Cu2H36C71N2(OF4)8,284
FEVNOK,CuH4C8N3O4,32
PEVLIN,NdH5C10O7,20
SABWEA,Pr2CuH12C32(NO6)4,32
MABKIK,CuH12C11NO4,88
XUCLIS,ZnH22C29NO4,232
VODQIP,Nd2H24C42(SO6)3,84
HOJLEY,CuH16C13(NO2)2,52
GAZZIS01_charged,InH30C42NO8,168
AQIXUU,Co5H24C6NO9,12
QEKLUP,BaUP2H2CO8,2
KEDJAG14,Cu(CO2)3,24
VEMSUC,Ni3H12(C11O8)2,88
LECHUX,U3H10(C6O7)2,48
BALPEL,La8Ag8H112Pd6C63S12IN12O29,504
QOKKAE,Yb2HC11NO12,22
KIKFIV,EuH24(C8O)6,96
CIGFAB,Tb2H7C18S3O13,72
OZUKOL,MnHC4O3,72
TOHYUL,CdH8C8(NO3)2,96
LABKIL,Cd3H30C50(N2O7)2,100
TUDQOZ,Cd3H34C60(N5O6)2,480
VAXTEV,CdH27(C11O3)3,264
WEXTAV,Co2PH10C6NClO5,24
WUDZOM,Zn7H48C72(IN)24,288
IREKUN,Zn3H12(C11O5)2,44
WORKUL,Zn4H18C36O13,144
FOKZIQ,Cd2H7C12NO8,24
cm503311x_alf175K,AlC8O4F,32
NOFPUT,Na6Bi5H66C42O61,168
NIGFOZ,TbH3(C3O2)3,36
ECNPYR01,CdNi(CN)12,12
LADKIN,In5P12H14(CO8)4,4
UQUHAQ,NiH5C5(NO)2,20
GUFREF,Cd2H58C59(N3O4)2,118
BIJDUV,Ti4Cd3H160C136BrN12O19,272
TUYHOL,Ce4SiH12W12C28(NO13)4,28
CUWWEY,EuH11C19N4O7,38
MIDRAT,ZnH20C20S2(NO2)2,80
IFENOY02_SL,ZnH12C18N2O3,144
AWEZOS,Cu17H144C168(N30Cl)2,672
QIYDOT,Cu3H34C71NO12,284
MAXJEC,GdP2H5C2O7,8
PUVJOG,VC8O5,32
GALCAZ,Zn2H22C33N6O7,132
TACPIX,ZnH6(C3O4)2,48
FUDGES,Zn2H6C16O9,64
WOLROF,Cu6H16C29N16Cl,116
SAJLEX,SmH3C7NO4,168
WABVIF01,Cu(CO3)2,8
ASECUY,NaU2H30C60(N3O8)2,240
FUYYAA,NdCuH7C15(NO5)2,30
XOPLOE,CuH8C14O5,112
PUJQEQ,CuH24(C6N)4,192
LIVKUW,CoPO4,0
TOFTIT,Cu3H16C36(N5O7)2,288
BIWSEG_ion_b,Cu12H40C72N32Cl5,216
cg501141m_si_003,Co9H88C124(N9O22)2,124
VOHQIS,Ga4P4H2O17F2,0
BEPVOJ,Cu3H21(C5N2)4,40
SONTOF,DyH2C12(NO2)3,24
REGRIG,ZnH2(C3O2)2,72
PUKSUL,Cu4WC3S4N3,12
FAFMAC,AgH20C10SN5O3,40
BUSGOM,SmCuH8C14(NO4)2,56
UXABOL,ErH6(C3O2)3,36
HOJHUL,NiH17C21(NO2)3,84
XALDOE,Mn3H57C51N8O9,408
IQEKUM,Zn3H14C30(N3O4)3,120
AZEBUE,Ho2H6C18(SO4)3,72
ZUDRAT,Mn3H6C18O13,144
HAQRID,Zn5H18(C2O)24,192
NAHHOW,CuH7C12NO4,216
cg200606r_si_001,ZnH7C11SN2O7,44
RUDQOX,Ag8H3C19N(O5F12)2,38
CAWGAJ,UZnH8C10(NF2)2,80
LOZSAW,KCo(CN)6,18
NEZBOK,MnPHCO5,4
YEKWOC,EuH12C21NO6,252
OQUWUU,Co5P2H80W24C96(N16O31)2,384
ODAHIK_charged,CuH42C32N6O7,128
RONSOC,Fe4P5O23,0
CUXDUU,Ga4P4HO17,0
UFENEZ,CuC2N,16
NIHBEM,FeH2(CO2)2,24
GIKMOD08,Cu2H3C8SO8,32
TARVUD,NiH(C2N3)3,24
PORGAE,Ga2Co(PO4)3,0
KAPHAL,Ce(CO)6,12
cm503311x_aloh150K,AlC8O5,32
LUPYAX,Zn3H6C20Cl5O11,80
OJAKOA,PrH13C21O11,84
NIVNUC,Cu3H8W2(C6N5)4,48
DICVIW,EuH27C21(NO)6,84
HAZGOF,ScH6(C2O)6,48
VEDGES,Co2H18C24N4O9,96
DANZID_charged,Cd2Cu5H64C104N8(ClO6)4,208
HOFJIX,LaCuH24C38N3O10,304
DIHVIB,CuH2(C3O2)2,288
RUFDUT,Ni3P4H14C14(NO7)2,56
WOPSAX01,FeHC4N5O6,72
REYMOZ,CuH2(C3O2)2,288
LOQSUG,Er4H168C183(N2O5)12,366
ANAWIX,InHC8O5F4,64
RUZCOF,Zn3P4(HO3)4,0
DUSHIK,Fe15H96C168(N3O31)4,1344
YIWNEX,Cd3C9N7,72
ja500618z_si_004,MnH3(CO2)3,12
FUTZOK,Gd2H12C15(NO2)6,30
ZAZBUZ,CuH4(C2O)4,16
EHIHEI,V3P4(H2O9)2,0
COVJAA,NiH8C8N5O2,128
MOCJIY,YbPHCO5,2
HAYLIE,ZnH22C16(N2O)2,64
EZULAO,CdH6(C3O)4,24
BEPROF,Ni3H42C72N6O13,144
FODCEI,Cd3H98C94(N5O12)2,94
OBENAL,Co5H36(C7O10)2,56
RUGKAH,LuH4(CO2)4,16
TASFAU,ZnH8(C3N)4,1152
VIWRAW,Zn4Ir12C42N48O13,336
DEJRUH,CoBH12(C3N2)4,48
QUPHUF,Zn2H32C41(NO3)4,82
HADLOQ01,CoH8(C3N)4,48
VECWUX,NiH12C24(NO2)6,96
NIGDIS,CuH6C13O4,156
ZETLER,ZnH16C24NO5,192
HORHAY,CdH33(C11N4)3,198
JEBCOJ,Sm2Cu3H30C24(NO4)6,48
ic5011133_si_003,CoH3(C3O2)3,36
NAJMIV_charged,CuH16C20N7O9,160
TOVJOF,Fe3H41(C4O)15,240
ZACHIX,CuH2(C3O2)2,288
ICITEU_charged,Fe3H24C39S3N3O19,156
YANBAR02,CoH2(CO2)2,24
YEYVOO_manual,AgH6C5N2,1200
EZABEN,CdH2C2N3Cl,12
FIXVUE,Cu4Ag6Au4C40S8N8ClO16,480
FOFTOL,Cd3H42C68(N2O7)2,136
ESAROH,Zn2H30C31(N3O5)2,124
XALDAQ,Mn3H57C51N8O9,408
XICNOO,Zr3H4C12(SO6)2,144
BUXZAX,Hf3FeH28C48N4ClO12,288
FUNLAD,ZnH20C30NO4,240
FITJAU,Gd3PH9C11NO19,44
GAGTAM,Th2H9(C3O2)9,108
MUDTEL,CuH4(C3O)4,288
ILENOC,In7P8H4(O4F)8,0
ONUKAL,Fe3H12C24O25,48
REZXEA,Cr3C24O13,48
ROSCEH,CoH15(C3N)6,144
XICDUI_charged,CuBH11C17N5F4,136
HAFGUQ,GaP2HO8,0
COWBEX,Cd2H14C29N2(O4F3)2,116
MAGBUT01,FeH36(C2N)12,144
MATHEV,Co2PH(CO3)3,12
URUWEL,Cu2H13C21N10,168
ATEJOA,GdH20C33NO16,66
RIGPEE01,CuH14(C5N)4,80
GITTOT01_manual,Co3H29(C2N)12,48
ja302340b_si_002,Cd2Ni2H67C60(NO3)4,240
NAJQUN,MnH5C11O4,88
COYVAO01,Dy2H6C21(NO4)3,84
EMUYAM,FeAg2(C2N)8,48
NUWVIM,ZnH22C24(NO)4,768
DIMDAG,Cd9H66C104(N2O11)4,104
AMIWID,Eu2H3(C5O4)3,60
WOLYON,MnH16C19O5,304
FAVGER,Nd2H24C26O17,104
LAPZIO,Cu2H24C44N2O9,352
ANAWOD,InHC8O5F4,96
LAGWUN,Zn2H3C9O7,72
UQOYOP,ZnH24C26N7,104
SALRUU,Zn2C30Br8NO8,60
FECXAO,LaH15(C9O2)3,162
NAXKOO01_SL,AlH6C8NO5,16
c6ce00407e_c6ce00407e6,Zn4H28C58O13,3132
XICYEP_SL,Hf6H14C30S5O28,120
PUZMAZ_manual,CoH16C26(SN5)2,1248
RESSAK,Ni2H22C36S(NO2)4,36
AVIVUW,AgH16C24SN4,384
FAKLUA,ZnH6(C3N)6,36
CASTEW,In3H4(C10O9)2,40
FORQIN,NdH3C7NO4,112
ja206029a_si_003,Zn3B8H192C204N14(OF2)8,204
JONKEE,CuH4(C2N3)2,1536
KUXROM,Fe3H39C57N3O13,114
EHIHOU,PrAg2H18C24N4O9,96
IFEPUG07,ZnH16C22(NO2)2,176
IFAHEC,ZnGa7P8(O11F)3,0
XOFFUT,V3H12C24O13,192
NOCLUN,SrH4(C2O)4,32
PIYZED,CdC4,32
OKAYEG,CaH8C14SO6,56
EZUCOS_SL,CdH12C15(NO)4,120
MIFROK,La2CoH24C48(NO2)8,384
XOSPUQ02,Zn5(PO4)4,0
ALATAK,CaH2(C3O2)2,24
XUGSEY,Zn3H34C76N6(O4F5)2,76
RUVRUX,Cu20H38C17O46,68
XEKJON,CuC22(N2O)2,132
FUWYAY,Mn2H3CS(NO)5,4
TEYLIU,Ce2CoH8C24(NO2)8,48
c5ce02503f_c5ce02503f2,LaNiH16C28(NO8)2,336
PUWCUF,ZnH6C7O4,112
OWILAJ,Zr3P2H64Rh2C92(ClO8)2,184
FIJXUR,Cu23H64C105N41,210
HUKQUZ_charged,CdH42C42N12(ClO4)2,252
ZAYJUG,Pr2H6W16C10N4O37,40
ZAQWEW,K2Cd5H28(C2O)32,256
LAGRES,ErH6(C2O)6,24
GARLUJ,EuH15C24NO8,96
BIWYAH10,Nd(C2N3)3,24
KOKSIO,CuH9C11N4O,44
CODJUC,Cu2H25C30S2N4O11,120
ADIQEL,CoH12C16(NO2)2,32
PELGOE,CoH12C17SN2O5,102
ZARLEL,ZnH10(C11O2)2,264
JUTCIM,CuH4C14(NO3)4,252
IZENIM,In3H9C24Br3N3O16,192
POJTUE,FeH4C8O5,64
PAVLOO,AgH6C10N6O,40
NIYJAI,CdH68C64S4Br2(NO)4,256
YICREI,H4Pb(C2O)4,32
DEKPEP,Ga2P3H6C3O9F,6
SABFUX,Mn(C3N5)2,24
ZIWLUO,Zn3H24C42N14O9,252
ZUZZEB,Yb4H37C57N3O16,456
OKUSUK,CuH10C20NO4,960
LOJLAZ01,FeH8Au2(C8N5)2,64
KAWHEY,Zn6H72C132N36O25,528
GOYYEA,YAgH8C14(NO4)2,56
GUQWOG,CdH16C23N2O5,184
UTOCEN,Li5H20C20(N4O)4,80
VUSQIK_charged,NiSb2H26W18C30(NO10)6,120
IRIPOO,NbV3P6(HO6)4,0
YIGFIF,Na2Mo6P3H6C5NO23,10
EPONEE,NbZn2(CN)8,32
XAPCOJ05,VH4C8O5,64
KABNIL,Cu3H4(C5O4)4,20
NOCKOG,MgH4(C2O)4,64
TOHMIO,Eu5H70C94N19O29,188
VAMPUX,CoHC4O3,72
EVADIQ,DyH9C18(NO2)3,72
FIHXUR,CdH28C26(N3O2)2,104
MOZFIR,TbH6(C3O5)2,12
JOKXEM,CdNiC7N6,56
PIYZED01,CdC4,32
MAWFEY,Zn2Mo6H8C12NO14,384
MUVLUM,Zn2H14C28S3N2O15,56
IFEPUG10,ZnH16C22(NO2)2,176
WUZDOL,CuH6C3IN,96
FAVHIW,Tb2H24C26O17,52
KIYXUN,MnCu8H20C52(N2O9)2,312
ZOHFUZ,FeH2(C3O2)2,288
ja5111317_ja5111317_si_003,Zr3H444C474(N3O4)4,948
WEVQOD01,Gd2Cu3H24(C4O5)6,48
GAZZIS03_charged,InH30C42NO8,168
c5qi00128e_c5qi00128e2,FeH20(C5N)6,120
AWAHEM,U5Mn2P6H12(C2O5)6,24
VAPFOJ,BaH6PtC14(NO)4,56
ATAYEB,Cu2H10C22N(O4F)2,132
SIWZOP02,MgH3(CO2)3,12
GULWOA,Cd5H16C24(N10Cl3)2,48
LIKFOB,ZnHC5O4,10
CITZIP_manual,Co6H15C28(NO5)4,28
ZARZAV,ZnH12C20N2(OF)4,80
YIWPAV,Cd3(C4N3)2,16
QAJKIV,Ga3P3O14,0
LARXUA,CuH14(C11O2)2,528
HUTZEB,NaZnH8C12O7,48
SUFBAY,CdH68C80(NO)8,160
TIGQUX,Mg5Al4(PO4)9,0
MAVFEV,Eu(CO2)4,16
ja510525s_si_002,Zr6FeH24C48(NO2)4,144
YUKWOS,PrZnH6C15(NO5)2,30
JADJOQ,Zn2H8C11O7,44
VEGXIQ01,Mn3H18C34(O5F6)2,136
SICDAL,GaH5C8O5,16
cm503311x_aloh200K,AlC8O5,32
XOJWID_charged,ZnPH12C9NO5,36
SAXLEK,AgC4N3,16
WEBKAR,In3Co8(C3O2)18,432
UJOJIO02,Mn4H21C15(N2O)6,30
VIQFIL,CsNp3(C2O5)3,12
KEVWUF,LaH3C7NO4,56
IFEYIB,CdHgC4(SN)4,32
QIYDAF01,CuH10(C11O2)2,528
BUWMIR,CeH3C7NO4,56
KOZNEU,Zn3H17C31O14,124
QUMFUB,Mn3H8(C6O5)4,24
VEQBOJ_charged,Ba2DyH18C30S6N6ClO30,120
SIYXIH,FeH2C7O5,21
ETEJIX,LaH5(C4O3)3,24
JIZJOT,Co3H24C30(NO5)2,120
SEVLEM,CdH10(C5N3)2,480
KEHGOV_manual,Cd3H40C36(N4Cl)6,72
PUZTOV,CaCd2H12(C2O)12,96
YIWPEZ_SL_part,Cd3(CN)7,14
HEXNOO,CdH18(C10N3)2,160
EKIGOW,MnH10C12(N4O)2,96
CENJIQ,Cu3H14C13N6O5,78
TIFBOA,Mn2MoH4(C6N5)2,24
ic5b01023_si_002,Zn2H24C39NO6,312
WOPHEQ,Co2H32C48N11O10,96
QOCSEH,NdH6(C2O)6,24
WEMNEJ,Zn3H25C25SN19O4,100
ja500618z_si_003,MnH3(CO2)3,12
OQANIE,CuH12C12O7,96
NADNEM,AgPH27(C11N2)3,132
IPIJEY,ZnH7C12(N2O)2,192
BAKJOO,CoH7C13NO4,78
VAQLAC,CdH10C10(NO2)2,40
QUFXIZ,ZnH15C20N4O5F3,160
AQUDIB,NiHC4O3,72
FAMHAE01,CoH5C5SNO4,20
ZOMSOL,Cd3P4H42C41(NO2)6,82
AKUHOD03,Gd2H8C9O14,18
NUFBUN,Zn2H4C13O8,52
WASMIP01,FeH8C17S2N9,68
DEWQUS,Co3Mo12P8H16C20(N2O25)2,80
DAPVUM,AgP2H38(C10N)4,320
ORANAY,Ce2Mg3H18C42(NO4)6,84
BOXYIY,Mn3P2H3(C3O10)2,12
VONBIK,ZnH18C24N3O5,192
FELWAW,CaLuH12(C4O5)3,96
CUSYAR,Zn4H28C58O13,1044
VORBUA,LaH6C5O6,20
IFUDAO_charged,ZrCdH8C8(NO8)2,24
XALCUJ,Mn3H57C51N8O9,408
EXENAX,AgH4C4IN3,32
cm202876r_si_002,Co2H6C16O9,64
DOYSIT,KCr(CN)6,24
LABQAI,Eu2P3H30C27(NO5)3,108
VUFBEE,MnV4(PO5)4,0
CAXVII,FeHC4O3,24
UXISUR,CuH2(C3O2)2,288
KEWBUL,Eu2H24C34NO11,136
WUDJAI,Co3H14C26S2(NO7)2,104
LAVTAF,TbH3(C3O2)3,36
GITVEL01,Zn2H11C12N9O2,144
HOXSIY,Zn3H14(C5O2)6,60
ZUTBAR05,MnN27,0
WOGLAG,Mg3H2C10(NO2)4,40
VEGCAN,Hf3H4C20(SO2)6,240
MUSCIN,Ce2H18C42(SO6)3,168
YUZSUH,V2P2HO9,0
XEYMAR,MnCu2H9C12I2N2O5,96
FEZCUJ_charged,ErCu6H53C33N17O8,132
BEPPOD,ZnH14C11(NO)2,66
OQUFAJ01,Zr3H16C36(OF2)12,144
UREVIY,Pr2H9C21(NO4)3,42
LAVTEJ,DyH3(C3O2)3,36
BUCTUQ,Zn2Co2H36C53(NO)8,424
MIXYID,NiH13C17(NO3)2,102
SUFROA,Cu(C5N2)3,120
XIGWUF,Li3Mo(CN)6,12
YUWHOO_SL,Ga2H22(C3N2)7,42
JOSTIU,NdC7NO4,168
ZUDPIZ,Mn2H30C50S(N3O4)2,200
MUWQEB,FeH2(C3N4)2,72
YAQKEI,HoSb2H24C20(NO4)4,40
AVIVIK,AgH16C24SN4,384
LETVUB,CuH16(C5N)4,40
APAYUN,LaH11(C7O2)3,168
OQEROS,CdH24PdC48(NO2)4,96
JUSBAC,Cd2H11C21(NO2)3,168
PEMGEV,AgH26C19SNO,304
HAQKES,Cd4Cu6H55C46(N2O11)2,368
TOJVIZ,Co2H22C34N2O11,136
XIFLUV,CdC12(NO3)2,96
FORXIU,Zn2H28C32NO8,1536
VUNCAJ,ZnH7C9N3O4,36
AQEFUY,Ag5H28(C2N)14,112
YEGTEK,CdH6(C2O)4,96
acs.inorgchem.6b01211_ic6b01211_si_002,CuH5C13(NO2)2,234
QUNWAZ,Zn5H128C228(N3O11)2,228
WOPGOZ,Co8H68C128N12O43,256
LOSYAV,Mg2H10C14S2O9,28
ERUNOW,Co8H84C112N8O21,448
ECAHOH,CuH16C18(NO2)2,54
DUBWON,Zn2H4C9O7,36
YUSGOJ_SL,Zn2H20C28S(NO4)2,56
UCAXEC,MnH7C9NO4,36
KAGWEW,U5(SO4)9,0
SOXDAM,Tb2Zn3H24C30(NO2)12,30
IFEQER,ZnH15C22(NO2)2,176
YUDFEK,GdH6C21(NO3)6,168
SINXET_charged,Eu4H23C20N5ClO31,80
IKUTOZ,DyH11C20NO6,40
WEBREC,ZnH16C25NO6,100
MAXHUQ,SmP2H5C2O7,8
NOKLIJ,NiHC4O3,24
QOVGOY01,Mn2Mo(CN)8,16
OKUKEM,Zn4Co6B6H153C171(N9O23)2,1026
XOBXIW,NiH2(CO2)2,24
OPAMOI,V4Co(PO5)4,0
GAGSUF,Th3H9C27O19,54
TAKVAF,FeH4C8O5,64
OZUKUR,MnHC4O3,72
cg801267m_si_002,MnCo2H88C116(NO)8,116
IGUTUB,CdH16C24(NO2)2,96
YOZYOD,Zn3H14(C2O)16,128
XOVQAB,Cu4H36C120O37,960
ja5b02777_si_004,Li2Zr(CO2)8,16
KEXKEF,Zn2H18C19(NO4)2,38
PEXBIF,CdH17C17N5O4,68
IWAZIP,NaCd2(CO3)4,24
INIRAY,Co2Ni3H50(C10N7)3,60
YOZBIZ01,Zn2H16C23N17O12,276
VIWLEU,Sm2Cu2H5(C5O4)5,100
FAQGIP,Mn6H36C48S6N8O27,96
KEJHIQ_clean_h,CdH8C12(NO2)2,96
CAZGOZ,FeH18(C5N)6,240
ja205976v_si_004,FeHC4O5,24
EGUNAX,MnP2H10(C4O3)2,32
LOQSOA,Tb4H168C183(N2O5)12,366
QOFCAR,AgH12(C3N)6,288
YOPNUO,CdH10C11NO4,88
DEFKUU,Cu3P2H8(C3O5)2,12
HOFMAS,ZnH17C17N5O4,136
PRIMIN,Pr2C12(NO4)3,24
WUDTUM,Eu2H58C66O13,264
XUGDOU,CdH2C3N8,48
ZIDBEV,Cu4H24C16N12O,32
AQETIA,Mn2NbH4(C6N5)2,48
DUPJAB,Cd3H13C22(N2O3)3,352
EKETOF,EuH14C20N5O7,80
AGIREP,Zn5H9C27O19,216
EPUSUE,Ag8H10(C2N3)5,40
XEHSUZ,MgH2(CO2)2,24
MIXPIU,Zn5H21C32(N3O4)5,64
DAMDUT,ZnH8C12(IN2)2,288
CUTBOK,TbC17(NO2)3,136
ATICAH,MnH2(CO2)2,24
UDICAN,Bi6H6C18O17,72
SAYKIO,U3H40C52O19,104
ABAVIJ,CoH8C12(NO2)2,48
ETUWOG,CoH4(C2O)4,48
MUGQAI,CuH4C7N4,112
IGAGAA,Co3H2C10N9O8,160
GIYTIS_SL,Zn3H28C30(NO6)2,30
IKUMAE,CdH22C21(N4O)2,42
WANKOO,Rb8U8H120C96O65,192
GIKMOD03,Cu2H3C8SO8,32
JAVSUV,Al3P3O12F,0
NIXPOA,Ag4H32C37S17N8(OF)3,148
HADQUA,Zn7H84(C13N4)12,312
FUVBAB,ZnH3(C3O2)3,36
HAWWEK,CuH8(C2N)4,64
OXAMIK,Co3P4H14C10(N2O7)2,10
KAHKUB02,KFe(CN)6,24
DUXKEN,V12Ni4H60C75N15O22,150
FIMYUX,Cu2H6C12N2O7,288
RARYUF,Dy2Co2H15C35N5O22,140
OKIVIO_charged,CdH36C48N12(ClO4)2,192
OWAVIS,Zn7H24C44(NO4)6,176
KUNSUJ,EuInH35(C9O2)7,1134
DIBPAH,CeH27C21(NO)6,84
XUDPET,CuH15C23N3O5,368
BUGSEC,EuPH11C7NO5,28
LUDRUZ,CdH42(C5N2)6,60
NADZEZ,YH3(C3O2)3,72
YEYDAJ,Zr3H72C72(N9O2)8,576
CAWVIH_SL,Zn2H25C39NO7,156
QITXAU,ZnH23C24SN6O7,48
ICANAD,Ag2H10C7(N2O)4,42
QEGHEP,FeNi2H44C31N18O5,248
FODYUT,Zn8P13(H4O25)2,0
acs.inorgchem.5b02316_ic5b02316_si_002,Cu4H40C64N16ClO16,128
CUWXUP,EuH9C18(NO)6,144
WUSLED,UPH12(C3O)7,168
ERANOC,Zr6H71(C3O)34,408
UJOKIP05,Mn3CrH21C15(N2O)6,30
AVUJIL,PrH4C7SO7,28
ja4012707_si_005_manual,Zn3(C4N3)2,32
KETHEY,CdH7C13NO4,52
VUNCEM,Ga2P2O9,0
VIYVIK,Zn3P2H14(C2O)14,112
QUDJOP,ZnH7C14(NO2)2,56
AQEFOS,Cu10Mo12PH48C48N24(ClO18)2,48
QUQHEQ,Zn2H15C18N3O8,144
LUMYEZ,Cu2H(C2N3)3,48
DUPKAC,Zn4H36C60O13,720
FUVDEH05,ZnH16C22(NO2)2,176
OBAJAF,ZnH13C22N3O4,396
POLBOH,V2PO5F,0
ELOZUC,Li7Cu8H16C24N2O53,96
ic502643m_si_011,Zn4H30(C17O5)3,204
ZEHCAQ02,ZnPO4,0
MAGNEQ,CuH2(CO2)2,8
cg200332y_si_002,GaP2HO8,0
UDANEV,In4H3C15(NO2)6,120
SERKEG,Y2H9C21(NO4)3,42
OSUGUG,CuH20(C3N)8,96
ROMMAJ,CuH5C15O8,270
UYAQAN,MgH20(C13N5)2,78
QODHUO08,AgH12(C3N)6,288
ECAFOG,CuH15C24Br(NO2)3,192
BEGBOG,NaH9(CO)6,24
HIMSAY,ZnH16(C17N5)2,68
HAWGIX_charged,Cd2H28C36O17,144
UXOHOG,Cu3H26(C7O2)6,252
QOMSAO,Cu3H16(C12N13)2,48
FALPOY,Ga5P5O21F,0
YAZYUU,Cu6H30C44N12(ClO3)3,352
c6dt03852b_c6dt03852b2,Zr3(C17O6)2,136
EXOFIH,InH2(C5O4)2,30
OHUMIP,Zn4Mo12H7(CO2)15,120
NATXOW,Ag12H15C25N9(OF)9,100
HUNFON,V6Zn3H56C52(N2O3)4,104
VEHJID01,Zn2H3(C3O2)3,36
COKPID,FeHC4O3,72
PENNAZ,Cd3H14C30(NO3)4,120
KULZEY,Co2H40C53(N2O7)2,424
YUYLOV,Cd3H48C84(NO6)4,168
PURNEX,CuSiH10W12C12(NO8)4,48
XAPTUE,GdH6(C2O)6,48
XEGJIE02,GdH6C21(NO3)6,168
c6cc00589f_c6cc00589f3,Zn2H9(CN2)6,24
KUHVOZ,EuH3C7NO4,504
COVPAG,K4Zn2H16C32O17,128
TONBUU_charged,Ni3H28C34N2O19,136
KAPHOB,Mn5H24(C7N3)6,84
QUKQAQ,La2H14C10N4O15,40
OQUXEF,Co2BH20W12C24(N4O17)2,96
TERFUT,Zn2H21RhC36(NO2)4,72
ESURER03,Co3H8C14(NO)6,56
QAKFIU,ZnH11C18(NO2)2,144
EPOTAF,Cu2H24(C11O4)3,66
OLODEA,ZnH11(CN)7,126
DORFUM,K2FeH24C26(NO2)5,104
WAQKUX,Cu6H29C67(NO12)2,268
KINNIG,CuC12(NF)4,48
HAKVOH,Fe3Cu3H6C30N9O26,60
EDUWAB,Zn8C96O25,96
OCUQUZ,V2P2H7C3O7,24
VASFIH,ErH3C9(NO2)3,18
SATCIB,Cu4H24WC36S4IN12,288
KORMOV,CoH5(C2O)4,32
KATDAM,CdH21C27(NO)5,162
QOHTOX,CoH14C18(NO2)2,144
ic5b00217_si_002,YbCdH12(C4O5)3,96
GUNFAW01_neutral,MnCr(CO2)6,24
VATYAR,Nd(CO2)4,8
IKETUN,Cu(C3O2)2,288
YOCMAF,Dy2H6(C3O4)3,18
TUMRAW,CuH9C15N5O4,60
XOFGAC,Eu3H20C44(NO10)2,528
ARUYOB,Zn3P4(HO3)4,0
LELRUR,LaP4H27(C17O6)2,136
KIXXOG01,CaH6(C3O)4,48
FUSMEM,AgH8C11N2O,198
CUFGIV,Tb2H18C36(NO5)3,288
MAPFOY,TiH12(C5O)4,160
VEHROR_charged,La2H22C14N2O16F,56
TACFIN02,Zn2P2O11,0
KADLOT,Cu2H14C22I(NO)4,352
CUKVUA,Co3H46C70(N4O7)2,70
RURPEA,FeH4Pt(C4N3)2,8
OYERER,Cr3Cu3H24C36N6O13,72
AKEDIF,ZnH20C28(NO2)2,112
BUYNAL_charged,ZnH60C60(N7O6)2,60
QEPZOB,Cu3H40C41(NO)4,164
ATICEL,MnH2(CO2)2,24
EKIJAL,Ni3H12(C11O5)2,44
VIVXOP,ZnH12C20NO5,160
LUWMEX,LaH9C15O7,120
j.inoche.2015.12.019_1,ZnH11C18N2O5,72
WORREC,CuH5C9O4,36
cg401887b_si_004,Cu2H9(C3O)8,96
COYVES01,Ho2H6C21(NO4)3,84
UMODEH02,CuH15C22O5,396
RUHFIL,CeCu3(CO2)9,36
CUFGOB,TbCd2H11C20N6Cl2O9,80
AGUWUV,Ni3H8C20(N3O2)4,20
ic050064gsi20050115_040515,Fe3H12C24O13,48
YOYQOU,Mn2H39C63(N2O)6,252
OMEWUZ,Ba2H14C18O11,36
UREVOE,Sm2H9C21(NO4)3,42
cm503311x_alf375K,AlC8O4F,32
SETSUH,Zn3Cr3H84C144N6O37,144
EKEVAT,ErH14C20N5O7,80
GEZRAG,Co10H57C50N4O19,400
QIQTAN,Ni3H40C55(NO3)5,110
SUNJOB01,HoH6(C2O)6,24
WAQFAY,Cd3H42C62(NO10)2,124
GINLIA,Zn2H23C40(ClO5)2,80
CDLGLU11,CdH7C5NO4,20
OBONUO_charged,Cu2B3H40C44N8ClF12,176
AQOMAW,Co12H24C40N16ClO4,120
SEGMEW,CdNiC7N6,56
TOWXEK,Zn3H54C66O17,132
LULXOG,Li4CoH24(C11O7)2,88
VARWIW_charged,Sm4H22C12N3Cl5O46,48
WOQTUT,FeH5C5O4,90
BETGIS,Ni12H8C24N32Cl9,72
ic5011133_si_002,Co4H12C36O25,144
SIVGUB,Zn2H13C25O12,100
NUYWEK,CdH14C20(NO)4,40
OKAYOQ,CaH20(C17O4)2,34
ANOMUM,CuH5C15NO6,60
DIVPUU,AgH6(C2N)4,24
CAVRAU,Zn5H31C36N9O13,144
ORAGEU,Gd3Re8C24(SeN3)8,48
HAHPIQ_charged,Ag8H60C84(N7O3)3,168
OVIZUP,Ni2H21C25N3O8,200
LIDSAU,CoNiH24C34N4O9,136
VARJAB,FeH20(C5N)6,120
YUYGOQ,Cd5H48C84(NO6)4,168
QUHYIB01,LaC5O11,20
XAQTIS,CoPO4,0
HABRAF_manual,CuH8(C9O2)2,432
cm303749m_si_002,ZnH13C22(NO2)2,44
SODZIV,Cd2H25C29(N2O3)2,116
XALPUY,Ag3H24C28(S2N3)2,112
HABKOM,VGa2(PO4)3,0
WUXMIL,Zr2P4O13F,0
IYICUP,LaCoH18C36(NO2)6,144
KAHKUB,KFe(CN)6,18
JUJZIZ,Co5P2H32C46(N4O9)2,46
COCMOY,Mn4Si2H32C56N32Cl,112
WIHCUM,NaH6C2(SO2)2,8
AWAWUR,Co3H14C30N4O13,180
UMOBEF08,CuH13C21O5,378
AKOHEO,Fe3Mo12P8(HO26)2,0
ic025743v_s1,CuC4,32
ELIYUU,Zn2P3H7C3NClO9,12
AWARIZ,ZnH6C2N5F,36
HGCNCO,CoHgC4(SN)4,16
VEQCAW_charged,Ba2GdH18C30S6N6ClO30,120
IVOGUX,Zn2H2C9N4O5,36
HURQUG,Ce2H12(C4O5)3,24
MUDKOM,Zn2H7C6N9O4,48
ja808995d_si_002,CdH26(C7O)4,672
COYTOA,SmH5C14(NO4)2,56
XICYUF,Zr15H20C80(S7O33)2,1920
UMUBAH,CuH15C22O5,396
ZOXFAV_charged,CdH24C30(N7O3)2,60
HAZWIP,CuNiH8(C3N2)4,48
SAKDEP,FeH18C24(N2O)2,192
ZEDQEG,CaHC3SO4,48
RUHDII,CdH6C6(NO2)2,48
am301365h_si_002,ZnH12(C2N)4,96
ESUVAR02,Co3H8C14(NO)6,28
AYUPOZ,Ni2S(OF)4,0
EXIBUI,BaVH4C8NO9,16
RAYFEE,Cu2H5C9SN7O4,54
VEQCEA_charged,Ba2SmH18C30S6N6ClO30,120
VELVIS,ZnH10(C7N2)2,252
AMEJOS_charged,FeCu6H72C36N13O15,72
SADVEB,UH3C8O5,64
VIWMAR,Nd2Cu2H5(C5O4)5,100
PUGSER,Zn4H17C32O15,128
ICIZOL,MnH12C20S2(N2O3)2,80
AXUDII04,KCo(CN)6,24
WUXLEI,LaBiC6(SN)6,12
ja0734952si20070516_030528,Cu3H25(C14O5)3,336
XUCSAR,YH2C7(NO3)2,28
CODVAU,CdH22C43O4,344
OHAZAZ,GdH12C12(NO3)3,24
XAPGUQ,Ag(C3N2)2,24
FUVDEH10,ZnH16C22(NO2)2,176
XOMZAC,Eu2NiH32C56(N2O5)4,56
AVESUR,Cd2H9C23O10,184
UNAGUN,ZnH3(C3O2)3,36
ZAVREV,ErH6C15NO9,120
TONTOH,CoH6(C3N)6,216
EVEGER,Yb2Mn3H18C42(NO4)6,84
cg501560z_si_003,MnCr(CO2)6,48
XAVFEH,AlC10O3,40
IYOCUW,Zn3H24C36Br7N12,288
HIWLOQ,Zn3P4(HO3)4,0
c5nj01930c_c5nj01930c2,Nd2H24(C14O5)3,168
KAYCIY,CaH3C7NO4,42
HUVHIR,Zn3P3H13C12(N2O5)3,24
EBIPOX,Zn2H8C11O7,44
QISJEJ,CdH38(C7N3)4,84
ELOZEK,P4H12Pb3C12(NO6)2,72
BEXVAD,Co2H14C18O11,72
XAHQAA,CuH16C28O5,224
NIKKAU,Eu4Cu3H72C144(N3O7)4,576
UMOVEZ,CuH13C21O5,378
PAQTIM,Cs2FeNiH24C53(N3O5)2,212
LIXWEV,Fe4P7(H2O7)3,0
RORTUP,Zn3H30C34(NO7)2,136
ROQNES,KCrN18,0
LUSJOZ,MnH8C13NO5,52
ULAQAB,ZnH27(C3O)12,144
BIYYEP_charged,Er3Mo18H96C121SN24(O28F)3,242
ELERIX01,La2Cu7H32C42I6N7O16,84
GOSDEZ,Cd3H36(C17O4)4,272
XAXBAB,MgH3(CO2)3,12
IJUTEM,AlPO4,0
GIHPEU,CoH20WC24(N2O)2,72
CUWVEX,EuH8C19N5O6,38
ja4015666_si_005,CdH7C15O7,60
DUXMAL,MnH8C14N2O5,112
FIFMOY,Co2H19C25N3O8,150
TIVYAZ,Co6H24C42N2O27,168
CORZIU,InH6C12(NO2)2,96
EPAXAW,ZnCoH24C30(NO2)2,60
DUFKAS,Ce4H45C81O19,648
SOZSIL,TbH15C24(NO)6,192
FURFIJ,Cd2H18C25S2(NO4)2,100
OKIXIQ02_charged,CdH36C48N12ClO4,192
IZEFEZ_charged,Cd7H176C240(N9O14)4,240
HANWAW,Cu3H16(C19O8)2,304
ja500618z_si_006,MnH3(CO2)3,12
AVEHAM,CuH21C29N2O5,116
HAJLUA,FeH28C22(SN5)2,66
QETCUO,GdH9C18(NO2)3,36
YAZYIJ,PrH6(C4O3)3,48
QOFCEV,AgH12(C3N)6,288
QOBWEJ01,ZnPO4,0
SOJKOT01,CoH3(CO2)3,12
COWMUX,TmH9(C3O2)3,36
ROYREE,Ho2H42(C23O6)3,276
EXURUM,EuZnH10C22(N2O9)2,88
CAZNOI_charged,Co3H52C70(N2O7)3,140
KALFEK,Ni2H30C40N4O9,320
LEWMUX,Cd2SiH16(C7O2)4,112
MOCHUI,GdPHCO5,2
FUQJUX,Cu3H12C18N15O,144
PUBSAH,CuH5C13(O2F)2,234
VEWKUF,Zn3H64(C53O8)2,212
ZURQOS,CdNiH10(C2N)6,12
DAWBIO,CoH7C9N2O5,36
AXINEA,LaH20C24(NO2)4,384
MAKFIQ,Eu3H22C52N9O20,104
FUNGAY,CoH22C31(N5O)2,248
OYERIV,Mn3Cr6H48C72N12(Cl3O13)2,144
RUSWUZ,NdH12(C4O)6,48
QOGZET,Ga4P7(HO3)7,0
MUVROM,Co3H14C28(NO2)6,448
YEMFOM,Zn3P4H3O16,0
NAWHOL,La2H18(C5O4)3,30
HIFVOI,ZnH6(C3N2)2,96
QESLOQ,InPCO6,8
EDAVOV,CuH7C9NO3,54
ZIJSAO,TbH24(C11O2)4,528
VEHXEN,Pr20Sb60H24C72S12Cl41O138,144
MUVHAN,ZnH16(C17N5)2,68
TENLIJ,Zn4H36C53(N2O5)4,106
CEHLAD,ZnH2(C3O2)2,144
VOTKEW,CdH8C13N5O2,104
REBROG,Mg2Al(PO4)4,0
KONFEA,La2C12S3(NO2)6,24
BIBXOB,Ni4H27C48(N4O)3,96
TONWUO01,ZnC24(NO2)4,192
MUXJAQ02,EuH3C8NO6,32
ILIGEP,NdH6(C3O4)3,18
QOCRUW,LaH6(C2O)6,24
WAPTIT,Eu2AsP2H4W11C2O37,8
UXABUR,YH8C9O7,36
OKILUR,Cd2H8C19N3O10,76
RUGJOU,HoH4(CO2)4,16
VIXPUP,Cu2H8C18N2O11,216
LAWGIA,Zn4H12C24O13,48
REFHUH,CdH26C22(NO)4,88
CERMIV,Pr2H12(C4O5)3,24
GOSBOH,CuH20(C7N6)2,42
HAZSIL,Cu2P2H9C7(NO3)2,28
ic800131r-file003,CoH12C16N3O2,64
HIQNAY,Zn3H20C29N3O8,116
EGAGEA,GdH12C9(SO2)3,18
GUBVUU,CoH12C15N4O3,60
XICYIT_SL,Zr6H14C30S5O28,120
HEGNOX,ZnGa3P4H26C8(N3O8)2,72
SALROO,ZnC18N(ClO)4,144
ENISOK,Cd2SiH16(C7O2)4,56
VUHNUJ,Zn5H24C36(I5N6)2,288
WEFCAN,FeH24C27S2(N3O2)2,54
MEQHUL,CdMo6P4O25,0
IMAGAG,ZnH18(C7N2)2,56
ic5b00096_si_002,Zr3Cu3H18C36N6(Cl3O16)2,288
ECAHAT,ZnH24C30(NO2)2,90
BELVEV_charged,Mn3P2H40C48(NO8)2,96
WUPZUE,Zn2H4C12O7,24
SATROV,Gd(CO2)4,8
UMOBEF,CuH13C21O5,378
OGESOJ,Bi(CO2)4,16
NEVPOU,Cu3H16C16(N12Cl)2,64
NEBNOZ,ZnH14C22NO4,88
DITJIB,Hf3H32C53O12,106
AHEBAS,Cu3H30C38(N2O7)2,152
KUTDAG,CdCoH34C30(NO3)2,480
RIYXIG,Ag3H24(C3N2)4,24
VEHNAZ_charged,Co3H33C38N12ClO7,152
TEZKAM,Zn3H36C54(NO6)2,216
VUNYUZ,Zn2H4C8O9,192
VALXAK,Mg3H9C24N3O13,192
LAWHEZ,Eu3Zn6H40C62(N9O14)2,248
OHEMIX,AgH8C5(NO)2,20
TIKMEH,Cd2H16C27N3O8,162
ic5028256_si_002,ZnH10(C2N)4,48
TUGSOE_charged,Cd3H104C84(N11O6)4,84
LODKIA,CdH10(C11O4)2,88
MONQIR,LiC6N4F3,48
OREZUI,Zn9H60(C48O13)2,384
SETQUF_SL,FeH5C8O5,32
ELIKUG,GdH7C15O7,30
WAHNOL,CuH20(C7N)4,168
DIRPIF,ZnH18C33NO6,132
QUSCAJ,Li2Cd3H48(C3O)16,96
NOBWEI,CuH28C24(NO2)2,288
OQEPUW,Cd2H6C19(O4F3)2,114
EJETAQ,NaEu3C54(N6O13)2,216
WECJIZ,Zn6H204C179S12(NO3)8,358
TIZVIH_charged,CuH16C20N4ClO4,40
YUNKIC_charged,Cu4Si3H28C28N16(OF6)3,112
TOWMEZ,Fe3H27C54Br9O13,108
HOGQAX,YbH3(C5O4)2,80
SOMFEG,InH4C12(SO4)2,48
QIWPET,Mg5H6(C10O9)2,20
FEFCUQ,ZnH12C19NO4,76
MOCHOC,EuPHCO5,2
QOFCOF,AgH12(C3N)6,288
IXAMIE,FePO4,0
LAGHIL,CuH8C12(NO2)2,36
YIWLEV,Cd3(C4N3)2,8
IFEPUG05,ZnH16C22(NO2)2,176
AQALOU,SrGd2H2C8O17,32
KIYMEM01,BaH6(C3O)4,48
EDUVOO,Zn4H24C54O13,108
QOZPIG,CdH8C14(N4O3)2,56
SAQQEH,HoH12(C7O2)3,84
IDAGEA_charged,Cu2H36C38(NO)7,76
XISKUF,Al4P4O17,0
HAFQUC,AlH5C8O5,32
WIHVEP,MnH2(CO2)2,24
LIFWOO,ZnSiH28C40(N2F3)2,160
BAFCAP,Zn3H86(C47O16)2,94
XALBIW,Mn3H36C41N8O9,328
NIKJIB,ErH24C48(NO2)4,192
MOXPEV_charged,Cu2B3H48C50N8(O2F3)4,100
MAGVOG30,AgH8(CN)2,8
GUJGAU,La2P5H40C23N5O19,46
VALVIQ,GdCoH2C8(NO5)2,64
IHIMAP,LaH6(CO)6,24
AQOTIK,FePt(C4N)6,24
RUSXAG,GdH12(C4O)6,48
MAFFUW,Cu6H76C91(NO18)2,364
BAXFIR02,FeH12(CN2)12,24
QOPCEE,Mn5P4H8(CO3)8,8
XENMIO_SL,Zn5H26(C21O10)2,42
ALURAB,Co3H68C76(N7O9)2,152
UQEGEE,V4Co5Mo12PH72C60S2(N6O11)4,480
RIWMUH,CuH12(C8O3)2,128
YAVVUP,DyH7C14(NO3)2,56
ic502643m_si_009,Zn4H19C38N2O17,152
AVAGIP,AgH12C17N6,272
ROQMER01,NaCrN18,0
XEKJUT,CuC22(N2O)2,132
ZAVPET,LaH6C15NO9,120
GIRYIR,Zn3H28C40(N3O7)2,80
c5cc06190c_c5cc06190c2,ZnH3(CO2)3,12
ZARPUF,UP2H2CO6,6
HEBKEG,CdH11C9N2ClO3,36
BENZOL,SrH8C18N6O,36
XICVUB,Cu2H20(C4N3)5,80
DOYLEI,CdNiH12(C4N3)2,16
YURKIG,Pr2H18C42(SO6)3,168
XAWVUN,CuH10C17NO4,68
XIWKUJ,Zn7(PO4)6,0
DIVNIH,Nd2C3(SO7)2,6
MASMIC,CuH8C11N3,22
UMOYOM08,CuH10(C5O)5,450
NUCYIV,DyH13C17O8,68
YARDEC,ZnH18C22(NO)4,44
GITTUZ,ZnH7C10N5O2,240
APARAM,MnH18C30N2(O2F3)2,90
LIWFUS,V2P2H4C2O7,4
c6ce00407e_c6ce00407e4,Zn4H68C132O13,792
SINZIA,CoH21C26(NO2)2,104
REXFIL,ZnH8C12(IN2)2,144
MUGFOK,Ni2MoH52(C9N4)4,72
ENITOL,Zn3Si2H32(C7O2)8,224
IBOTAU,Zn7(PO4)6,0
XANMIJ,Co3H12C20(N8Cl3)2,20
PUPNAQ,ZnH13C20(NO2)2,80
JIVSEN,Sm2CuH16C28(NO6)2,56
UMALUQ,Ag2Sn2B22H28(C4N)3,96
BETFIR,CeH11C17NO8,136
HOZXEB,Cd9H16C8N40Cl9,32
POHCOG,FeAg3H12(C3N)7,168
VIXGAM,Zr(CO2)2,8
LEGGOU,Zn5H20C32(NO)12,128
FIWJIG,Cu3H70C46(NO2)4,184
YODRAM,Co9H72C108(N9O19)2,108
ARUJED,MnH14C15N5O4,120
COKFAK,CoH45(C5N)10,100
MIHHAN_SL,ZnH6(C5N4)2,480
LUJPUC,Ni3H4(C5O4)4,40
SARNOQ,ZnHC4N11,24
AFEJOK_ion_b,Cu2P3H32C40N9(OF6)3,40
DALSUH,DyH6C15NO8,120
ILEPEW,Ba6LaH63C109O35,218
IFEPUG06,ZnH16C22(NO2)2,176
EVUQUI,NdH8C15NO7,30
VETTAR_charged,Ni13H216C288(ClO8)6,576
VEJYIT01,ZnH6(C3N2)2,96
jp102463p_si_004,CrH4C8O5,16
COKMIA,CoHC4O3,72
VODPOU,Mn3H8(C6N11)2,96
HUXHEP,Cd3H20C34(NO2)7,68
LUFNAC02,MnH10C14(NO2)2,56
AXUHIL,Cd2H60C51S4NO12,204
KOSLUB,NiHC4O3,24
FOHCAH,MgH8(C5O3)2,20
ROLCEC14,CuH3(CO2)3,18
OKUTEV,CuH10C20NO4,960
LUKRIS,CoP2H20(C3O)8,96
IROROY,CdH7C12(NO2)2,96
MICPEU,CdH24C36(NF2)4,72
KUJMEJ,CdH2(C3O2)2,36
MULXUO,Cd2H18C27NO12,216
VUJBOS,Cu3H33C60NO12,1920
RINPEJ_charged,CdH24C30N5O8,120
EDIKEH,YH8C7NO8,14
QABKIQ,LiP2C6(NF)6,24
RAVWUI,ZnH19C23O3,138
IFOSIG,CeZr(CO2)8,24
MAGVOG29,AgH8(CN)2,8
MATPOP,TbZnH14C24N4ClO9,192
UVUQOT,ZnH8C12(IN)4,288
WEBKOD,Cd3H20C30(NO2)5,60
XIHSEN,CoH6(C3O)4,72
NITADY,DyC6NO6,48
CAZNUO_charged,Co3H52C70(N3O10)2,70
FEJDEE,Zn3P4(HO3)4,0
TAKGUK,CeCu4H24C36I4(NO2)3,72
ADOBOL_charged,V16Co2H32C40N8ClO38,80
UMABIV,Cd3H17C24N4O9,96
NANMAS_charged,LaMgH12(C4O5)3,96
YIWNAT,Cd3(C4N3)2,32
DONNIE,GaH4C8O5,32
c5dt02651b_c5dt02651b2,Co4P3H20C24N9O26,48
POLBEX,Ga8P8(O11F)3,0
ICIKIP,Cd8C56S13,3584
QOFDIA07,AgH12(C3N)6,288
NAHGUB,ZnH3C9(NO)4,36
MATFIY,Ag7H20(C6N5)5,60
NUCYAN,EuH13C17O8,68
EROCIZ,U2H107C102N51O31,204
OFESAU,Gd2Cu3H30C24(NO4)6,48
PEZCII,LaH15(C9O2)3,243
CUSXIY,Zn5H36(C9O2)8,576
NARPEE,Tb2H5C14(NO4)3,56
COKNAT,ZnHC4O3,72
BAXFUD,FeH12(CN2)12,24
AMUXAI,Cu3H26C42(NO3)4,84
MOFBIU,CdH28C36(NO3)2,144
NOCLOH,SrH4(C2O)4,24
BIBXIV,Ni4H15C60N12(OF24)3,480
BEPVID,Cu3H21(C5N2)4,40
LAQZOV,CeH5C11NO7,88
XOBDUO,Ag4H16C20N4Cl,40
UMOYOM18,CuH10C26O5,468
OCUTEM,V2P2H7C3O7,24
KEHDOS,AgH18(C7N3)2,56
YOYREL,Mn2H39C63(N2O)6,126
WUNVIL_charged,CdH36C48N12ClO4,192
FAVGIV,Sm2H24C26O17,52
UTEWOG,NiH6(C5N2)2,120
OXANOR,Co3H21C28N4O9,112
BUVWOF03,FeH16(C12N5)2,144
UZOBAO,PrH16(C5O)6,60
XAVDUV,AlC10O3,40
KOBFIR,CdH6(C3N)6,108
YOBYAR,ZnNiH10(C11O4)2,176
SOBTUY,Cd2Pd(C5N)8,160
CUQRIR,ZnH11C12N3O2,96
DOJXIK,LaH8(C2O)8,64
VAMYIU,Cu4H56Pd4C85N9O20,340
OYEBIE,ZnH16C20(NO2)2,80
RATNIL_charged,Cu3H36C44S4(N10O7)2,88
ROCZIU,Cd3H16C24(N5O4)2,48
VAKLIF,CdH24C23(NO3)2,184
QOKCID,ZnH7C12O5,48
LEJCEK,Zn8H120(C27O10)5,270
OPOZEZ,CdH22C29(NO)4,232
OPOBOL,BaH6C12(NO3)2,24
IXUQUO,ZnH13C16N4O3,256
NAVJAW,CoHC4O3,24
LAWHEZ01,Eu3Zn6H40C62(N9O14)2,248
cg900153m_si_001,Zn7H48(C12O5)6,288
GOYYIE,YbAgH8C14(NO4)2,56
COKQEA,CoHC4O3,72
GAHWIX,Zn4H36C60N6O19,480
CAWBUY,Cu2B2H50(C10N3)5,50
XINHOT,La2H24C39N2O13,78
NEVQAH_charged,Cu3HgH16C16(N4Cl)6,64
CAJHUS03,FeH3(CO2)3,6
FELVOJ,CaEuH12(C4O5)3,96
MAZSUD,Zn3H12C20(N3O4)2,20
cm503311x_aloh425K,AlC8O5,32
LAPMUN,InH20C28(N3O4)2,448
MOBBAI,NiH3C71N2O15,142
ARINOF,CuH20(C3N)8,48
REXCOO,ZnH8C12(IN2)2,144
SARGOJ,FeHC4O3,72
j.inoche.2015.05.017_inc05998-mmc2,Cu2H24C43SN3(O2F3)4,172
VASFAZ,CeH3C9(NO2)3,18
RUGPEQ,Cd3H28C46(NO4)3,368
YINPEQ,CdH4C8ClO4,64
BERFIP,Zn3H8C14(NO)8,28
ZOXNAD,Ca2H18C26S2N2O17,104
RAVXOD,MgH59C53O3,318
ASINAT,Zn3H58C90(N2O3)4,180
SOQHIR01,Tb(C2O)8,128
MOLKAB,CaCdH8(C2O)8,128
FIJDIM,MnH4(C2O)4,48
UMODEH20,CuH15C22O5,396
ULOJUC,Zn3H24C36(I2N3)4,288
ZIJVOF02,CuH6C6(NO)2,48
LASRIJ,CoCu3H3(CO2)9,36
UNIMAG,Mn9H58W6(C2N)58,464
YAZZEG,Dy2H9(C4O3)5,40
jz4002345_si_005,Ti3H14(C3O2)8,48
VEGMOK01_charged,Zn3H40C40(NO8)2,80
MAQMEZ,ZnH15C25NO4,100
UMELUU,CdC2(N2O)2,16
WARFAY02,ZnH20C16NO4,128
cg901312t_si_002,Zn4H24C45O13,1080
XUHVON,ZnH5C13(N2O3)2,52
QUSRON,UH4C5(NO2)2,60
HOMZEP,Ga12H18C54O49,108
TORKES,TbH16C24NO8,96
POVZOR,Eu2Cu5Si2H36W22C44(N10O33)2,44
REZJIR02,MnH3(CO2)3,24
ABETAE,U5(PO4)4,0
WEVZUT,LaP4H17C12(NO3)4,96
MUTNAQ,AgH12C14N4O,56
LUFNAC03,MnH10C14(NO2)2,56
IJEYON,CuH12(CN2)12,24
VEHLEA,Zn3P4(HO3)4,0
GUXSEY,EuH6C14(NO4)2,224
PIZPIX02,ErH3(CO)6,24
HUXWAY,Tb2Cu3H24(C4O5)6,48
VAMZAN,Cu4Ni2H100C109(N7O10)2,436
CIXBUH,ZnH8C12(IN2)2,288
ADABIS,Cu2H14C17(N5O2)2,34
XEGKIF,GdH11C27N7O19,108
HEMTEZ,Ni3Mo12P8H16C20(N2O25)2,80
BUVYIB,FeH16(C12N5)2,72
ic8008859_si_001,K3Co2H132(C7O)24,336
CUWZIF,EuH13C21(NO3)2,84
FUSMOW,AgH8C11N2O,198
BASSUL,ErAgH8C18(NO2)4,144
QITDEE,Cd2H52C41(N3O4)2,82
ISIKIF,CoH5C9O5,72
USOXIL,Zn2Cu3H36C34N23,136
TAKTIL,GaH4C8O5,64
CIQQIE,La3H77C123N2O19,738
ECUFAL_charged,CsU3P4H8C4O23,8
CUFJUK,Co3H12(C11O5)2,44
POVZUX,Sm2Cu5Si2H36W22C44(N10O33)2,44
JUKPAI,KCu5P5H23W20C27N21O58,108
OXALEF,MnH16(C11O4)2,66
KULLEK,Co5H45C99O20,396
EVUQOC,LaH8C15NO7,30
OPAPUR,DyH18C15S3(N2O)6,30
YAZZAC,Gd2H9(C4O3)5,40
CAVNOE,ScC8N4O13,32
WASTUG,La4Mo12PH6(C9O20)2,36
TUFSUK,TbH3C8NO7,32
FUZKAN,Ni2H30C34N4O13,136
ODIVUU,Zn2H10C18N5O8,72
IBASUB,Sm2Cu3H30C24(NO4)6,48
MOYMET,CoH14C12O5,96
OSUPUP,TbH18C24(SO)6,192
SOVHAM,CdNiH16(C2N)6,12
RIFSOQ,CoH16C26(SN5)2,1248
FATKIW,SmH4C7(NO3)2,56
ALALUU01,Pr2H6(C3O4)3,18
MIKJAR,Ga2P2H13C4N3O8,24
VABMAN,AgH24(C4N)4,64
AFIXES,CoH6(C3N2)2,120
ROQMER02,NaCrN18,0
GAJTUI,TbH9C18S3(NO2)3,144
ACOLOV,Cd3H40C52O19,208
LELMIA,SrH2C6SO4,24
YARSIV,Zn3H20C30(N2O3)4,60
SIVQAR,Cd2H8C12S(NO4)2,24
EFAYIU,ZnH9C22O5,352
UMODEH08,CuH15C22O5,396
JEMNAR,NiH7C9NO5,36
INIRAA,CoMo2H14C22N3O5,88
QEBKUF_SL,Zn12H148C243O56,486
NIHBAI02,FeH2(CO2)2,24
j.inoche.2015.03.054_CIFs,CdH4(CN)8,64
ic8004536-file004,V2CuMo12PH24C24(N6O17)2,24
YOBYEV,Zn5Co3H40(C11O4)8,352
HUCXUA,ErH12C21(NO2)3,84
YIWMEW,Cd3(C4N3)2,16
OSUWEF,Na2ZnH16C28(SO6)2,112
ILEHUD,Zn3P4H8(C2O7)2,32
HAWVAE,GdH4C12(SO4)2,48
OLUROC,InH4C12(NO2)4,216
BINROH,CuH14(C13O2)2,624
WANRIM01,Al4P4O17,0
NOHSIM,Zn(PO4)2,0
GUHMIH,CuH28C28(N2O)4,336
OCUMOR,Mn2H6C16N2O13,128
QUGPAJ_charged,NdRe6H14C15Se8(N3O2)3,90
GETXAG01,Co3H26C28(N10O)2,56
PENNON,CoH3C9O5,72
ic402692p_si_004,ZnH2(C3O2)2,108
CAXTEC,Al2C11(NO2)4,198
IYIGEC,Ag2H22C11S2(N2O3)2,44
KANDAG,ZnH9C16NO4F,64
JUYBEM,Cd3H28(C13O4)4,104
WARFAY05,ZnH12C16NO4,128
ic502643m_si_003,Zn4H16C34O15,136
NISBEX,LaH12C18(N3O2)3,72
ZEZPUR,DyH9C18(NO2)3,36
ZALDUO,Ni2W(CN)8,32
XOVVIO,Zn7H28C44(N9O10)2,44
UJUPUM,Zn7H36(CN2)24,96
CANROA,Co3Si2H32(C7O2)8,112
EBAVUB,Ni3H38C60(NO)12,240
FERVEF,FeH8Au2(C2N)8,144
MOLQEL,ZnH3(C2O)4,64
QODPOQ,AgH12(C3N)6,288
JUGQOT,TbH5C9NO8,36
GURPIT,MnCr7(CO2)24,48
OKITIM_charged,CdH36C48N12ClO4,192
LEQQII,CuH14C15(NO)2,180
BEFNAD,GaCo4(PO4)5,0
OTOZEE,ZnH28C27(NO2)2,108
BEPNUH,ZnH11C9Br(NO)2,54
SUXYEQ,DyH16C16(NO)8,128
YIWLIZ,Cd3(C4N3)2,24
GOZNAM,Mn3H30W2(C26N11)2,104
FIGXAU,ErH3(CO2)3,3
EWUKEO,Zn2CoH5C15O11,90
MIFTUS,Gd2CoH24C48(NO2)8,384
BORBEQ,NaNiH33(C7O6)3,84
ZEFVOX,Nd2Co3H16C40(NO3)8,80
UMOYOM07,CuH16C23O5,414
VAKRIK_ion_b,Co3H26C34(NO8)2,68
OYAJIJ02,Gd9H88C96(N3O20)2,192
LORNEL,Cd2C7N,21
SIZGIS,CdH3(C3O2)3,72
RALZEL,SmV2H24C44S4N4O13,88
SEQSOY,CoH7C13NO4,78
ASAHEJ,U5H28C24(N3O11)2,48
ZULVEJ,Be3P4(HO4)4,0
FAHQIR,Co3H38C50(N2O7)2,200
OFAMUF,CoH15C29N3O4,116
GALJAG,InH16(C7O2)4,112
FILYAC,Co3H14C23O11,184
WOBQEL,MnH11(C11O2)2,176
JUMCOL,VH4C8O5,32
VUKJOC,Tb4H50C84O31,336
DOPHOH,CuH5C7NO5,672
GOBGAG,CdH6C10(NO)4,240
FIGVUN,Zn2P3(HO3)4,0
XUQWEL,La2S4O17,0
WORLAS,Zn4H18C36O13,144
UCEXIK,HoH6(C2O)6,72
CEXHET,FeAgH30(C14N3)3,504
FOWTOC,NdH40C40N6ClO10,160
LAPLOG,InH20C26(NO2)4,416
SUKKOZ,K4P8Pt2IO20,0
XOMHEO,Zn8H18C50O31,200
URUWIP,Cu2H13C21N10,168
WILGUV,Ni2H46C51N8(O4F3)2,102
ELERIY,Cu2H9C25NO8,600
EHAFEA,Yb2U3H6(C5O4)6,30
EJOZOU,CuH15C16N3O5,256
FUVDEH03,ZnH16C22(NO2)2,176
TADWOM,Ti3Zn4H76(C9O2)12,432
CUMKIG03,CoH42(C7N2)6,42
GEBSAJ,InH9C14N8O21,56
WABVIF,Cu(CO3)2,8
XANZAQ07,CuH12(C7N3)2,56
SIKJOM,Cu3H30C30(N2O5)2,60
SOCKOM,CdH11C18(NO2)2,36
HELDEJ_SL,Zn3H50C48(N9O10)2,48
VOBGEA,Tb2Zn19H54C54N72(Cl2O9)4,108
IBUYAH,Zn2H23C37N7O8,148
YOCSEQ,GdH3C6O7,12
YOGKEM,Zn3H21C47O16,188
HUZXOR,Zn2H41C56(NO6)2,448
OTAVOV,LaH18C24(NO3)2,96
RAVFAX,ErH8C17O8,136
ic400853r_si_002,NaCuH12(C3O)8,96
OFOCUI,CuH3C8NO4,192
QIKYOA,Co3H16(C6N7)4,48
VAGTAB,ZnH15C26(N3O2)2,208
IRAJIV,Ga4P7(HO3)7,0
IYOCOQ,ZnH8C12(IN2)2,288
REKCUG,Zn3P4(HO3)4,0
SACDOR,ZnH8C12(IN2)2,288
CAHVAJ,V4(PO4)5,0
PIQMUZ,CeH50C78(NO6)2,312
YUZSUH01,V2P2O9,0
